ISO-10303-21;
HEADER;
/* Generated by software containing ST-Developer
 * from STEP Tools, Inc. (www.steptools.com) 
 */

FILE_DESCRIPTION(
/* description */ (''),
/* implementation_level */ '2;1');

FILE_NAME(
/* name */ 'updated finget band.step',
/* time_stamp */ '2026-07-18T21:28:59+02:00',
/* author */ (''),
/* organization */ (''),
/* preprocessor_version */ 'ST-DEVELOPER v20.1',
/* originating_system */ 'Autodesk Translation Framework v15.8.0.0',
/* authorisation */ '');

FILE_SCHEMA (('AUTOMOTIVE_DESIGN { 1 0 10303 214 3 1 1 }'));
ENDSEC;

DATA;
#10=MECHANICAL_DESIGN_GEOMETRIC_PRESENTATION_REPRESENTATION('',(#13),#3885);
#11=SHAPE_REPRESENTATION_RELATIONSHIP('SRR','None',#3892,#12);
#12=ADVANCED_BREP_SHAPE_REPRESENTATION('',(#14),#3884);
#13=STYLED_ITEM('',(#3901),#14);
#14=MANIFOLD_SOLID_BREP('Body1',#912);
#15=CYLINDRICAL_SURFACE('',#936,33.5);
#16=CYLINDRICAL_SURFACE('',#937,26.75);
#17=CIRCLE('',#930,33.7);
#18=CIRCLE('',#931,33.5);
#19=CIRCLE('',#933,26.55);
#20=CIRCLE('',#934,26.75);
#21=CONICAL_SURFACE('',#929,33.6,0.785398163397445);
#22=CONICAL_SURFACE('',#932,26.65,0.785398163397401);
#23=FACE_BOUND('',#165,.T.);
#24=PLANE('',#926);
#25=PLANE('',#927);
#26=PLANE('',#928);
#27=PLANE('',#935);
#28=PLANE('',#938);
#29=PLANE('',#939);
#30=(
BOUNDED_CURVE()
B_SPLINE_CURVE(3,(#1104,#1105,#1106,#1107,#1108,#1109,#1110,#1111,#1112,
#1113,#1114,#1115,#1116,#1117,#1118,#1119,#1120,#1121,#1122,#1123),
 .UNSPECIFIED.,.F.,.F.)
B_SPLINE_CURVE_WITH_KNOTS((4,2,2,2,2,2,2,2,2,4),(-11.103875002532,-10.9931497337888,
-10.8326383476165,-10.561401692701,-10.1296480022947,-9.6649566104498,-9.30750169364603,
-9.03253637302774,-8.85908964159214,-8.72070143611212),.UNSPECIFIED.)
CURVE()
GEOMETRIC_REPRESENTATION_ITEM()
RATIONAL_B_SPLINE_CURVE((1.,1.,1.,1.,1.,1.,1.,1.,1.,1.,1.,1.,1.,1.,1.,1.,
1.,1.,1.,1.))
REPRESENTATION_ITEM('')
);
#31=LINE('',#1103,#69);
#32=LINE('',#2154,#70);
#33=LINE('',#2206,#71);
#34=LINE('',#2339,#72);
#35=LINE('',#2440,#73);
#36=LINE('',#2518,#74);
#37=LINE('',#2540,#75);
#38=LINE('',#2541,#76);
#39=LINE('',#2603,#77);
#40=LINE('',#2753,#78);
#41=LINE('',#2771,#79);
#42=LINE('',#2840,#80);
#43=LINE('',#2873,#81);
#44=LINE('',#2925,#82);
#45=LINE('',#2995,#83);
#46=LINE('',#3001,#84);
#47=LINE('',#3044,#85);
#48=LINE('',#3046,#86);
#49=LINE('',#3048,#87);
#50=LINE('',#3049,#88);
#51=LINE('',#3053,#89);
#52=LINE('',#3059,#90);
#53=LINE('',#3108,#91);
#54=LINE('',#3116,#92);
#55=LINE('',#3176,#93);
#56=LINE('',#3186,#94);
#57=LINE('',#3250,#95);
#58=LINE('',#3346,#96);
#59=LINE('',#3412,#97);
#60=LINE('',#3555,#98);
#61=LINE('',#3591,#99);
#62=LINE('',#3600,#100);
#63=LINE('',#3678,#101);
#64=LINE('',#3703,#102);
#65=LINE('',#3814,#103);
#66=LINE('',#3835,#104);
#67=LINE('',#3877,#105);
#68=LINE('',#3879,#106);
#69=VECTOR('',#942,10.);
#70=VECTOR('',#945,10.);
#71=VECTOR('',#946,10.);
#72=VECTOR('',#947,10.);
#73=VECTOR('',#948,10.);
#74=VECTOR('',#949,10.);
#75=VECTOR('',#952,10.);
#76=VECTOR('',#953,10.);
#77=VECTOR('',#954,19.5427269718831);
#78=VECTOR('',#955,19.3478162452788);
#79=VECTOR('',#956,18.8975396519815);
#80=VECTOR('',#957,10.);
#81=VECTOR('',#958,10.);
#82=VECTOR('',#959,10.);
#83=VECTOR('',#960,10.);
#84=VECTOR('',#961,10.);
#85=VECTOR('',#964,10.);
#86=VECTOR('',#965,10.);
#87=VECTOR('',#966,10.);
#88=VECTOR('',#967,10.);
#89=VECTOR('',#970,10.);
#90=VECTOR('',#977,10.);
#91=VECTOR('',#982,10.);
#92=VECTOR('',#983,10.);
#93=VECTOR('',#984,10.);
#94=VECTOR('',#985,10.);
#95=VECTOR('',#986,10.);
#96=VECTOR('',#987,18.6437915891981);
#97=VECTOR('',#990,33.5);
#98=VECTOR('',#991,10.);
#99=VECTOR('',#992,10.);
#100=VECTOR('',#993,10.);
#101=VECTOR('',#994,10.);
#102=VECTOR('',#995,10.);
#103=VECTOR('',#996,10.);
#104=VECTOR('',#997,10.);
#105=VECTOR('',#1000,10.);
#106=VECTOR('',#1003,10.);
#107=FACE_OUTER_BOUND('',#159,.T.);
#108=FACE_OUTER_BOUND('',#160,.T.);
#109=FACE_OUTER_BOUND('',#161,.T.);
#110=FACE_OUTER_BOUND('',#162,.T.);
#111=FACE_OUTER_BOUND('',#163,.T.);
#112=FACE_OUTER_BOUND('',#164,.T.);
#113=FACE_OUTER_BOUND('',#166,.T.);
#114=FACE_OUTER_BOUND('',#167,.T.);
#115=FACE_OUTER_BOUND('',#168,.T.);
#116=FACE_OUTER_BOUND('',#169,.T.);
#117=FACE_OUTER_BOUND('',#170,.T.);
#118=FACE_OUTER_BOUND('',#171,.T.);
#119=FACE_OUTER_BOUND('',#172,.T.);
#120=FACE_OUTER_BOUND('',#173,.T.);
#121=FACE_OUTER_BOUND('',#174,.T.);
#122=FACE_OUTER_BOUND('',#175,.T.);
#123=FACE_OUTER_BOUND('',#176,.T.);
#124=FACE_OUTER_BOUND('',#177,.T.);
#125=FACE_OUTER_BOUND('',#178,.T.);
#126=FACE_OUTER_BOUND('',#179,.T.);
#127=FACE_OUTER_BOUND('',#180,.T.);
#128=FACE_OUTER_BOUND('',#181,.T.);
#129=FACE_OUTER_BOUND('',#182,.T.);
#130=FACE_OUTER_BOUND('',#183,.T.);
#131=FACE_OUTER_BOUND('',#184,.T.);
#132=FACE_OUTER_BOUND('',#185,.T.);
#133=FACE_OUTER_BOUND('',#186,.T.);
#134=FACE_OUTER_BOUND('',#187,.T.);
#135=FACE_OUTER_BOUND('',#188,.T.);
#136=FACE_OUTER_BOUND('',#189,.T.);
#137=FACE_OUTER_BOUND('',#190,.T.);
#138=FACE_OUTER_BOUND('',#191,.T.);
#139=FACE_OUTER_BOUND('',#192,.T.);
#140=FACE_OUTER_BOUND('',#193,.T.);
#141=FACE_OUTER_BOUND('',#194,.T.);
#142=FACE_OUTER_BOUND('',#195,.T.);
#143=FACE_OUTER_BOUND('',#196,.T.);
#144=FACE_OUTER_BOUND('',#197,.T.);
#145=FACE_OUTER_BOUND('',#198,.T.);
#146=FACE_OUTER_BOUND('',#199,.T.);
#147=FACE_OUTER_BOUND('',#200,.T.);
#148=FACE_OUTER_BOUND('',#201,.T.);
#149=FACE_OUTER_BOUND('',#202,.T.);
#150=FACE_OUTER_BOUND('',#203,.T.);
#151=FACE_OUTER_BOUND('',#204,.T.);
#152=FACE_OUTER_BOUND('',#205,.T.);
#153=FACE_OUTER_BOUND('',#206,.T.);
#154=FACE_OUTER_BOUND('',#207,.T.);
#155=FACE_OUTER_BOUND('',#208,.T.);
#156=FACE_OUTER_BOUND('',#209,.T.);
#157=FACE_OUTER_BOUND('',#210,.T.);
#158=FACE_OUTER_BOUND('',#211,.T.);
#159=EDGE_LOOP('',(#538,#539,#540,#541));
#160=EDGE_LOOP('',(#542,#543,#544,#545));
#161=EDGE_LOOP('',(#546,#547,#548,#549));
#162=EDGE_LOOP('',(#550,#551,#552,#553,#554));
#163=EDGE_LOOP('',(#555,#556,#557,#558,#559,#560,#561,#562,#563,#564,#565,
#566,#567,#568,#569,#570,#571,#572,#573,#574,#575));
#164=EDGE_LOOP('',(#576,#577,#578,#579,#580,#581,#582,#583));
#165=EDGE_LOOP('',(#584,#585,#586));
#166=EDGE_LOOP('',(#587,#588,#589,#590));
#167=EDGE_LOOP('',(#591,#592,#593,#594));
#168=EDGE_LOOP('',(#595,#596,#597,#598));
#169=EDGE_LOOP('',(#599,#600,#601,#602));
#170=EDGE_LOOP('',(#603,#604,#605,#606));
#171=EDGE_LOOP('',(#607,#608,#609,#610));
#172=EDGE_LOOP('',(#611,#612,#613,#614));
#173=EDGE_LOOP('',(#615,#616,#617,#618));
#174=EDGE_LOOP('',(#619,#620,#621,#622,#623,#624));
#175=EDGE_LOOP('',(#625,#626,#627,#628,#629,#630,#631,#632));
#176=EDGE_LOOP('',(#633,#634,#635,#636));
#177=EDGE_LOOP('',(#637,#638,#639,#640));
#178=EDGE_LOOP('',(#641,#642,#643,#644));
#179=EDGE_LOOP('',(#645,#646,#647,#648,#649));
#180=EDGE_LOOP('',(#650,#651,#652,#653));
#181=EDGE_LOOP('',(#654,#655,#656,#657,#658));
#182=EDGE_LOOP('',(#659,#660,#661,#662));
#183=EDGE_LOOP('',(#663,#664,#665,#666));
#184=EDGE_LOOP('',(#667,#668,#669,#670));
#185=EDGE_LOOP('',(#671,#672,#673,#674));
#186=EDGE_LOOP('',(#675,#676,#677,#678));
#187=EDGE_LOOP('',(#679,#680,#681,#682));
#188=EDGE_LOOP('',(#683,#684,#685,#686));
#189=EDGE_LOOP('',(#687,#688,#689,#690));
#190=EDGE_LOOP('',(#691,#692,#693,#694));
#191=EDGE_LOOP('',(#695,#696,#697,#698));
#192=EDGE_LOOP('',(#699,#700,#701,#702));
#193=EDGE_LOOP('',(#703,#704,#705,#706,#707,#708,#709,#710,#711,#712,#713,
#714,#715,#716));
#194=EDGE_LOOP('',(#717,#718,#719,#720,#721,#722,#723,#724,#725,#726,#727,
#728,#729));
#195=EDGE_LOOP('',(#730,#731,#732,#733,#734));
#196=EDGE_LOOP('',(#735,#736,#737,#738,#739,#740,#741,#742));
#197=EDGE_LOOP('',(#743,#744,#745,#746,#747));
#198=EDGE_LOOP('',(#748,#749,#750,#751));
#199=EDGE_LOOP('',(#752,#753,#754,#755));
#200=EDGE_LOOP('',(#756,#757,#758,#759,#760));
#201=EDGE_LOOP('',(#761,#762,#763,#764));
#202=EDGE_LOOP('',(#765,#766,#767,#768));
#203=EDGE_LOOP('',(#769,#770,#771,#772));
#204=EDGE_LOOP('',(#773,#774,#775,#776,#777,#778));
#205=EDGE_LOOP('',(#779,#780,#781,#782));
#206=EDGE_LOOP('',(#783,#784,#785,#786));
#207=EDGE_LOOP('',(#787,#788,#789,#790));
#208=EDGE_LOOP('',(#791,#792,#793,#794));
#209=EDGE_LOOP('',(#795,#796,#797,#798,#799,#800,#801,#802));
#210=EDGE_LOOP('',(#803,#804,#805,#806,#807,#808,#809,#810,#811));
#211=EDGE_LOOP('',(#812,#813,#814,#815,#816,#817));
#212=B_SPLINE_CURVE_WITH_KNOTS('',3,(#1027,#1028,#1029,#1030),
 .UNSPECIFIED.,.F.,.F.,(4,4),(-0.858100326405354,-0.730393479314326),
 .UNSPECIFIED.);
#213=B_SPLINE_CURVE_WITH_KNOTS('',3,(#1032,#1033,#1034,#1035),
 .UNSPECIFIED.,.F.,.F.,(4,4),(-0.194593354970836,-0.108276894937814),
 .UNSPECIFIED.);
#214=B_SPLINE_CURVE_WITH_KNOTS('',3,(#1037,#1038,#1039,#1040),
 .UNSPECIFIED.,.F.,.F.,(4,4),(-0.297123465281095,-0.041593220657025),
 .UNSPECIFIED.);
#215=B_SPLINE_CURVE_WITH_KNOTS('',3,(#1041,#1042,#1043,#1044),
 .UNSPECIFIED.,.F.,.F.,(4,4),(-0.186152159132695,-0.0557519718904151),
 .UNSPECIFIED.);
#216=B_SPLINE_CURVE_WITH_KNOTS('',3,(#1087,#1088,#1089,#1090),
 .UNSPECIFIED.,.F.,.F.,(4,4),(-1.,0.),.UNSPECIFIED.);
#217=B_SPLINE_CURVE_WITH_KNOTS('',3,(#1092,#1093,#1094,#1095,#1096,#1097,
#1098,#1099,#1100,#1101),.UNSPECIFIED.,.F.,.F.,(4,1,1,1,1,1,1,4),(8.72070143611212,
8.89092811942783,9.06115480274354,9.74206153600637,10.4229682692692,10.7634216359006,
10.9336483192163,11.103875002532),.UNSPECIFIED.);
#218=B_SPLINE_CURVE_WITH_KNOTS('',3,(#1185,#1186,#1187,#1188,#1189,#1190,
#1191,#1192,#1193,#1194,#1195,#1196,#1197,#1198,#1199),.UNSPECIFIED.,.F.,
 .F.,(4,1,1,1,1,1,1,1,1,1,1,1,4),(-8.72070143611212,-8.52923294929096,-8.43349870588039,
-8.33776446246981,-8.24203021905923,-8.14629597564866,-7.9548274888275,
-7.57189051518519,-7.18895354154289,-6.80601656790058,-6.42307959425827,
-6.23161110743711,-6.04014262061596),.UNSPECIFIED.);
#219=B_SPLINE_CURVE_WITH_KNOTS('',3,(#1201,#1202,#1203,#1204),
 .UNSPECIFIED.,.F.,.F.,(4,4),(-1.,0.),.UNSPECIFIED.);
#220=B_SPLINE_CURVE_WITH_KNOTS('',3,(#1205,#1206,#1207,#1208,#1209,#1210,
#1211,#1212,#1213,#1214,#1215,#1216,#1217,#1218,#1219),.UNSPECIFIED.,.F.,
 .F.,(4,1,1,1,1,1,1,1,1,1,1,1,4),(6.04014262061596,6.23161110743711,6.42307959425827,
6.80601656790058,7.18895354154289,7.57189051518519,7.9548274888275,8.14629597564866,
8.24203021905923,8.33776446246981,8.43349870588039,8.52923294929096,8.72070143611212),
 .UNSPECIFIED.);
#221=B_SPLINE_CURVE_WITH_KNOTS('',3,(#1388,#1389,#1390,#1391,#1392,#1393,
#1394,#1395,#1396,#1397,#1398,#1399,#1400,#1401,#1402,#1403,#1404,#1405,
#1406,#1407,#1408,#1409,#1410,#1411),.UNSPECIFIED.,.F.,.F.,(4,1,1,1,1,1,
1,1,2,1,1,1,1,1,1,1,1,1,1,1,4),(-6.04014262061596,-5.79310740918466,-5.54607219775335,
-5.05200177489075,-4.06386092916553,-3.07572008344031,-2.82868487200901,
-2.70516726629336,-2.58164966057771,-2.37370785779154,-2.26973695639846,
-2.16576605500537,-1.74988244943304,-1.3339988438607,-0.918115238288365,
-0.50223163271603,-0.0863480271436948,0.0176228742493891,0.121593775642473,
0.225564677035557,0.329535578428641),.UNSPECIFIED.);
#222=B_SPLINE_CURVE_WITH_KNOTS('',3,(#1413,#1414,#1415,#1416),
 .UNSPECIFIED.,.F.,.F.,(4,4),(-0.329535578428641,-0.323732922520258),
 .UNSPECIFIED.);
#223=B_SPLINE_CURVE_WITH_KNOTS('',3,(#1417,#1418,#1419,#1420,#1421,#1422,
#1423,#1424,#1425,#1426,#1427,#1428,#1429,#1430,#1431,#1432,#1433,#1434,
#1435,#1436,#1437,#1438,#1439,#1440,#1441,#1442,#1443,#1444,#1445,#1446,
#1447,#1448,#1449,#1450,#1451,#1452,#1453,#1454,#1455,#1456,#1457,#1458,
#1459,#1460,#1461,#1462,#1463,#1464,#1465,#1466,#1467,#1468,#1469,#1470,
#1471,#1472,#1473,#1474,#1475,#1476,#1477,#1478,#1479,#1480,#1481,#1482,
#1483,#1484,#1485,#1486,#1487,#1488,#1489,#1490,#1491,#1492,#1493,#1494,
#1495,#1496,#1497,#1498,#1499,#1500,#1501,#1502,#1503,#1504,#1505,#1506,
#1507,#1508,#1509,#1510,#1511,#1512,#1513,#1514,#1515,#1516,#1517,#1518,
#1519,#1520,#1521,#1522,#1523,#1524,#1525,#1526,#1527,#1528,#1529,#1530,
#1531,#1532,#1533,#1534,#1535,#1536,#1537,#1538,#1539,#1540,#1541,#1542,
#1543,#1544,#1545,#1546,#1547,#1548,#1549,#1550,#1551,#1552,#1553,#1554,
#1555,#1556,#1557,#1558,#1559,#1560,#1561,#1562,#1563,#1564,#1565,#1566,
#1567,#1568,#1569,#1570,#1571,#1572,#1573,#1574,#1575,#1576,#1577,#1578,
#1579,#1580,#1581,#1582,#1583,#1584,#1585,#1586,#1587,#1588,#1589,#1590,
#1591,#1592,#1593,#1594,#1595,#1596,#1597,#1598,#1599,#1600,#1601,#1602,
#1603,#1604,#1605,#1606,#1607,#1608,#1609,#1610,#1611,#1612,#1613,#1614,
#1615,#1616,#1617,#1618,#1619,#1620,#1621,#1622,#1623,#1624,#1625,#1626,
#1627,#1628,#1629,#1630,#1631,#1632,#1633),.UNSPECIFIED.,.F.,.F.,(4,3,3,
3,3,3,3,3,3,3,3,3,3,3,3,3,3,3,3,3,3,3,3,3,3,3,3,3,3,3,3,3,3,3,3,3,3,3,3,
3,3,3,3,3,3,3,3,3,3,3,3,3,3,3,3,3,3,3,3,3,3,3,3,3,3,3,3,3,3,3,3,3,4),(-0.323732922520258,
-0.291229173655728,-0.258237338915278,-0.22516553523396,-0.19231651318396,
-0.16476778921432,-0.133530976576465,-0.10291598955159,-0.0733790650043553,
-0.044490118214455,-0.0166131904928212,0.,0.0703786217327888,0.114845612993381,
0.185158722221823,0.2553637420477,0.307113786141246,0.389164924095462,0.470910846991618,
0.48932031544273,0.57093537554801,0.652216998330769,0.717572604268562,0.796076165360273,
0.852263405743336,0.930089303547098,1.00896633280845,1.03738671983772,1.1142566280464,
1.19194199105565,1.20320513019702,1.28011766006807,1.35807440163883,1.41930471375966,
1.49149212441095,1.54314011426261,1.61471554585617,1.68745385060279,1.76203273242856,
1.77526741103173,1.84757918938829,1.87249400905323,1.94453955653792,2.01638040973254,
2.08810569351912,2.15967390791494,2.17646179892332,2.19162521989799,2.22131313429198,
2.2570796223953,2.29357559868153,2.33113447424081,2.33821584394641,2.38064765893254,
2.42378629339043,2.46814342705882,2.49996988896951,2.54728444593375,2.57578525326499,
2.64957636605236,3.56402870661731,4.00516398210158,4.2280587634706,4.52787642289876,
4.76133091786363,5.01684815662007,5.20116253556028,5.37631559084435,5.59914631673898,
5.81171683864947,5.93782379056713,6.02884307477039,6.04014262061596),
 .UNSPECIFIED.);
#224=B_SPLINE_CURVE_WITH_KNOTS('',3,(#1738,#1739,#1740,#1741),
 .UNSPECIFIED.,.F.,.F.,(4,4),(0.092997158290458,0.730393479314326),
 .UNSPECIFIED.);
#225=B_SPLINE_CURVE_WITH_KNOTS('',3,(#1743,#1744,#1745,#1746),
 .UNSPECIFIED.,.F.,.F.,(4,4),(-0.199826011428212,-0.194593354970836),
 .UNSPECIFIED.);
#226=B_SPLINE_CURVE_WITH_KNOTS('',3,(#1748,#1749,#1750,#1751,#1752,#1753,
#1754,#1755,#1756,#1757,#1758,#1759,#1760,#1761,#1762,#1763,#1764,#1765,
#1766,#1767,#1768,#1769,#1770,#1771,#1772,#1773,#1774,#1775),
 .UNSPECIFIED.,.F.,.F.,(4,3,3,3,3,3,3,3,3,4),(-0.405390747925812,-0.394906680097437,
-0.357954831140571,-0.321758877603765,-0.305245224569785,-0.265931847596424,
-0.245860963456533,-0.225717042898085,-0.205336518350024,-0.199826011428211),
 .UNSPECIFIED.);
#227=B_SPLINE_CURVE_WITH_KNOTS('',3,(#1777,#1778,#1779,#1780),
 .UNSPECIFIED.,.F.,.F.,(4,4),(-0.410664437711357,-0.405390747925812),
 .UNSPECIFIED.);
#228=B_SPLINE_CURVE_WITH_KNOTS('',3,(#1782,#1783,#1784,#1785,#1786,#1787,
#1788),.UNSPECIFIED.,.F.,.F.,(4,1,1,1,4),(-1.8100203930041,-1.56766542158726,
-1.08295547875358,-0.598245535919893,-0.113535593086211),.UNSPECIFIED.);
#229=B_SPLINE_CURVE_WITH_KNOTS('',3,(#1790,#1791,#1792,#1793),
 .UNSPECIFIED.,.F.,.F.,(4,4),(-19.7083273610912,-19.5942624347699),
 .UNSPECIFIED.);
#230=B_SPLINE_CURVE_WITH_KNOTS('',3,(#1795,#1796,#1797,#1798,#1799,#1800),
 .UNSPECIFIED.,.F.,.F.,(4,1,1,4),(-24.2803575401286,-22.9740632032607,-21.6677688663929,
-19.7083273610912),.UNSPECIFIED.);
#231=B_SPLINE_CURVE_WITH_KNOTS('',3,(#1802,#1803,#1804,#1805,#1806,#1807,
#1808,#1809,#1810,#1811,#1812,#1813,#1814,#1815,#1816,#1817,#1818,#1819,
#1820,#1821,#1822,#1823),.UNSPECIFIED.,.F.,.F.,(4,3,3,3,3,3,3,4),(-29.366675141292,
-28.7726093080716,-26.9235719646615,-25.7020203763462,-25.0076947775027,
-24.480468788031,-24.3860539673467,-24.2803575401286),.UNSPECIFIED.);
#232=B_SPLINE_CURVE_WITH_KNOTS('',3,(#1825,#1826,#1827,#1828,#1829,#1830,
#1831,#1832,#1833,#1834,#1835,#1836,#1837,#1838,#1839,#1840,#1841,#1842,
#1843,#1844,#1845,#1846,#1847,#1848,#1849),.UNSPECIFIED.,.F.,.F.,(4,3,3,
3,3,3,3,3,4),(-0.303794250552531,-0.255662506385398,-0.224960206115939,
-0.207530762218266,-0.180622553684613,-0.166830971372721,-0.141729562920562,
-0.126132099445636,-0.111267273884),.UNSPECIFIED.);
#233=B_SPLINE_CURVE_WITH_KNOTS('',3,(#1851,#1852,#1853,#1854,#1855,#1856,
#1857,#1858,#1859,#1860,#1861,#1862,#1863,#1864,#1865,#1866,#1867,#1868,
#1869,#1870,#1871,#1872,#1873,#1874,#1875,#1876,#1877,#1878,#1879,#1880,
#1881,#1882,#1883,#1884,#1885,#1886,#1887,#1888,#1889,#1890,#1891,#1892,
#1893,#1894,#1895,#1896,#1897,#1898,#1899,#1900,#1901,#1902,#1903,#1904,
#1905,#1906,#1907,#1908,#1909,#1910,#1911,#1912,#1913,#1914,#1915,#1916,
#1917,#1918,#1919,#1920,#1921,#1922,#1923,#1924,#1925,#1926,#1927,#1928,
#1929,#1930,#1931,#1932,#1933,#1934,#1935,#1936,#1937,#1938,#1939,#1940,
#1941,#1942,#1943,#1944,#1945,#1946,#1947,#1948,#1949,#1950,#1951,#1952,
#1953,#1954,#1955,#1956,#1957,#1958,#1959,#1960,#1961,#1962,#1963,#1964,
#1965,#1966,#1967,#1968,#1969,#1970,#1971,#1972,#1973,#1974,#1975,#1976,
#1977,#1978,#1979,#1980,#1981,#1982,#1983,#1984,#1985,#1986,#1987,#1988,
#1989,#1990,#1991,#1992,#1993,#1994,#1995,#1996,#1997,#1998,#1999,#2000,
#2001,#2002,#2003,#2004,#2005,#2006,#2007,#2008,#2009,#2010,#2011,#2012,
#2013,#2014,#2015,#2016,#2017,#2018,#2019,#2020,#2021,#2022,#2023,#2024,
#2025,#2026,#2027,#2028,#2029,#2030,#2031,#2032,#2033,#2034,#2035,#2036,
#2037,#2038,#2039,#2040,#2041,#2042,#2043,#2044,#2045,#2046,#2047,#2048,
#2049),.UNSPECIFIED.,.F.,.F.,(4,3,3,3,3,3,3,3,3,3,3,3,3,3,3,3,3,3,3,3,3,
3,3,3,3,3,3,3,3,3,3,3,3,3,3,3,3,3,3,3,3,3,3,3,3,3,3,3,3,3,3,3,3,3,3,3,3,
3,3,3,3,3,3,3,3,3,4),(1.20062581431405,1.20847712824762,1.20847724239217,
1.23072080967034,1.25368860334768,1.27780431847475,1.30253504816477,1.32812713249161,
1.35007556231884,1.37654951564327,1.40301798540595,1.42951791174369,1.45493781702121,
1.47976958857308,1.50367923624234,1.5090176907569,1.58283242842636,1.65277441958071,
1.72405810533075,1.7462150847633,1.8427730847759,1.93916186734559,2.03557787350812,
2.13387677598716,2.23344335388912,2.25351480740671,2.29966301008369,2.37082856956057,
2.44317003208629,2.51559758378814,2.5872903407018,2.62273353080614,2.66311518902097,
2.73495473685657,2.80737103952196,2.8798455757967,2.88763946071096,2.95838284277781,
2.99033314788236,3.02668011659642,3.09891704622817,3.16911682637496,3.24105173739566,
3.31173821819909,3.35659685672418,3.38792073720422,3.45988191754128,3.46581219030319,
3.53791633607098,3.60951594018103,3.67960604720341,3.72162711609402,3.74443629849909,
3.81650251776227,3.88862344771426,3.90342271502855,3.9732246145626,4.04132454544236,
4.08521831396307,4.09374305577789,4.17187419472324,4.25000533366859,4.35192538391285,
4.53503190473721,4.67871706160803,4.69341491509193,4.85179169653667),
 .UNSPECIFIED.);
#234=B_SPLINE_CURVE_WITH_KNOTS('',3,(#2051,#2052,#2053,#2054,#2055,#2056,
#2057,#2058,#2059,#2060,#2061,#2062,#2063,#2064,#2065,#2066,#2067,#2068,
#2069,#2070,#2071,#2072),.UNSPECIFIED.,.F.,.F.,(4,3,3,3,3,3,3,4),(0.923236063221557,
0.923487224885251,0.994502504764959,1.0484461935405,1.06313587359806,1.11459388080786,
1.16754963979226,1.20062581431405),.UNSPECIFIED.);
#235=B_SPLINE_CURVE_WITH_KNOTS('',3,(#2074,#2075,#2076,#2077,#2078,#2079,
#2080,#2081),.UNSPECIFIED.,.F.,.F.,(4,1,1,1,1,4),(-1.44384069689785,-1.10838873290592,
-0.940660293194763,-0.605203413772459,-0.437474974061306,-0.29175745452807),
 .UNSPECIFIED.);
#236=B_SPLINE_CURVE_WITH_KNOTS('',3,(#2082,#2083,#2084,#2085,#2086),
 .UNSPECIFIED.,.F.,.F.,(4,1,4),(-0.108276894937814,-0.100414390411959,-0.00100944774130641),
 .UNSPECIFIED.);
#237=B_SPLINE_CURVE_WITH_KNOTS('',3,(#2090,#2091,#2092,#2093,#2094,#2095,
#2096,#2097,#2098,#2099,#2100,#2101,#2102,#2103,#2104),.UNSPECIFIED.,.F.,
 .F.,(4,1,1,1,1,1,1,1,1,1,1,1,4),(-4.17356923331615,-4.15900225745309,-4.14443528159002,
-4.11530132986389,-4.05703342641164,-3.94049761950712,-3.7074260056981,
-3.59089019879359,-3.53262229534133,-3.5034883436152,-3.47435439188907,
-3.41608648843682,-3.35781858498456),.UNSPECIFIED.);
#238=B_SPLINE_CURVE_WITH_KNOTS('',3,(#2106,#2107,#2108,#2109),
 .UNSPECIFIED.,.F.,.F.,(4,4),(-4.25663471091089,-4.24927601313021),
 .UNSPECIFIED.);
#239=B_SPLINE_CURVE_WITH_KNOTS('',3,(#2111,#2112,#2113,#2114,#2115,#2116,
#2117,#2118,#2119,#2120,#2121,#2122,#2123,#2124,#2125,#2126,#2127,#2128,
#2129,#2130,#2131,#2132,#2133,#2134,#2135,#2136,#2137,#2138,#2139,#2140,
#2141,#2142,#2143,#2144,#2145,#2146,#2147),.UNSPECIFIED.,.F.,.F.,(4,3,3,
3,3,3,3,3,3,3,3,3,4),(-8.00640889433541,-7.97638722985631,-7.23243672606733,
-6.48848622227835,-5.74453571848937,-5.00058521470039,-4.81459758875315,
-4.72160377577953,-4.67510686929272,-4.6286099628059,-4.53561614983228,
-4.44262233685866,-4.25663471091089),.UNSPECIFIED.);
#240=B_SPLINE_CURVE_WITH_KNOTS('',3,(#2149,#2150,#2151,#2152),
 .UNSPECIFIED.,.F.,.F.,(4,4),(-8.01640361942248,-8.00640889433541),
 .UNSPECIFIED.);
#241=B_SPLINE_CURVE_WITH_KNOTS('',3,(#2156,#2157,#2158,#2159),
 .UNSPECIFIED.,.F.,.F.,(4,4),(-0.00412237920969659,2.00065815043199E-10),
 .UNSPECIFIED.);
#242=B_SPLINE_CURVE_WITH_KNOTS('',3,(#2161,#2162,#2163,#2164,#2165,#2166,
#2167,#2168,#2169,#2170,#2171,#2172,#2173,#2174,#2175,#2176,#2177,#2178,
#2179),.UNSPECIFIED.,.F.,.F.,(4,1,1,1,1,1,1,1,1,1,1,1,1,1,1,1,4),(-3.35412221700169,
-3.29430079132683,-3.23447936565198,-3.11483651430226,-3.11109767519758,
-3.1073588360929,-3.09988115788355,-3.08492580146483,-3.0550150886274,-2.99519366295255,
-2.87555081160283,-2.39697940620398,-1.91840800080512,-1.43983659540626,
-0.961265190007409,-0.482693784608552,-0.00412237920969646),
 .UNSPECIFIED.);
#243=B_SPLINE_CURVE_WITH_KNOTS('',3,(#2180,#2181,#2182,#2183),
 .UNSPECIFIED.,.F.,.F.,(4,4),(-3.35781858498456,-3.35416320256497),
 .UNSPECIFIED.);
#244=B_SPLINE_CURVE_WITH_KNOTS('',3,(#2201,#2202,#2203,#2204),
 .UNSPECIFIED.,.F.,.F.,(4,4),(-1.,0.),.UNSPECIFIED.);
#245=B_SPLINE_CURVE_WITH_KNOTS('',3,(#2207,#2208,#2209,#2210),
 .UNSPECIFIED.,.F.,.F.,(4,4),(4.24927601313021,4.25663471091089),
 .UNSPECIFIED.);
#246=B_SPLINE_CURVE_WITH_KNOTS('',3,(#2276,#2277,#2278,#2279,#2280,#2281,
#2282,#2283,#2284,#2285,#2286,#2287,#2288,#2289,#2290,#2291,#2292,#2293,
#2294,#2295,#2296,#2297,#2298,#2299,#2300,#2301,#2302,#2303,#2304,#2305,
#2306,#2307,#2308,#2309,#2310,#2311,#2312),.UNSPECIFIED.,.F.,.F.,(4,3,3,
3,3,3,3,3,3,3,3,3,4),(4.25663471091089,4.44262233685866,4.53561614983228,
4.6286099628059,4.67510686929271,4.72160377577952,4.81459758875315,5.00058521470039,
5.74453571848937,6.48848622227835,7.23243672606733,7.97638722985631,8.00640889433541),
 .UNSPECIFIED.);
#247=B_SPLINE_CURVE_WITH_KNOTS('',3,(#2313,#2314,#2315,#2316),
 .UNSPECIFIED.,.F.,.F.,(4,4),(-1.,0.),.UNSPECIFIED.);
#248=B_SPLINE_CURVE_WITH_KNOTS('',3,(#2334,#2335,#2336,#2337),
 .UNSPECIFIED.,.F.,.F.,(4,4),(-1.,0.),.UNSPECIFIED.);
#249=B_SPLINE_CURVE_WITH_KNOTS('',3,(#2340,#2341,#2342,#2343),
 .UNSPECIFIED.,.F.,.F.,(4,4),(3.35416320256497,3.35781858498456),
 .UNSPECIFIED.);
#250=B_SPLINE_CURVE_WITH_KNOTS('',3,(#2404,#2405,#2406,#2407,#2408,#2409,
#2410,#2411,#2412,#2413,#2414,#2415,#2416,#2417,#2418),.UNSPECIFIED.,.F.,
 .F.,(4,1,1,1,1,1,1,1,1,1,1,1,4),(3.35781858498456,3.41608648843682,3.47435439188907,
3.5034883436152,3.53262229534133,3.59089019879359,3.7074260056981,3.94049761950712,
4.05703342641164,4.11530132986389,4.14443528159002,4.15900225745309,4.17356923331615),
 .UNSPECIFIED.);
#251=B_SPLINE_CURVE_WITH_KNOTS('',3,(#2436,#2437,#2438,#2439),
 .UNSPECIFIED.,.F.,.F.,(4,4),(8.00640889433541,8.01640361942248),
 .UNSPECIFIED.);
#252=B_SPLINE_CURVE_WITH_KNOTS('',3,(#2519,#2520,#2521,#2522,#2523,#2524,
#2525,#2526,#2527,#2528,#2529,#2530,#2531,#2532,#2533,#2534,#2535,#2536,
#2537),.UNSPECIFIED.,.F.,.F.,(4,1,1,1,1,1,1,1,1,1,1,1,1,1,1,1,4),(0.00412237920969646,
0.482693784608552,0.961265190007409,1.43983659540626,1.91840800080512,2.39697940620398,
2.87555081160283,2.99519366295255,3.0550150886274,3.08492580146483,3.09988115788355,
3.1073588360929,3.11109767519758,3.11483651430226,3.23447936565198,3.29430079132683,
3.35412221700169),.UNSPECIFIED.);
#253=B_SPLINE_CURVE_WITH_KNOTS('',3,(#2558,#2559,#2560,#2561),
 .UNSPECIFIED.,.F.,.F.,(4,4),(6.60699363390935E-16,0.00412237920969659),
 .UNSPECIFIED.);
#254=B_SPLINE_CURVE_WITH_KNOTS('',3,(#2605,#2606,#2607,#2608,#2609,#2610,
#2611,#2612,#2613,#2614,#2615,#2616,#2617,#2618,#2619,#2620,#2621,#2622,
#2623,#2624,#2625,#2626,#2627,#2628,#2629,#2630,#2631,#2632,#2633,#2634,
#2635,#2636,#2637,#2638,#2639,#2640,#2641,#2642,#2643,#2644,#2645,#2646,
#2647,#2648,#2649,#2650,#2651,#2652,#2653,#2654,#2655,#2656,#2657,#2658,
#2659,#2660,#2661,#2662,#2663,#2664,#2665,#2666,#2667,#2668,#2669,#2670,
#2671,#2672,#2673,#2674,#2675,#2676,#2677,#2678,#2679,#2680,#2681,#2682,
#2683,#2684,#2685,#2686,#2687,#2688,#2689,#2690,#2691,#2692,#2693,#2694,
#2695,#2696,#2697,#2698,#2699,#2700,#2701,#2702,#2703,#2704,#2705,#2706,
#2707,#2708,#2709,#2710,#2711,#2712,#2713,#2714,#2715,#2716,#2717,#2718,
#2719,#2720,#2721,#2722,#2723,#2724,#2725,#2726,#2727,#2728,#2729,#2730,
#2731,#2732,#2733,#2734,#2735,#2736,#2737,#2738,#2739,#2740,#2741,#2742,
#2743,#2744,#2745,#2746,#2747,#2748,#2749,#2750,#2751,#2752),
 .UNSPECIFIED.,.F.,.F.,(4,3,3,3,3,3,3,3,3,3,3,3,3,3,3,3,3,3,3,3,3,3,3,3,
3,3,3,3,3,3,3,3,3,3,3,3,3,3,3,3,3,3,3,3,3,3,3,3,3,4),(0.0070412321484698,
0.0664377371491061,0.126908000015755,0.188562988484595,0.196987578335803,
0.283644797465987,0.370302016596171,0.455133695818102,0.538430811083028,
0.550356853656979,0.635181441303427,0.72245273634632,0.742300852070991,
0.827949450638633,0.915033813871493,1.00280521066041,1.01620296149333,1.080061809684,
1.11879640584063,1.18212397073014,1.24595655046036,1.30735677889105,1.36115799878204,
1.41478699769345,1.43513765489266,1.49731015364534,1.56291853089428,1.62604325485172,
1.68502639288612,1.75175333789182,1.8150717218376,1.81848028289751,1.8739318400739,
1.93768629055037,2.00095595819404,2.01750137469588,2.08104183718796,2.14430808670051,
2.16859181314521,2.22999497011747,2.24504516516998,2.30814101014933,2.31968225159455,
2.3830284484307,2.44606892324707,2.46719790468832,2.52875820374351,2.54095573123521,
2.59368724094159,2.60717750008568),.UNSPECIFIED.);
#255=B_SPLINE_CURVE_WITH_KNOTS('',3,(#2773,#2774,#2775,#2776,#2777,#2778,
#2779,#2780,#2781,#2782,#2783,#2784,#2785),.UNSPECIFIED.,.F.,.F.,(4,3,3,
3,4),(-1.90946404045638,-1.55816766532967,-1.0605634258162,-0.937590817742405,
-0.732713876756118),.UNSPECIFIED.);
#256=B_SPLINE_CURVE_WITH_KNOTS('',3,(#2787,#2788,#2789,#2790,#2791,#2792),
 .UNSPECIFIED.,.F.,.F.,(4,2,4),(-2.11682049253891,-2.05738566160823,-1.56107867572554),
 .UNSPECIFIED.);
#257=B_SPLINE_CURVE_WITH_KNOTS('',3,(#2794,#2795,#2796,#2797),
 .UNSPECIFIED.,.F.,.F.,(4,4),(0.,0.261889306167102),.UNSPECIFIED.);
#258=B_SPLINE_CURVE_WITH_KNOTS('',3,(#2798,#2799,#2800,#2801),
 .UNSPECIFIED.,.F.,.F.,(4,4),(-0.00753509698603107,8.80669313804038E-16),
 .UNSPECIFIED.);
#259=B_SPLINE_CURVE_WITH_KNOTS('',3,(#2828,#2829,#2830,#2831),
 .UNSPECIFIED.,.F.,.F.,(4,4),(-1.,0.),.UNSPECIFIED.);
#260=B_SPLINE_CURVE_WITH_KNOTS('',3,(#2833,#2834,#2835,#2836,#2837,#2838),
 .UNSPECIFIED.,.F.,.F.,(4,1,1,4),(-0.368116614738606,-0.262940439099005,
-0.210352351279204,0.),.UNSPECIFIED.);
#261=B_SPLINE_CURVE_WITH_KNOTS('',3,(#2841,#2842,#2843,#2844,#2845,#2846),
 .UNSPECIFIED.,.F.,.F.,(4,1,1,4),(0.,0.210352351279204,0.262940439099005,
0.368116614738606),.UNSPECIFIED.);
#262=B_SPLINE_CURVE_WITH_KNOTS('',3,(#2864,#2865,#2866,#2867),
 .UNSPECIFIED.,.F.,.F.,(4,4),(-1.,0.),.UNSPECIFIED.);
#263=B_SPLINE_CURVE_WITH_KNOTS('',3,(#2869,#2870,#2871,#2872),
 .UNSPECIFIED.,.F.,.F.,(4,4),(0.,0.00753509698603107),.UNSPECIFIED.);
#264=B_SPLINE_CURVE_WITH_KNOTS('',3,(#2915,#2916,#2917,#2918,#2919,#2920,
#2921,#2922,#2923,#2924),.UNSPECIFIED.,.F.,.F.,(4,1,1,1,1,1,1,4),(-2.60717750008568,
-2.23572946180894,-1.86428142353219,-1.49283338525545,-1.1213853469787,
-0.378489270425214,-0.0999032417176559,-0.0070412321484698),
 .UNSPECIFIED.);
#265=B_SPLINE_CURVE_WITH_KNOTS('',3,(#2943,#2944,#2945,#2946,#2947,#2948,
#2949,#2950,#2951,#2952,#2953,#2954,#2955,#2956,#2957,#2958,#2959,#2960,
#2961,#2962,#2963,#2964,#2965,#2966,#2967),.UNSPECIFIED.,.F.,.F.,(4,3,3,
3,3,3,3,3,4),(-0.0747151932116883,-0.0742884680184175,-0.0738334077696393,
-0.0726692576061742,-0.0700109731935361,-0.0509095799523455,-0.0334700280276353,
-0.0194487375673021,0.),.UNSPECIFIED.);
#266=B_SPLINE_CURVE_WITH_KNOTS('',3,(#2969,#2970,#2971,#2972),
 .UNSPECIFIED.,.F.,.F.,(4,4),(-0.30929222465904,-0.308481102309237),
 .UNSPECIFIED.);
#267=B_SPLINE_CURVE_WITH_KNOTS('',3,(#2973,#2974,#2975,#2976),
 .UNSPECIFIED.,.F.,.F.,(4,4),(-0.308481102309237,0.),.UNSPECIFIED.);
#268=B_SPLINE_CURVE_WITH_KNOTS('',3,(#2997,#2998,#2999,#3000),
 .UNSPECIFIED.,.F.,.F.,(4,4),(0.244040730600035,1.56107867572554),
 .UNSPECIFIED.);
#269=B_SPLINE_CURVE_WITH_KNOTS('',3,(#3002,#3003,#3004,#3005),
 .UNSPECIFIED.,.F.,.F.,(4,4),(-1.56107867572554,-0.244040730600035),
 .UNSPECIFIED.);
#270=B_SPLINE_CURVE_WITH_KNOTS('',3,(#3031,#3032,#3033,#3034,#3035,#3036),
 .UNSPECIFIED.,.F.,.F.,(4,2,4),(1.56107867572554,2.05738566160823,2.06157029135951),
 .UNSPECIFIED.);
#271=B_SPLINE_CURVE_WITH_KNOTS('',3,(#3037,#3038,#3039,#3040),
 .UNSPECIFIED.,.F.,.F.,(4,4),(-0.431517005084766,-0.430740986075832),
 .UNSPECIFIED.);
#272=B_SPLINE_CURVE_WITH_KNOTS('',3,(#3078,#3079,#3080,#3081),
 .UNSPECIFIED.,.F.,.F.,(4,4),(-3.7637710398693E-7,0.00704123214846951),
 .UNSPECIFIED.);
#273=B_SPLINE_CURVE_WITH_KNOTS('',3,(#3082,#3083,#3084,#3085),
 .UNSPECIFIED.,.F.,.F.,(4,4),(-0.00704123214846951,3.7637710398693E-7),
 .UNSPECIFIED.);
#274=B_SPLINE_CURVE_WITH_KNOTS('',3,(#3110,#3111,#3112,#3113,#3114),
 .UNSPECIFIED.,.F.,.F.,(4,1,4),(1.91178844977102E-9,0.272713546627798,0.545427091343807),
 .UNSPECIFIED.);
#275=B_SPLINE_CURVE_WITH_KNOTS('',3,(#3117,#3118,#3119,#3120,#3121),
 .UNSPECIFIED.,.F.,.F.,(4,1,4),(-0.545427091343807,-0.272713546627798,-1.91178844977102E-9),
 .UNSPECIFIED.);
#276=B_SPLINE_CURVE_WITH_KNOTS('',3,(#3138,#3139,#3140,#3141),
 .UNSPECIFIED.,.F.,.F.,(4,4),(0.0353160994686072,0.0384627721486022),
 .UNSPECIFIED.);
#277=B_SPLINE_CURVE_WITH_KNOTS('',3,(#3142,#3143,#3144,#3145),
 .UNSPECIFIED.,.F.,.F.,(4,4),(-0.0384627721486022,-0.0353160994686072),
 .UNSPECIFIED.);
#278=B_SPLINE_CURVE_WITH_KNOTS('',3,(#3178,#3179,#3180,#3181,#3182,#3183,
#3184),.UNSPECIFIED.,.F.,.F.,(4,1,1,1,4),(-7.2629608119756,-5.98269741316011,
-4.70243401434461,-4.06230231493686,-2.78203891612136),.UNSPECIFIED.);
#279=B_SPLINE_CURVE_WITH_KNOTS('',3,(#3187,#3188,#3189,#3190,#3191,#3192,
#3193),.UNSPECIFIED.,.F.,.F.,(4,1,1,1,4),(2.78203891612136,4.06230231493686,
4.70243401434461,5.98269741316011,7.2629608119756),.UNSPECIFIED.);
#280=B_SPLINE_CURVE_WITH_KNOTS('',3,(#3210,#3211,#3212,#3213),
 .UNSPECIFIED.,.F.,.F.,(4,4),(7.2629608119756,7.29043458809913),
 .UNSPECIFIED.);
#281=B_SPLINE_CURVE_WITH_KNOTS('',3,(#3214,#3215,#3216,#3217),
 .UNSPECIFIED.,.F.,.F.,(4,4),(-7.29043458809913,-7.2629608119756),
 .UNSPECIFIED.);
#282=B_SPLINE_CURVE_WITH_KNOTS('',3,(#3243,#3244,#3245,#3246,#3247,#3248),
 .UNSPECIFIED.,.F.,.F.,(4,2,4),(0.368116614738606,0.377730015578303,0.49960584838522),
 .UNSPECIFIED.);
#283=B_SPLINE_CURVE_WITH_KNOTS('',3,(#3251,#3252,#3253,#3254,#3255,#3256),
 .UNSPECIFIED.,.F.,.F.,(4,2,4),(-0.49960584838522,-0.377730015578303,-0.368116614738606),
 .UNSPECIFIED.);
#284=B_SPLINE_CURVE_WITH_KNOTS('',3,(#3273,#3274,#3275,#3276),
 .UNSPECIFIED.,.F.,.F.,(4,4),(2.76921763896157,2.78203891612136),
 .UNSPECIFIED.);
#285=B_SPLINE_CURVE_WITH_KNOTS('',3,(#3277,#3278,#3279,#3280),
 .UNSPECIFIED.,.F.,.F.,(4,4),(-2.78203891612136,-2.76921763896157),
 .UNSPECIFIED.);
#286=B_SPLINE_CURVE_WITH_KNOTS('',3,(#3297,#3298,#3299,#3300),
 .UNSPECIFIED.,.F.,.F.,(4,4),(-0.244040730600036,-0.243069181136708),
 .UNSPECIFIED.);
#287=B_SPLINE_CURVE_WITH_KNOTS('',3,(#3301,#3302,#3303,#3304),
 .UNSPECIFIED.,.F.,.F.,(4,4),(0.243069181136708,0.244040730600036),
 .UNSPECIFIED.);
#288=B_SPLINE_CURVE_WITH_KNOTS('',3,(#3347,#3348,#3349,#3350,#3351,#3352),
 .UNSPECIFIED.,.F.,.F.,(4,2,4),(2.8658673969047,3.05229211817679,3.09220350293606),
 .UNSPECIFIED.);
#289=B_SPLINE_CURVE_WITH_KNOTS('',3,(#3355,#3356,#3357,#3358,#3359,#3360,
#3361,#3362,#3363,#3364,#3365,#3366,#3367,#3368,#3369,#3370,#3371,#3372,
#3373),.UNSPECIFIED.,.F.,.F.,(4,3,3,3,3,3,4),(0.0425787137196796,0.0476105545192228,
0.0525924940967734,0.0574656303697474,0.0611177283998409,0.0694233100640691,
0.0750014181467335),.UNSPECIFIED.);
#290=B_SPLINE_CURVE_WITH_KNOTS('',3,(#3375,#3376,#3377,#3378),
 .UNSPECIFIED.,.F.,.F.,(4,4),(-0.00140618362620205,0.),.UNSPECIFIED.);
#291=B_SPLINE_CURVE_WITH_KNOTS('',3,(#3380,#3381,#3382,#3383),
 .UNSPECIFIED.,.F.,.F.,(4,4),(0.935992383746161,0.936643593225503),
 .UNSPECIFIED.);
#292=B_SPLINE_CURVE_WITH_KNOTS('',3,(#3385,#3386,#3387,#3388,#3389),
 .UNSPECIFIED.,.F.,.F.,(4,1,4),(-1.20062581431405,-1.04211738511833,-0.936643593225503),
 .UNSPECIFIED.);
#293=B_SPLINE_CURVE_WITH_KNOTS('',3,(#3391,#3392,#3393,#3394,#3395,#3396,
#3397,#3398,#3399,#3400,#3401,#3402,#3403,#3404,#3405,#3406,#3407,#3408,
#3409,#3410,#3411),.UNSPECIFIED.,.F.,.F.,(4,1,2,2,1,1,1,1,1,1,1,1,1,1,2,
4),(-4.85179169653667,-4.47715224552791,-4.10251279451916,-4.09374305577789,
-3.7330848148366,-3.37242657389532,-3.01176833295404,-2.65111009201275,
-2.29045185107147,-1.92979361013019,-1.5691353691889,-1.47897080895358,
-1.38880624871826,-1.29864168848294,-1.20847712824762,-1.20062581431405),
 .UNSPECIFIED.);
#294=B_SPLINE_CURVE_WITH_KNOTS('',3,(#3430,#3431,#3432,#3433),
 .UNSPECIFIED.,.F.,.F.,(4,4),(0.454982453582105,0.512726273071165),
 .UNSPECIFIED.);
#295=B_SPLINE_CURVE_WITH_KNOTS('',3,(#3434,#3435,#3436,#3437,#3438,#3439,
#3440,#3441),.UNSPECIFIED.,.F.,.F.,(4,1,1,1,1,4),(0.269746534350154,0.437474974061306,
0.605203413772459,0.940660293194763,1.10838873290592,1.44384561232822),
 .UNSPECIFIED.);
#296=B_SPLINE_CURVE_WITH_KNOTS('',3,(#3459,#3460,#3461,#3462),
 .UNSPECIFIED.,.F.,.F.,(4,4),(-0.482115593344274,-0.419144037917916),
 .UNSPECIFIED.);
#297=B_SPLINE_CURVE_WITH_KNOTS('',3,(#3464,#3465,#3466,#3467,#3468,#3469,
#3470,#3471,#3472,#3473,#3474,#3475,#3476,#3477,#3478,#3479,#3480,#3481,
#3482,#3483,#3484,#3485,#3486,#3487,#3488),.UNSPECIFIED.,.F.,.F.,(4,3,3,
3,3,3,3,3,4),(0.199826011428211,0.22279981779288,0.245576546583025,0.265931847596424,
0.305245224569785,0.341834778512072,0.357954831140571,0.402257485886567,
0.405390747925812),.UNSPECIFIED.);
#298=B_SPLINE_CURVE_WITH_KNOTS('',3,(#3489,#3490,#3491,#3492,#3493),
 .UNSPECIFIED.,.F.,.F.,(4,1,4),(0.00100277213852315,0.100414390411959,0.199826011428212),
 .UNSPECIFIED.);
#299=B_SPLINE_CURVE_WITH_KNOTS('',3,(#3514,#3515,#3516,#3517),
 .UNSPECIFIED.,.F.,.F.,(4,4),(-1.,0.),.UNSPECIFIED.);
#300=B_SPLINE_CURVE_WITH_KNOTS('',3,(#3518,#3519,#3520,#3521,#3522,#3523,
#3524),.UNSPECIFIED.,.F.,.F.,(4,3,4),(0.,0.0182447257040372,0.03759921288098),
 .UNSPECIFIED.);
#301=B_SPLINE_CURVE_WITH_KNOTS('',3,(#3550,#3551,#3552,#3553),
 .UNSPECIFIED.,.F.,.F.,(4,4),(-1.,0.),.UNSPECIFIED.);
#302=B_SPLINE_CURVE_WITH_KNOTS('',3,(#3556,#3557,#3558,#3559,#3560,#3561),
 .UNSPECIFIED.,.F.,.F.,(4,1,1,4),(19.7083273610912,21.6677688663929,22.9740632032607,
24.2803575401286),.UNSPECIFIED.);
#303=B_SPLINE_CURVE_WITH_KNOTS('',3,(#3593,#3594,#3595,#3596,#3597,#3598,
#3599),.UNSPECIFIED.,.F.,.F.,(4,1,1,1,4),(0.113535593086211,0.598245535919893,
1.08295547875358,1.56766542158726,1.8100203930041),.UNSPECIFIED.);
#304=B_SPLINE_CURVE_WITH_KNOTS('',3,(#3633,#3634,#3635,#3636),
 .UNSPECIFIED.,.F.,.F.,(4,4),(0.,1.00000000001208),.UNSPECIFIED.);
#305=B_SPLINE_CURVE_WITH_KNOTS('',3,(#3670,#3671,#3672,#3673,#3674,#3675,
#3676,#3677),.UNSPECIFIED.,.F.,.F.,(4,2,1,1,4),(24.2803575401286,24.3860495561153,
25.3821746731507,26.378299790186,29.366675141292),.UNSPECIFIED.);
#306=B_SPLINE_CURVE_WITH_KNOTS('',3,(#3704,#3705,#3706,#3707,#3708,#3709),
 .UNSPECIFIED.,.F.,.F.,(4,1,1,4),(0.111267273884,0.138771127693791,0.193778835313371,
0.303794250552531),.UNSPECIFIED.);
#307=B_SPLINE_CURVE_WITH_KNOTS('',3,(#3852,#3853,#3854,#3855),
 .UNSPECIFIED.,.F.,.F.,(4,4),(0.405390747925812,0.410664437711357),
 .UNSPECIFIED.);
#308=B_SPLINE_CURVE_WITH_KNOTS('',3,(#3872,#3873,#3874,#3875),
 .UNSPECIFIED.,.F.,.F.,(4,4),(19.5942624347699,19.7083273610912),
 .UNSPECIFIED.);
#309=VERTEX_POINT('',#1025);
#310=VERTEX_POINT('',#1026);
#311=VERTEX_POINT('',#1031);
#312=VERTEX_POINT('',#1036);
#313=VERTEX_POINT('',#1085);
#314=VERTEX_POINT('',#1086);
#315=VERTEX_POINT('',#1091);
#316=VERTEX_POINT('',#1102);
#317=VERTEX_POINT('',#1184);
#318=VERTEX_POINT('',#1200);
#319=VERTEX_POINT('',#1412);
#320=VERTEX_POINT('',#1742);
#321=VERTEX_POINT('',#1747);
#322=VERTEX_POINT('',#1776);
#323=VERTEX_POINT('',#1781);
#324=VERTEX_POINT('',#1789);
#325=VERTEX_POINT('',#1794);
#326=VERTEX_POINT('',#1801);
#327=VERTEX_POINT('',#1824);
#328=VERTEX_POINT('',#1850);
#329=VERTEX_POINT('',#2050);
#330=VERTEX_POINT('',#2073);
#331=VERTEX_POINT('',#2088);
#332=VERTEX_POINT('',#2089);
#333=VERTEX_POINT('',#2105);
#334=VERTEX_POINT('',#2110);
#335=VERTEX_POINT('',#2148);
#336=VERTEX_POINT('',#2153);
#337=VERTEX_POINT('',#2155);
#338=VERTEX_POINT('',#2160);
#339=VERTEX_POINT('',#2200);
#340=VERTEX_POINT('',#2205);
#341=VERTEX_POINT('',#2275);
#342=VERTEX_POINT('',#2333);
#343=VERTEX_POINT('',#2338);
#344=VERTEX_POINT('',#2435);
#345=VERTEX_POINT('',#2517);
#346=VERTEX_POINT('',#2539);
#347=VERTEX_POINT('',#2602);
#348=VERTEX_POINT('',#2604);
#349=VERTEX_POINT('',#2770);
#350=VERTEX_POINT('',#2772);
#351=VERTEX_POINT('',#2786);
#352=VERTEX_POINT('',#2793);
#353=VERTEX_POINT('',#2826);
#354=VERTEX_POINT('',#2827);
#355=VERTEX_POINT('',#2832);
#356=VERTEX_POINT('',#2839);
#357=VERTEX_POINT('',#2863);
#358=VERTEX_POINT('',#2868);
#359=VERTEX_POINT('',#2914);
#360=VERTEX_POINT('',#2942);
#361=VERTEX_POINT('',#2968);
#362=VERTEX_POINT('',#2993);
#363=VERTEX_POINT('',#2994);
#364=VERTEX_POINT('',#2996);
#365=VERTEX_POINT('',#3030);
#366=VERTEX_POINT('',#3042);
#367=VERTEX_POINT('',#3043);
#368=VERTEX_POINT('',#3045);
#369=VERTEX_POINT('',#3047);
#370=VERTEX_POINT('',#3051);
#371=VERTEX_POINT('',#3052);
#372=VERTEX_POINT('',#3057);
#373=VERTEX_POINT('',#3058);
#374=VERTEX_POINT('',#3106);
#375=VERTEX_POINT('',#3107);
#376=VERTEX_POINT('',#3109);
#377=VERTEX_POINT('',#3115);
#378=VERTEX_POINT('',#3174);
#379=VERTEX_POINT('',#3175);
#380=VERTEX_POINT('',#3177);
#381=VERTEX_POINT('',#3185);
#382=VERTEX_POINT('',#3242);
#383=VERTEX_POINT('',#3249);
#384=VERTEX_POINT('',#3345);
#385=VERTEX_POINT('',#3354);
#386=VERTEX_POINT('',#3374);
#387=VERTEX_POINT('',#3379);
#388=VERTEX_POINT('',#3384);
#389=VERTEX_POINT('',#3390);
#390=VERTEX_POINT('',#3429);
#391=VERTEX_POINT('',#3458);
#392=VERTEX_POINT('',#3463);
#393=VERTEX_POINT('',#3549);
#394=VERTEX_POINT('',#3554);
#395=VERTEX_POINT('',#3590);
#396=VERTEX_POINT('',#3592);
#397=VERTEX_POINT('',#3669);
#398=EDGE_CURVE('',#309,#310,#212,.T.);
#399=EDGE_CURVE('',#311,#309,#213,.T.);
#400=EDGE_CURVE('',#312,#311,#214,.T.);
#401=EDGE_CURVE('',#310,#312,#215,.T.);
#402=EDGE_CURVE('',#313,#314,#216,.T.);
#403=EDGE_CURVE('',#313,#315,#217,.T.);
#404=EDGE_CURVE('',#316,#315,#31,.T.);
#405=EDGE_CURVE('',#316,#314,#30,.T.);
#406=EDGE_CURVE('',#314,#317,#218,.T.);
#407=EDGE_CURVE('',#318,#317,#219,.T.);
#408=EDGE_CURVE('',#318,#313,#220,.T.);
#409=EDGE_CURVE('',#317,#316,#221,.T.);
#410=EDGE_CURVE('',#315,#319,#222,.T.);
#411=EDGE_CURVE('',#319,#318,#223,.T.);
#412=EDGE_CURVE('',#319,#310,#224,.T.);
#413=EDGE_CURVE('',#320,#311,#225,.T.);
#414=EDGE_CURVE('',#321,#320,#226,.T.);
#415=EDGE_CURVE('',#322,#321,#227,.T.);
#416=EDGE_CURVE('',#323,#322,#228,.T.);
#417=EDGE_CURVE('',#324,#323,#229,.T.);
#418=EDGE_CURVE('',#325,#324,#230,.T.);
#419=EDGE_CURVE('',#326,#325,#231,.T.);
#420=EDGE_CURVE('',#327,#326,#232,.T.);
#421=EDGE_CURVE('',#328,#327,#233,.T.);
#422=EDGE_CURVE('',#329,#328,#234,.T.);
#423=EDGE_CURVE('',#330,#329,#235,.T.);
#424=EDGE_CURVE('',#309,#330,#236,.T.);
#425=EDGE_CURVE('',#331,#332,#237,.T.);
#426=EDGE_CURVE('',#333,#331,#238,.T.);
#427=EDGE_CURVE('',#334,#333,#239,.T.);
#428=EDGE_CURVE('',#335,#334,#240,.T.);
#429=EDGE_CURVE('',#336,#335,#32,.T.);
#430=EDGE_CURVE('',#337,#336,#241,.T.);
#431=EDGE_CURVE('',#338,#337,#242,.T.);
#432=EDGE_CURVE('',#332,#338,#243,.T.);
#433=EDGE_CURVE('',#333,#339,#244,.T.);
#434=EDGE_CURVE('',#340,#331,#33,.T.);
#435=EDGE_CURVE('',#340,#339,#245,.T.);
#436=EDGE_CURVE('',#339,#341,#246,.T.);
#437=EDGE_CURVE('',#334,#341,#247,.T.);
#438=EDGE_CURVE('',#332,#342,#248,.T.);
#439=EDGE_CURVE('',#343,#338,#34,.T.);
#440=EDGE_CURVE('',#343,#342,#249,.T.);
#441=EDGE_CURVE('',#342,#340,#250,.T.);
#442=EDGE_CURVE('',#341,#344,#251,.T.);
#443=EDGE_CURVE('',#344,#335,#35,.T.);
#444=EDGE_CURVE('',#337,#345,#36,.T.);
#445=EDGE_CURVE('',#345,#343,#252,.T.);
#446=EDGE_CURVE('',#344,#346,#37,.T.);
#447=EDGE_CURVE('',#346,#336,#38,.T.);
#448=EDGE_CURVE('',#346,#345,#253,.T.);
#449=EDGE_CURVE('',#340,#347,#39,.T.);
#450=EDGE_CURVE('',#348,#347,#254,.T.);
#451=EDGE_CURVE('',#344,#348,#40,.T.);
#452=EDGE_CURVE('',#343,#349,#41,.T.);
#453=EDGE_CURVE('',#349,#350,#255,.T.);
#454=EDGE_CURVE('',#351,#350,#256,.T.);
#455=EDGE_CURVE('',#352,#351,#257,.T.);
#456=EDGE_CURVE('',#347,#352,#258,.T.);
#457=EDGE_CURVE('',#353,#354,#259,.T.);
#458=EDGE_CURVE('',#353,#355,#260,.T.);
#459=EDGE_CURVE('',#355,#356,#42,.T.);
#460=EDGE_CURVE('',#356,#354,#261,.T.);
#461=EDGE_CURVE('',#357,#352,#262,.T.);
#462=EDGE_CURVE('',#357,#358,#263,.T.);
#463=EDGE_CURVE('',#347,#358,#43,.T.);
#464=EDGE_CURVE('',#358,#359,#264,.T.);
#465=EDGE_CURVE('',#359,#348,#44,.T.);
#466=EDGE_CURVE('',#351,#360,#265,.T.);
#467=EDGE_CURVE('',#360,#361,#266,.T.);
#468=EDGE_CURVE('',#361,#357,#267,.T.);
#469=EDGE_CURVE('',#362,#363,#45,.T.);
#470=EDGE_CURVE('',#363,#364,#268,.T.);
#471=EDGE_CURVE('',#364,#350,#46,.T.);
#472=EDGE_CURVE('',#350,#362,#269,.T.);
#473=EDGE_CURVE('',#364,#365,#270,.T.);
#474=EDGE_CURVE('',#365,#360,#271,.T.);
#475=EDGE_CURVE('',#366,#367,#47,.T.);
#476=EDGE_CURVE('',#367,#368,#48,.T.);
#477=EDGE_CURVE('',#368,#369,#49,.T.);
#478=EDGE_CURVE('',#369,#366,#50,.T.);
#479=EDGE_CURVE('',#370,#371,#51,.T.);
#480=EDGE_CURVE('',#371,#367,#17,.T.);
#481=EDGE_CURVE('',#366,#370,#18,.T.);
#482=EDGE_CURVE('',#372,#373,#52,.T.);
#483=EDGE_CURVE('',#373,#371,#19,.T.);
#484=EDGE_CURVE('',#370,#372,#20,.T.);
#485=EDGE_CURVE('',#368,#348,#272,.T.);
#486=EDGE_CURVE('',#359,#369,#273,.T.);
#487=EDGE_CURVE('',#374,#375,#53,.T.);
#488=EDGE_CURVE('',#375,#376,#274,.T.);
#489=EDGE_CURVE('',#376,#377,#54,.T.);
#490=EDGE_CURVE('',#377,#374,#275,.T.);
#491=EDGE_CURVE('',#374,#373,#276,.T.);
#492=EDGE_CURVE('',#372,#375,#277,.T.);
#493=EDGE_CURVE('',#378,#379,#55,.T.);
#494=EDGE_CURVE('',#379,#380,#278,.T.);
#495=EDGE_CURVE('',#380,#381,#56,.T.);
#496=EDGE_CURVE('',#381,#378,#279,.T.);
#497=EDGE_CURVE('',#378,#377,#280,.T.);
#498=EDGE_CURVE('',#376,#379,#281,.T.);
#499=EDGE_CURVE('',#354,#382,#282,.T.);
#500=EDGE_CURVE('',#382,#383,#57,.T.);
#501=EDGE_CURVE('',#383,#353,#283,.T.);
#502=EDGE_CURVE('',#355,#381,#284,.T.);
#503=EDGE_CURVE('',#380,#356,#285,.T.);
#504=EDGE_CURVE('',#362,#383,#286,.T.);
#505=EDGE_CURVE('',#382,#363,#287,.T.);
#506=EDGE_CURVE('',#345,#384,#58,.T.);
#507=EDGE_CURVE('',#373,#384,#288,.F.);
#508=EDGE_CURVE('',#365,#385,#289,.T.);
#509=EDGE_CURVE('',#386,#385,#290,.T.);
#510=EDGE_CURVE('',#386,#387,#291,.T.);
#511=EDGE_CURVE('',#388,#387,#292,.T.);
#512=EDGE_CURVE('',#389,#388,#293,.T.);
#513=EDGE_CURVE('',#366,#389,#59,.T.);
#514=EDGE_CURVE('',#390,#363,#294,.T.);
#515=EDGE_CURVE('',#385,#390,#295,.T.);
#516=EDGE_CURVE('',#380,#391,#296,.T.);
#517=EDGE_CURVE('',#392,#391,#297,.T.);
#518=EDGE_CURVE('',#390,#392,#298,.T.);
#519=EDGE_CURVE('',#388,#328,#299,.T.);
#520=EDGE_CURVE('',#329,#386,#300,.T.);
#521=EDGE_CURVE('',#325,#393,#301,.T.);
#522=EDGE_CURVE('',#324,#394,#60,.T.);
#523=EDGE_CURVE('',#394,#393,#302,.T.);
#524=EDGE_CURVE('',#322,#395,#61,.T.);
#525=EDGE_CURVE('',#395,#396,#303,.T.);
#526=EDGE_CURVE('',#396,#323,#62,.T.);
#527=EDGE_CURVE('',#390,#330,#304,.T.);
#528=EDGE_CURVE('',#393,#397,#305,.T.);
#529=EDGE_CURVE('',#397,#326,#63,.T.);
#530=EDGE_CURVE('',#389,#327,#64,.T.);
#531=EDGE_CURVE('',#397,#389,#306,.T.);
#532=EDGE_CURVE('',#392,#320,#65,.T.);
#533=EDGE_CURVE('',#391,#321,#66,.T.);
#534=EDGE_CURVE('',#391,#395,#307,.T.);
#535=EDGE_CURVE('',#396,#394,#308,.T.);
#536=EDGE_CURVE('',#370,#397,#67,.T.);
#537=EDGE_CURVE('',#394,#379,#68,.T.);
#538=ORIENTED_EDGE('',*,*,#398,.F.);
#539=ORIENTED_EDGE('',*,*,#399,.F.);
#540=ORIENTED_EDGE('',*,*,#400,.F.);
#541=ORIENTED_EDGE('',*,*,#401,.F.);
#542=ORIENTED_EDGE('',*,*,#402,.F.);
#543=ORIENTED_EDGE('',*,*,#403,.T.);
#544=ORIENTED_EDGE('',*,*,#404,.F.);
#545=ORIENTED_EDGE('',*,*,#405,.T.);
#546=ORIENTED_EDGE('',*,*,#402,.T.);
#547=ORIENTED_EDGE('',*,*,#406,.T.);
#548=ORIENTED_EDGE('',*,*,#407,.F.);
#549=ORIENTED_EDGE('',*,*,#408,.T.);
#550=ORIENTED_EDGE('',*,*,#407,.T.);
#551=ORIENTED_EDGE('',*,*,#409,.T.);
#552=ORIENTED_EDGE('',*,*,#404,.T.);
#553=ORIENTED_EDGE('',*,*,#410,.T.);
#554=ORIENTED_EDGE('',*,*,#411,.T.);
#555=ORIENTED_EDGE('',*,*,#398,.T.);
#556=ORIENTED_EDGE('',*,*,#412,.F.);
#557=ORIENTED_EDGE('',*,*,#410,.F.);
#558=ORIENTED_EDGE('',*,*,#403,.F.);
#559=ORIENTED_EDGE('',*,*,#408,.F.);
#560=ORIENTED_EDGE('',*,*,#411,.F.);
#561=ORIENTED_EDGE('',*,*,#412,.T.);
#562=ORIENTED_EDGE('',*,*,#401,.T.);
#563=ORIENTED_EDGE('',*,*,#400,.T.);
#564=ORIENTED_EDGE('',*,*,#413,.F.);
#565=ORIENTED_EDGE('',*,*,#414,.F.);
#566=ORIENTED_EDGE('',*,*,#415,.F.);
#567=ORIENTED_EDGE('',*,*,#416,.F.);
#568=ORIENTED_EDGE('',*,*,#417,.F.);
#569=ORIENTED_EDGE('',*,*,#418,.F.);
#570=ORIENTED_EDGE('',*,*,#419,.F.);
#571=ORIENTED_EDGE('',*,*,#420,.F.);
#572=ORIENTED_EDGE('',*,*,#421,.F.);
#573=ORIENTED_EDGE('',*,*,#422,.F.);
#574=ORIENTED_EDGE('',*,*,#423,.F.);
#575=ORIENTED_EDGE('',*,*,#424,.F.);
#576=ORIENTED_EDGE('',*,*,#425,.F.);
#577=ORIENTED_EDGE('',*,*,#426,.F.);
#578=ORIENTED_EDGE('',*,*,#427,.F.);
#579=ORIENTED_EDGE('',*,*,#428,.F.);
#580=ORIENTED_EDGE('',*,*,#429,.F.);
#581=ORIENTED_EDGE('',*,*,#430,.F.);
#582=ORIENTED_EDGE('',*,*,#431,.F.);
#583=ORIENTED_EDGE('',*,*,#432,.F.);
#584=ORIENTED_EDGE('',*,*,#405,.F.);
#585=ORIENTED_EDGE('',*,*,#409,.F.);
#586=ORIENTED_EDGE('',*,*,#406,.F.);
#587=ORIENTED_EDGE('',*,*,#433,.F.);
#588=ORIENTED_EDGE('',*,*,#426,.T.);
#589=ORIENTED_EDGE('',*,*,#434,.F.);
#590=ORIENTED_EDGE('',*,*,#435,.T.);
#591=ORIENTED_EDGE('',*,*,#433,.T.);
#592=ORIENTED_EDGE('',*,*,#436,.T.);
#593=ORIENTED_EDGE('',*,*,#437,.F.);
#594=ORIENTED_EDGE('',*,*,#427,.T.);
#595=ORIENTED_EDGE('',*,*,#438,.F.);
#596=ORIENTED_EDGE('',*,*,#432,.T.);
#597=ORIENTED_EDGE('',*,*,#439,.F.);
#598=ORIENTED_EDGE('',*,*,#440,.T.);
#599=ORIENTED_EDGE('',*,*,#438,.T.);
#600=ORIENTED_EDGE('',*,*,#441,.T.);
#601=ORIENTED_EDGE('',*,*,#434,.T.);
#602=ORIENTED_EDGE('',*,*,#425,.T.);
#603=ORIENTED_EDGE('',*,*,#437,.T.);
#604=ORIENTED_EDGE('',*,*,#442,.T.);
#605=ORIENTED_EDGE('',*,*,#443,.T.);
#606=ORIENTED_EDGE('',*,*,#428,.T.);
#607=ORIENTED_EDGE('',*,*,#439,.T.);
#608=ORIENTED_EDGE('',*,*,#431,.T.);
#609=ORIENTED_EDGE('',*,*,#444,.T.);
#610=ORIENTED_EDGE('',*,*,#445,.T.);
#611=ORIENTED_EDGE('',*,*,#443,.F.);
#612=ORIENTED_EDGE('',*,*,#446,.T.);
#613=ORIENTED_EDGE('',*,*,#447,.T.);
#614=ORIENTED_EDGE('',*,*,#429,.T.);
#615=ORIENTED_EDGE('',*,*,#447,.F.);
#616=ORIENTED_EDGE('',*,*,#448,.T.);
#617=ORIENTED_EDGE('',*,*,#444,.F.);
#618=ORIENTED_EDGE('',*,*,#430,.T.);
#619=ORIENTED_EDGE('',*,*,#435,.F.);
#620=ORIENTED_EDGE('',*,*,#449,.T.);
#621=ORIENTED_EDGE('',*,*,#450,.F.);
#622=ORIENTED_EDGE('',*,*,#451,.F.);
#623=ORIENTED_EDGE('',*,*,#442,.F.);
#624=ORIENTED_EDGE('',*,*,#436,.F.);
#625=ORIENTED_EDGE('',*,*,#440,.F.);
#626=ORIENTED_EDGE('',*,*,#452,.T.);
#627=ORIENTED_EDGE('',*,*,#453,.T.);
#628=ORIENTED_EDGE('',*,*,#454,.F.);
#629=ORIENTED_EDGE('',*,*,#455,.F.);
#630=ORIENTED_EDGE('',*,*,#456,.F.);
#631=ORIENTED_EDGE('',*,*,#449,.F.);
#632=ORIENTED_EDGE('',*,*,#441,.F.);
#633=ORIENTED_EDGE('',*,*,#457,.F.);
#634=ORIENTED_EDGE('',*,*,#458,.T.);
#635=ORIENTED_EDGE('',*,*,#459,.T.);
#636=ORIENTED_EDGE('',*,*,#460,.T.);
#637=ORIENTED_EDGE('',*,*,#461,.F.);
#638=ORIENTED_EDGE('',*,*,#462,.T.);
#639=ORIENTED_EDGE('',*,*,#463,.F.);
#640=ORIENTED_EDGE('',*,*,#456,.T.);
#641=ORIENTED_EDGE('',*,*,#463,.T.);
#642=ORIENTED_EDGE('',*,*,#464,.T.);
#643=ORIENTED_EDGE('',*,*,#465,.T.);
#644=ORIENTED_EDGE('',*,*,#450,.T.);
#645=ORIENTED_EDGE('',*,*,#461,.T.);
#646=ORIENTED_EDGE('',*,*,#455,.T.);
#647=ORIENTED_EDGE('',*,*,#466,.T.);
#648=ORIENTED_EDGE('',*,*,#467,.T.);
#649=ORIENTED_EDGE('',*,*,#468,.T.);
#650=ORIENTED_EDGE('',*,*,#469,.T.);
#651=ORIENTED_EDGE('',*,*,#470,.T.);
#652=ORIENTED_EDGE('',*,*,#471,.T.);
#653=ORIENTED_EDGE('',*,*,#472,.T.);
#654=ORIENTED_EDGE('',*,*,#454,.T.);
#655=ORIENTED_EDGE('',*,*,#471,.F.);
#656=ORIENTED_EDGE('',*,*,#473,.T.);
#657=ORIENTED_EDGE('',*,*,#474,.T.);
#658=ORIENTED_EDGE('',*,*,#466,.F.);
#659=ORIENTED_EDGE('',*,*,#475,.T.);
#660=ORIENTED_EDGE('',*,*,#476,.T.);
#661=ORIENTED_EDGE('',*,*,#477,.T.);
#662=ORIENTED_EDGE('',*,*,#478,.T.);
#663=ORIENTED_EDGE('',*,*,#479,.T.);
#664=ORIENTED_EDGE('',*,*,#480,.T.);
#665=ORIENTED_EDGE('',*,*,#475,.F.);
#666=ORIENTED_EDGE('',*,*,#481,.T.);
#667=ORIENTED_EDGE('',*,*,#482,.T.);
#668=ORIENTED_EDGE('',*,*,#483,.T.);
#669=ORIENTED_EDGE('',*,*,#479,.F.);
#670=ORIENTED_EDGE('',*,*,#484,.T.);
#671=ORIENTED_EDGE('',*,*,#477,.F.);
#672=ORIENTED_EDGE('',*,*,#485,.T.);
#673=ORIENTED_EDGE('',*,*,#465,.F.);
#674=ORIENTED_EDGE('',*,*,#486,.T.);
#675=ORIENTED_EDGE('',*,*,#487,.T.);
#676=ORIENTED_EDGE('',*,*,#488,.T.);
#677=ORIENTED_EDGE('',*,*,#489,.T.);
#678=ORIENTED_EDGE('',*,*,#490,.T.);
#679=ORIENTED_EDGE('',*,*,#487,.F.);
#680=ORIENTED_EDGE('',*,*,#491,.T.);
#681=ORIENTED_EDGE('',*,*,#482,.F.);
#682=ORIENTED_EDGE('',*,*,#492,.T.);
#683=ORIENTED_EDGE('',*,*,#493,.T.);
#684=ORIENTED_EDGE('',*,*,#494,.T.);
#685=ORIENTED_EDGE('',*,*,#495,.T.);
#686=ORIENTED_EDGE('',*,*,#496,.T.);
#687=ORIENTED_EDGE('',*,*,#493,.F.);
#688=ORIENTED_EDGE('',*,*,#497,.T.);
#689=ORIENTED_EDGE('',*,*,#489,.F.);
#690=ORIENTED_EDGE('',*,*,#498,.T.);
#691=ORIENTED_EDGE('',*,*,#457,.T.);
#692=ORIENTED_EDGE('',*,*,#499,.T.);
#693=ORIENTED_EDGE('',*,*,#500,.T.);
#694=ORIENTED_EDGE('',*,*,#501,.T.);
#695=ORIENTED_EDGE('',*,*,#459,.F.);
#696=ORIENTED_EDGE('',*,*,#502,.T.);
#697=ORIENTED_EDGE('',*,*,#495,.F.);
#698=ORIENTED_EDGE('',*,*,#503,.T.);
#699=ORIENTED_EDGE('',*,*,#469,.F.);
#700=ORIENTED_EDGE('',*,*,#504,.T.);
#701=ORIENTED_EDGE('',*,*,#500,.F.);
#702=ORIENTED_EDGE('',*,*,#505,.T.);
#703=ORIENTED_EDGE('',*,*,#445,.F.);
#704=ORIENTED_EDGE('',*,*,#506,.T.);
#705=ORIENTED_EDGE('',*,*,#507,.F.);
#706=ORIENTED_EDGE('',*,*,#491,.F.);
#707=ORIENTED_EDGE('',*,*,#490,.F.);
#708=ORIENTED_EDGE('',*,*,#497,.F.);
#709=ORIENTED_EDGE('',*,*,#496,.F.);
#710=ORIENTED_EDGE('',*,*,#502,.F.);
#711=ORIENTED_EDGE('',*,*,#458,.F.);
#712=ORIENTED_EDGE('',*,*,#501,.F.);
#713=ORIENTED_EDGE('',*,*,#504,.F.);
#714=ORIENTED_EDGE('',*,*,#472,.F.);
#715=ORIENTED_EDGE('',*,*,#453,.F.);
#716=ORIENTED_EDGE('',*,*,#452,.F.);
#717=ORIENTED_EDGE('',*,*,#478,.F.);
#718=ORIENTED_EDGE('',*,*,#486,.F.);
#719=ORIENTED_EDGE('',*,*,#464,.F.);
#720=ORIENTED_EDGE('',*,*,#462,.F.);
#721=ORIENTED_EDGE('',*,*,#468,.F.);
#722=ORIENTED_EDGE('',*,*,#467,.F.);
#723=ORIENTED_EDGE('',*,*,#474,.F.);
#724=ORIENTED_EDGE('',*,*,#508,.T.);
#725=ORIENTED_EDGE('',*,*,#509,.F.);
#726=ORIENTED_EDGE('',*,*,#510,.T.);
#727=ORIENTED_EDGE('',*,*,#511,.F.);
#728=ORIENTED_EDGE('',*,*,#512,.F.);
#729=ORIENTED_EDGE('',*,*,#513,.F.);
#730=ORIENTED_EDGE('',*,*,#473,.F.);
#731=ORIENTED_EDGE('',*,*,#470,.F.);
#732=ORIENTED_EDGE('',*,*,#514,.F.);
#733=ORIENTED_EDGE('',*,*,#515,.F.);
#734=ORIENTED_EDGE('',*,*,#508,.F.);
#735=ORIENTED_EDGE('',*,*,#505,.F.);
#736=ORIENTED_EDGE('',*,*,#499,.F.);
#737=ORIENTED_EDGE('',*,*,#460,.F.);
#738=ORIENTED_EDGE('',*,*,#503,.F.);
#739=ORIENTED_EDGE('',*,*,#516,.T.);
#740=ORIENTED_EDGE('',*,*,#517,.F.);
#741=ORIENTED_EDGE('',*,*,#518,.F.);
#742=ORIENTED_EDGE('',*,*,#514,.T.);
#743=ORIENTED_EDGE('',*,*,#519,.F.);
#744=ORIENTED_EDGE('',*,*,#511,.T.);
#745=ORIENTED_EDGE('',*,*,#510,.F.);
#746=ORIENTED_EDGE('',*,*,#520,.F.);
#747=ORIENTED_EDGE('',*,*,#422,.T.);
#748=ORIENTED_EDGE('',*,*,#521,.F.);
#749=ORIENTED_EDGE('',*,*,#418,.T.);
#750=ORIENTED_EDGE('',*,*,#522,.T.);
#751=ORIENTED_EDGE('',*,*,#523,.T.);
#752=ORIENTED_EDGE('',*,*,#524,.T.);
#753=ORIENTED_EDGE('',*,*,#525,.T.);
#754=ORIENTED_EDGE('',*,*,#526,.T.);
#755=ORIENTED_EDGE('',*,*,#416,.T.);
#756=ORIENTED_EDGE('',*,*,#515,.T.);
#757=ORIENTED_EDGE('',*,*,#527,.T.);
#758=ORIENTED_EDGE('',*,*,#423,.T.);
#759=ORIENTED_EDGE('',*,*,#520,.T.);
#760=ORIENTED_EDGE('',*,*,#509,.T.);
#761=ORIENTED_EDGE('',*,*,#521,.T.);
#762=ORIENTED_EDGE('',*,*,#528,.T.);
#763=ORIENTED_EDGE('',*,*,#529,.T.);
#764=ORIENTED_EDGE('',*,*,#419,.T.);
#765=ORIENTED_EDGE('',*,*,#530,.T.);
#766=ORIENTED_EDGE('',*,*,#420,.T.);
#767=ORIENTED_EDGE('',*,*,#529,.F.);
#768=ORIENTED_EDGE('',*,*,#531,.T.);
#769=ORIENTED_EDGE('',*,*,#519,.T.);
#770=ORIENTED_EDGE('',*,*,#421,.T.);
#771=ORIENTED_EDGE('',*,*,#530,.F.);
#772=ORIENTED_EDGE('',*,*,#512,.T.);
#773=ORIENTED_EDGE('',*,*,#527,.F.);
#774=ORIENTED_EDGE('',*,*,#518,.T.);
#775=ORIENTED_EDGE('',*,*,#532,.T.);
#776=ORIENTED_EDGE('',*,*,#413,.T.);
#777=ORIENTED_EDGE('',*,*,#399,.T.);
#778=ORIENTED_EDGE('',*,*,#424,.T.);
#779=ORIENTED_EDGE('',*,*,#533,.T.);
#780=ORIENTED_EDGE('',*,*,#414,.T.);
#781=ORIENTED_EDGE('',*,*,#532,.F.);
#782=ORIENTED_EDGE('',*,*,#517,.T.);
#783=ORIENTED_EDGE('',*,*,#533,.F.);
#784=ORIENTED_EDGE('',*,*,#534,.T.);
#785=ORIENTED_EDGE('',*,*,#524,.F.);
#786=ORIENTED_EDGE('',*,*,#415,.T.);
#787=ORIENTED_EDGE('',*,*,#526,.F.);
#788=ORIENTED_EDGE('',*,*,#535,.T.);
#789=ORIENTED_EDGE('',*,*,#522,.F.);
#790=ORIENTED_EDGE('',*,*,#417,.T.);
#791=ORIENTED_EDGE('',*,*,#481,.F.);
#792=ORIENTED_EDGE('',*,*,#513,.T.);
#793=ORIENTED_EDGE('',*,*,#531,.F.);
#794=ORIENTED_EDGE('',*,*,#536,.F.);
#795=ORIENTED_EDGE('',*,*,#484,.F.);
#796=ORIENTED_EDGE('',*,*,#536,.T.);
#797=ORIENTED_EDGE('',*,*,#528,.F.);
#798=ORIENTED_EDGE('',*,*,#523,.F.);
#799=ORIENTED_EDGE('',*,*,#537,.T.);
#800=ORIENTED_EDGE('',*,*,#498,.F.);
#801=ORIENTED_EDGE('',*,*,#488,.F.);
#802=ORIENTED_EDGE('',*,*,#492,.F.);
#803=ORIENTED_EDGE('',*,*,#446,.F.);
#804=ORIENTED_EDGE('',*,*,#451,.T.);
#805=ORIENTED_EDGE('',*,*,#485,.F.);
#806=ORIENTED_EDGE('',*,*,#476,.F.);
#807=ORIENTED_EDGE('',*,*,#480,.F.);
#808=ORIENTED_EDGE('',*,*,#483,.F.);
#809=ORIENTED_EDGE('',*,*,#507,.T.);
#810=ORIENTED_EDGE('',*,*,#506,.F.);
#811=ORIENTED_EDGE('',*,*,#448,.F.);
#812=ORIENTED_EDGE('',*,*,#494,.F.);
#813=ORIENTED_EDGE('',*,*,#537,.F.);
#814=ORIENTED_EDGE('',*,*,#535,.F.);
#815=ORIENTED_EDGE('',*,*,#525,.F.);
#816=ORIENTED_EDGE('',*,*,#534,.F.);
#817=ORIENTED_EDGE('',*,*,#516,.F.);
#818=B_SPLINE_SURFACE_WITH_KNOTS('',3,3,((#1009,#1010,#1011,#1012),(#1013,
#1014,#1015,#1016),(#1017,#1018,#1019,#1020),(#1021,#1022,#1023,#1024)),
 .UNSPECIFIED.,.F.,.F.,.F.,(4,4),(4,4),(-0.0131158168870363,6.36919406105108E-11),
(0.730391729039909,0.868076269593756),.UNSPECIFIED.);
#819=B_SPLINE_SURFACE_WITH_KNOTS('',3,3,((#1045,#1046,#1047,#1048,#1049,
#1050,#1051,#1052,#1053,#1054),(#1055,#1056,#1057,#1058,#1059,#1060,#1061,
#1062,#1063,#1064),(#1065,#1066,#1067,#1068,#1069,#1070,#1071,#1072,#1073,
#1074),(#1075,#1076,#1077,#1078,#1079,#1080,#1081,#1082,#1083,#1084)),
 .UNSPECIFIED.,.F.,.F.,.F.,(4,4),(4,1,1,1,1,1,1,4),(0.,1.),(8.72070143611212,
8.89092811942783,9.06115480274354,9.74206153600637,10.4229682692692,10.7634216359006,
10.9336483192163,11.103875002532),.UNSPECIFIED.);
#820=B_SPLINE_SURFACE_WITH_KNOTS('',3,3,((#1124,#1125,#1126,#1127,#1128,
#1129,#1130,#1131,#1132,#1133,#1134,#1135,#1136,#1137,#1138),(#1139,#1140,
#1141,#1142,#1143,#1144,#1145,#1146,#1147,#1148,#1149,#1150,#1151,#1152,
#1153),(#1154,#1155,#1156,#1157,#1158,#1159,#1160,#1161,#1162,#1163,#1164,
#1165,#1166,#1167,#1168),(#1169,#1170,#1171,#1172,#1173,#1174,#1175,#1176,
#1177,#1178,#1179,#1180,#1181,#1182,#1183)),.UNSPECIFIED.,.F.,.F.,.F.,(4,
4),(4,1,1,1,1,1,1,1,1,1,1,1,4),(0.,1.),(6.04014262061596,6.23161110743711,
6.42307959425827,6.80601656790058,7.18895354154289,7.57189051518519,7.9548274888275,
8.14629597564866,8.24203021905923,8.33776446246981,8.43349870588039,8.52923294929096,
8.72070143611212),.UNSPECIFIED.);
#821=B_SPLINE_SURFACE_WITH_KNOTS('',3,3,((#1220,#1221,#1222,#1223,#1224,
#1225,#1226,#1227,#1228,#1229,#1230,#1231,#1232,#1233,#1234,#1235,#1236,
#1237,#1238,#1239,#1240,#1241,#1242,#1243),(#1244,#1245,#1246,#1247,#1248,
#1249,#1250,#1251,#1252,#1253,#1254,#1255,#1256,#1257,#1258,#1259,#1260,
#1261,#1262,#1263,#1264,#1265,#1266,#1267),(#1268,#1269,#1270,#1271,#1272,
#1273,#1274,#1275,#1276,#1277,#1278,#1279,#1280,#1281,#1282,#1283,#1284,
#1285,#1286,#1287,#1288,#1289,#1290,#1291),(#1292,#1293,#1294,#1295,#1296,
#1297,#1298,#1299,#1300,#1301,#1302,#1303,#1304,#1305,#1306,#1307,#1308,
#1309,#1310,#1311,#1312,#1313,#1314,#1315),(#1316,#1317,#1318,#1319,#1320,
#1321,#1322,#1323,#1324,#1325,#1326,#1327,#1328,#1329,#1330,#1331,#1332,
#1333,#1334,#1335,#1336,#1337,#1338,#1339),(#1340,#1341,#1342,#1343,#1344,
#1345,#1346,#1347,#1348,#1349,#1350,#1351,#1352,#1353,#1354,#1355,#1356,
#1357,#1358,#1359,#1360,#1361,#1362,#1363),(#1364,#1365,#1366,#1367,#1368,
#1369,#1370,#1371,#1372,#1373,#1374,#1375,#1376,#1377,#1378,#1379,#1380,
#1381,#1382,#1383,#1384,#1385,#1386,#1387)),.UNSPECIFIED.,.F.,.F.,.F.,(4,
1,1,1,4),(4,1,1,1,1,1,1,1,1,1,1,1,2,1,1,1,1,1,1,1,4),(0.,0.285714285714286,
0.5,0.785714285714286,1.),(-0.329535578428641,-0.225564677035557,-0.121593775642473,
-0.0176228742493891,0.0863480271436948,0.50223163271603,0.918115238288365,
1.3339988438607,1.74988244943304,2.16576605500537,2.26973695639846,2.37370785779154,
2.58164966057771,2.70516726629336,2.82868487200901,3.07572008344031,4.06386092916553,
5.05200177489075,5.54607219775335,5.79310740918466,6.04014262061596),
 .UNSPECIFIED.);
#822=B_SPLINE_SURFACE_WITH_KNOTS('',3,3,((#1634,#1635,#1636,#1637),(#1638,
#1639,#1640,#1641),(#1642,#1643,#1644,#1645),(#1646,#1647,#1648,#1649),
(#1650,#1651,#1652,#1653),(#1654,#1655,#1656,#1657),(#1658,#1659,#1660,
#1661),(#1662,#1663,#1664,#1665),(#1666,#1667,#1668,#1669),(#1670,#1671,
#1672,#1673),(#1674,#1675,#1676,#1677),(#1678,#1679,#1680,#1681),(#1682,
#1683,#1684,#1685),(#1686,#1687,#1688,#1689),(#1690,#1691,#1692,#1693),
(#1694,#1695,#1696,#1697),(#1698,#1699,#1700,#1701),(#1702,#1703,#1704,
#1705),(#1706,#1707,#1708,#1709),(#1710,#1711,#1712,#1713),(#1714,#1715,
#1716,#1717),(#1718,#1719,#1720,#1721),(#1722,#1723,#1724,#1725),(#1726,
#1727,#1728,#1729),(#1730,#1731,#1732,#1733),(#1734,#1735,#1736,#1737)),
 .UNSPECIFIED.,.T.,.F.,.F.,(4,1,2,1,1,1,1,1,1,1,2,1,2,1,1,1,1,1,1,1,4),
(4,4),(0.,0.107691372736548,0.215382745473096,0.247288667040817,0.279194588608538,
0.311100510176259,0.34300643174398,0.374912353311701,0.406818274879422,
0.438724196447143,0.470630118014864,0.524475804383139,0.686012863487965,
0.72526125555197,0.764509647615974,0.803758039679978,0.843006431743983,
0.882254823807987,0.921503215871991,0.960751607935996,1.),(0.092426805021947,
0.879653597184087),.UNSPECIFIED.);
#823=B_SPLINE_SURFACE_WITH_KNOTS('',3,3,((#2184,#2185,#2186,#2187),(#2188,
#2189,#2190,#2191),(#2192,#2193,#2194,#2195),(#2196,#2197,#2198,#2199)),
 .UNSPECIFIED.,.F.,.F.,.F.,(4,4),(4,4),(0.,1.),(-4.25663471091089,-4.24927601312969),
 .UNSPECIFIED.);
#824=B_SPLINE_SURFACE_WITH_KNOTS('',3,3,((#2211,#2212,#2213,#2214,#2215,
#2216,#2217,#2218,#2219,#2220,#2221,#2222,#2223,#2224,#2225,#2226),(#2227,
#2228,#2229,#2230,#2231,#2232,#2233,#2234,#2235,#2236,#2237,#2238,#2239,
#2240,#2241,#2242),(#2243,#2244,#2245,#2246,#2247,#2248,#2249,#2250,#2251,
#2252,#2253,#2254,#2255,#2256,#2257,#2258),(#2259,#2260,#2261,#2262,#2263,
#2264,#2265,#2266,#2267,#2268,#2269,#2270,#2271,#2272,#2273,#2274)),
 .UNSPECIFIED.,.F.,.F.,.F.,(4,4),(4,2,1,1,1,1,1,1,1,1,1,1,4),(0.,1.),(-8.00640889433541,
-7.97638722985631,-7.23243672606722,-6.48848622227814,-5.74453571848906,
-5.00058521469997,-4.8145975887527,-4.72160377577907,-4.67510686929225,
-4.62860996280543,-4.5356161498318,-4.44262233685816,-4.25663471091089),
 .UNSPECIFIED.);
#825=B_SPLINE_SURFACE_WITH_KNOTS('',3,3,((#2317,#2318,#2319,#2320),(#2321,
#2322,#2323,#2324),(#2325,#2326,#2327,#2328),(#2329,#2330,#2331,#2332)),
 .UNSPECIFIED.,.F.,.F.,.F.,(4,4),(4,4),(0.,1.),(-3.35781858498456,-3.35416320256497),
 .UNSPECIFIED.);
#826=B_SPLINE_SURFACE_WITH_KNOTS('',3,3,((#2344,#2345,#2346,#2347,#2348,
#2349,#2350,#2351,#2352,#2353,#2354,#2355,#2356,#2357,#2358),(#2359,#2360,
#2361,#2362,#2363,#2364,#2365,#2366,#2367,#2368,#2369,#2370,#2371,#2372,
#2373),(#2374,#2375,#2376,#2377,#2378,#2379,#2380,#2381,#2382,#2383,#2384,
#2385,#2386,#2387,#2388),(#2389,#2390,#2391,#2392,#2393,#2394,#2395,#2396,
#2397,#2398,#2399,#2400,#2401,#2402,#2403)),.UNSPECIFIED.,.F.,.F.,.F.,(4,
4),(4,1,1,1,1,1,1,1,1,1,1,1,4),(0.,1.),(-4.17356923331615,-4.15900225745309,
-4.14443528159002,-4.11530132986389,-4.05703342641164,-3.94049761950712,
-3.7074260056981,-3.59089019879359,-3.53262229534133,-3.5034883436152,-3.47435439188907,
-3.41608648843682,-3.35781858498456),.UNSPECIFIED.);
#827=B_SPLINE_SURFACE_WITH_KNOTS('',3,3,((#2419,#2420,#2421,#2422),(#2423,
#2424,#2425,#2426),(#2427,#2428,#2429,#2430),(#2431,#2432,#2433,#2434)),
 .UNSPECIFIED.,.F.,.F.,.F.,(4,4),(4,4),(0.,1.),(-8.01640361942248,-8.00640889433541),
 .UNSPECIFIED.);
#828=B_SPLINE_SURFACE_WITH_KNOTS('',3,3,((#2441,#2442,#2443,#2444,#2445,
#2446,#2447,#2448,#2449,#2450,#2451,#2452,#2453,#2454,#2455,#2456,#2457,
#2458,#2459),(#2460,#2461,#2462,#2463,#2464,#2465,#2466,#2467,#2468,#2469,
#2470,#2471,#2472,#2473,#2474,#2475,#2476,#2477,#2478),(#2479,#2480,#2481,
#2482,#2483,#2484,#2485,#2486,#2487,#2488,#2489,#2490,#2491,#2492,#2493,
#2494,#2495,#2496,#2497),(#2498,#2499,#2500,#2501,#2502,#2503,#2504,#2505,
#2506,#2507,#2508,#2509,#2510,#2511,#2512,#2513,#2514,#2515,#2516)),
 .UNSPECIFIED.,.F.,.F.,.F.,(4,4),(4,1,1,1,1,1,1,1,1,1,1,1,1,1,1,1,4),(0.,
1.),(-3.35412221700169,-3.29430079132683,-3.23447936565198,-3.11483651430226,
-3.11109767519758,-3.1073588360929,-3.09988115788355,-3.08492580146483,
-3.0550150886274,-2.99519366295255,-2.87555081160283,-2.39697940620398,
-1.91840800080512,-1.43983659540626,-0.961265190007409,-0.482693784608552,
-0.00412237920969646),.UNSPECIFIED.);
#829=B_SPLINE_SURFACE_WITH_KNOTS('',3,3,((#2542,#2543,#2544,#2545),(#2546,
#2547,#2548,#2549),(#2550,#2551,#2552,#2553),(#2554,#2555,#2556,#2557)),
 .UNSPECIFIED.,.F.,.F.,.F.,(4,4),(4,4),(0.,1.),(-0.00412237920969659,2.00065815043199E-10),
 .UNSPECIFIED.);
#830=B_SPLINE_SURFACE_WITH_KNOTS('',3,3,((#2562,#2563,#2564,#2565),(#2566,
#2567,#2568,#2569),(#2570,#2571,#2572,#2573),(#2574,#2575,#2576,#2577),
(#2578,#2579,#2580,#2581),(#2582,#2583,#2584,#2585),(#2586,#2587,#2588,
#2589),(#2590,#2591,#2592,#2593),(#2594,#2595,#2596,#2597),(#2598,#2599,
#2600,#2601)),.UNSPECIFIED.,.F.,.F.,.F.,(4,1,1,1,1,1,1,4),(4,4),(0.528639503266488,
0.567204837724977,0.605770172183467,0.644335506641956,0.682900841100446,
0.721466175558936,0.760031510017425,0.798596844475915),(0.0924317515658928,
0.717914790339457),.UNSPECIFIED.);
#831=B_SPLINE_SURFACE_WITH_KNOTS('',3,3,((#2754,#2755,#2756,#2757),(#2758,
#2759,#2760,#2761),(#2762,#2763,#2764,#2765),(#2766,#2767,#2768,#2769)),
 .UNSPECIFIED.,.F.,.F.,.F.,(4,4),(4,4),(0.32723634721901,0.528639503278895),
(0.0929909819445969,0.730383456619306),.UNSPECIFIED.);
#832=B_SPLINE_SURFACE_WITH_KNOTS('',3,3,((#2802,#2803,#2804,#2805,#2806,
#2807),(#2808,#2809,#2810,#2811,#2812,#2813),(#2814,#2815,#2816,#2817,#2818,
#2819),(#2820,#2821,#2822,#2823,#2824,#2825)),.UNSPECIFIED.,.F.,.F.,.F.,
(4,4),(4,1,1,4),(0.,1.),(-0.368116614738606,-0.262940439099005,-0.210352351279204,
0.),.UNSPECIFIED.);
#833=B_SPLINE_SURFACE_WITH_KNOTS('',3,3,((#2847,#2848,#2849,#2850),(#2851,
#2852,#2853,#2854),(#2855,#2856,#2857,#2858),(#2859,#2860,#2861,#2862)),
 .UNSPECIFIED.,.F.,.F.,.F.,(4,4),(4,4),(0.,1.),(0.,0.00753509698603107),
 .UNSPECIFIED.);
#834=B_SPLINE_SURFACE_WITH_KNOTS('',3,3,((#2874,#2875,#2876,#2877,#2878,
#2879,#2880,#2881,#2882,#2883),(#2884,#2885,#2886,#2887,#2888,#2889,#2890,
#2891,#2892,#2893),(#2894,#2895,#2896,#2897,#2898,#2899,#2900,#2901,#2902,
#2903),(#2904,#2905,#2906,#2907,#2908,#2909,#2910,#2911,#2912,#2913)),
 .UNSPECIFIED.,.F.,.F.,.F.,(4,4),(4,1,1,1,1,1,1,4),(0.,1.),(-2.60717750008568,
-2.23572946180894,-1.86428142353219,-1.49283338525545,-1.1213853469787,
-0.378489270425214,-0.0999032417176559,-0.0070412321484698),
 .UNSPECIFIED.);
#835=B_SPLINE_SURFACE_WITH_KNOTS('',3,3,((#2926,#2927,#2928,#2929),(#2930,
#2931,#2932,#2933),(#2934,#2935,#2936,#2937),(#2938,#2939,#2940,#2941)),
 .UNSPECIFIED.,.F.,.F.,.F.,(4,4),(4,4),(0.,1.),(-0.30929222465904,0.),
 .UNSPECIFIED.);
#836=B_SPLINE_SURFACE_WITH_KNOTS('',3,3,((#2977,#2978,#2979,#2980),(#2981,
#2982,#2983,#2984),(#2985,#2986,#2987,#2988),(#2989,#2990,#2991,#2992)),
 .UNSPECIFIED.,.F.,.F.,.F.,(4,4),(4,4),(0.,1.),(-1.56107867572554,-0.244040730600035),
 .UNSPECIFIED.);
#837=B_SPLINE_SURFACE_WITH_KNOTS('',3,3,((#3006,#3007,#3008,#3009,#3010,
#3011),(#3012,#3013,#3014,#3015,#3016,#3017),(#3018,#3019,#3020,#3021,#3022,
#3023),(#3024,#3025,#3026,#3027,#3028,#3029)),.UNSPECIFIED.,.F.,.F.,.F.,
(4,4),(4,2,4),(0.,1.),(1.56107867572554,2.05738566160823,2.11682049253891),
 .UNSPECIFIED.);
#838=B_SPLINE_SURFACE_WITH_KNOTS('',3,3,((#3062,#3063,#3064,#3065),(#3066,
#3067,#3068,#3069),(#3070,#3071,#3072,#3073),(#3074,#3075,#3076,#3077)),
 .UNSPECIFIED.,.F.,.F.,.F.,(4,4),(4,4),(0.,1.),(-0.00704123214846951,3.7637710398693E-7),
 .UNSPECIFIED.);
#839=B_SPLINE_SURFACE_WITH_KNOTS('',3,3,((#3086,#3087,#3088,#3089,#3090),
(#3091,#3092,#3093,#3094,#3095),(#3096,#3097,#3098,#3099,#3100),(#3101,
#3102,#3103,#3104,#3105)),.UNSPECIFIED.,.F.,.F.,.F.,(4,4),(4,1,4),(0.,1.),
(-0.545427091343807,-0.272713546627798,-1.91178844977102E-9),
 .UNSPECIFIED.);
#840=B_SPLINE_SURFACE_WITH_KNOTS('',3,3,((#3122,#3123,#3124,#3125),(#3126,
#3127,#3128,#3129),(#3130,#3131,#3132,#3133),(#3134,#3135,#3136,#3137)),
 .UNSPECIFIED.,.F.,.F.,.F.,(4,4),(4,4),(0.,1.),(-0.0384627721486022,-0.0353160994686072),
 .UNSPECIFIED.);
#841=B_SPLINE_SURFACE_WITH_KNOTS('',3,3,((#3146,#3147,#3148,#3149,#3150,
#3151,#3152),(#3153,#3154,#3155,#3156,#3157,#3158,#3159),(#3160,#3161,#3162,
#3163,#3164,#3165,#3166),(#3167,#3168,#3169,#3170,#3171,#3172,#3173)),
 .UNSPECIFIED.,.F.,.F.,.F.,(4,4),(4,1,1,1,4),(0.,1.),(-7.2629608119756,
-5.98269741316011,-4.70243401434461,-4.06230231493686,-2.78203891612136),
 .UNSPECIFIED.);
#842=B_SPLINE_SURFACE_WITH_KNOTS('',3,3,((#3194,#3195,#3196,#3197),(#3198,
#3199,#3200,#3201),(#3202,#3203,#3204,#3205),(#3206,#3207,#3208,#3209)),
 .UNSPECIFIED.,.F.,.F.,.F.,(4,4),(4,4),(0.,1.),(-7.29043458809913,-7.2629608119756),
 .UNSPECIFIED.);
#843=B_SPLINE_SURFACE_WITH_KNOTS('',3,3,((#3218,#3219,#3220,#3221,#3222,
#3223),(#3224,#3225,#3226,#3227,#3228,#3229),(#3230,#3231,#3232,#3233,#3234,
#3235),(#3236,#3237,#3238,#3239,#3240,#3241)),.UNSPECIFIED.,.F.,.F.,.F.,
(4,4),(4,2,4),(0.,1.),(-0.49960584838522,-0.377730015578303,-0.368116614738606),
 .UNSPECIFIED.);
#844=B_SPLINE_SURFACE_WITH_KNOTS('',3,3,((#3257,#3258,#3259,#3260),(#3261,
#3262,#3263,#3264),(#3265,#3266,#3267,#3268),(#3269,#3270,#3271,#3272)),
 .UNSPECIFIED.,.F.,.F.,.F.,(4,4),(4,4),(0.,1.),(-2.78203891612136,-2.76921763896157),
 .UNSPECIFIED.);
#845=B_SPLINE_SURFACE_WITH_KNOTS('',3,3,((#3281,#3282,#3283,#3284),(#3285,
#3286,#3287,#3288),(#3289,#3290,#3291,#3292),(#3293,#3294,#3295,#3296)),
 .UNSPECIFIED.,.F.,.F.,.F.,(4,4),(4,4),(0.,1.),(0.243069181136708,0.244040730600036),
 .UNSPECIFIED.);
#846=B_SPLINE_SURFACE_WITH_KNOTS('',3,3,((#3305,#3306,#3307,#3308),(#3309,
#3310,#3311,#3312),(#3313,#3314,#3315,#3316),(#3317,#3318,#3319,#3320),
(#3321,#3322,#3323,#3324),(#3325,#3326,#3327,#3328),(#3329,#3330,#3331,
#3332),(#3333,#3334,#3335,#3336),(#3337,#3338,#3339,#3340),(#3341,#3342,
#3343,#3344)),.UNSPECIFIED.,.F.,.F.,.F.,(4,1,1,1,1,2,4),(4,4),(-3.13156040867852E-11,
0.0654472694187495,0.130894538868815,0.19634180831888,0.261789077768945,
0.32723634721901,0.449443861270806),(0.0929633961111716,0.879654128299425),
 .UNSPECIFIED.);
#847=B_SPLINE_SURFACE_WITH_KNOTS('',3,3,((#3413,#3414,#3415,#3416),(#3417,
#3418,#3419,#3420),(#3421,#3422,#3423,#3424),(#3425,#3426,#3427,#3428)),
 .UNSPECIFIED.,.F.,.F.,.F.,(4,4),(4,4),(0.0501321948349194,0.875774081547408),
(-1.00252614762108,-0.431718567802893),.UNSPECIFIED.);
#848=B_SPLINE_SURFACE_WITH_KNOTS('',3,3,((#3442,#3443,#3444,#3445),(#3446,
#3447,#3448,#3449),(#3450,#3451,#3452,#3453),(#3454,#3455,#3456,#3457)),
 .UNSPECIFIED.,.F.,.F.,.F.,(4,4),(4,4),(0.,1.),(0.419144037917916,0.523813690567033),
 .UNSPECIFIED.);
#849=B_SPLINE_SURFACE_WITH_KNOTS('',3,3,((#3494,#3495,#3496,#3497,#3498),
(#3499,#3500,#3501,#3502,#3503),(#3504,#3505,#3506,#3507,#3508),(#3509,
#3510,#3511,#3512,#3513)),.UNSPECIFIED.,.F.,.F.,.F.,(4,4),(4,1,4),(0.,1.),
(-1.20062581431405,-1.04211738511833,-0.923236063221545),.UNSPECIFIED.);
#850=B_SPLINE_SURFACE_WITH_KNOTS('',3,3,((#3525,#3526,#3527,#3528,#3529,
#3530),(#3531,#3532,#3533,#3534,#3535,#3536),(#3537,#3538,#3539,#3540,#3541,
#3542),(#3543,#3544,#3545,#3546,#3547,#3548)),.UNSPECIFIED.,.F.,.F.,.F.,
(4,4),(4,1,1,4),(0.,1.),(-24.2803575401286,-22.9740632032607,-21.6677688663929,
-19.7083273610912),.UNSPECIFIED.);
#851=B_SPLINE_SURFACE_WITH_KNOTS('',3,3,((#3562,#3563,#3564,#3565,#3566,
#3567,#3568),(#3569,#3570,#3571,#3572,#3573,#3574,#3575),(#3576,#3577,#3578,
#3579,#3580,#3581,#3582),(#3583,#3584,#3585,#3586,#3587,#3588,#3589)),
 .UNSPECIFIED.,.F.,.F.,.F.,(4,4),(4,1,1,1,4),(0.,1.),(-1.8100203930041,
-1.56766542158726,-1.08295547875358,-0.598245535919893,-0.113535593086211),
 .UNSPECIFIED.);
#852=B_SPLINE_SURFACE_WITH_KNOTS('',3,3,((#3601,#3602,#3603,#3604,#3605,
#3606,#3607,#3608),(#3609,#3610,#3611,#3612,#3613,#3614,#3615,#3616),(#3617,
#3618,#3619,#3620,#3621,#3622,#3623,#3624),(#3625,#3626,#3627,#3628,#3629,
#3630,#3631,#3632)),.UNSPECIFIED.,.F.,.F.,.F.,(4,4),(4,1,1,1,1,4),(0.,1.),
(-1.44384561232822,-1.10838873290592,-0.940660293194763,-0.605203413772459,
-0.437474974061306,-0.269746534350154),.UNSPECIFIED.);
#853=B_SPLINE_SURFACE_WITH_KNOTS('',3,3,((#3637,#3638,#3639,#3640,#3641,
#3642,#3643,#3644),(#3645,#3646,#3647,#3648,#3649,#3650,#3651,#3652),(#3653,
#3654,#3655,#3656,#3657,#3658,#3659,#3660),(#3661,#3662,#3663,#3664,#3665,
#3666,#3667,#3668)),.UNSPECIFIED.,.F.,.F.,.F.,(4,4),(4,1,1,2,4),(0.,1.),
(-29.366675141292,-26.378299790186,-25.3821746731507,-24.3860495561153,
-24.2803575401286),.UNSPECIFIED.);
#854=B_SPLINE_SURFACE_WITH_KNOTS('',3,3,((#3679,#3680,#3681,#3682,#3683,
#3684),(#3685,#3686,#3687,#3688,#3689,#3690),(#3691,#3692,#3693,#3694,#3695,
#3696),(#3697,#3698,#3699,#3700,#3701,#3702)),.UNSPECIFIED.,.F.,.F.,.F.,
(4,4),(4,1,1,4),(0.,1.),(0.111267273884,0.138771127693791,0.193778835313371,
0.303794250552531),.UNSPECIFIED.);
#855=B_SPLINE_SURFACE_WITH_KNOTS('',3,3,((#3710,#3711,#3712,#3713,#3714,
#3715,#3716,#3717,#3718,#3719,#3720,#3721,#3722,#3723,#3724,#3725,#3726,
#3727,#3728,#3729,#3730),(#3731,#3732,#3733,#3734,#3735,#3736,#3737,#3738,
#3739,#3740,#3741,#3742,#3743,#3744,#3745,#3746,#3747,#3748,#3749,#3750,
#3751),(#3752,#3753,#3754,#3755,#3756,#3757,#3758,#3759,#3760,#3761,#3762,
#3763,#3764,#3765,#3766,#3767,#3768,#3769,#3770,#3771,#3772),(#3773,#3774,
#3775,#3776,#3777,#3778,#3779,#3780,#3781,#3782,#3783,#3784,#3785,#3786,
#3787,#3788,#3789,#3790,#3791,#3792,#3793)),.UNSPECIFIED.,.F.,.F.,.F.,(4,
4),(4,1,2,2,1,1,1,1,1,1,1,1,1,1,2,4),(0.,1.),(-4.85179169653667,-4.47715224552791,
-4.10251279451916,-4.09374305577789,-3.7330848148366,-3.37242657389532,
-3.01176833295404,-2.65111009201275,-2.29045185107147,-1.92979361013019,
-1.5691353691889,-1.47897080895358,-1.38880624871826,-1.29864168848294,
-1.20847712824762,-1.20062581431405),.UNSPECIFIED.);
#856=B_SPLINE_SURFACE_WITH_KNOTS('',3,3,((#3794,#3795,#3796,#3797,#3798),
(#3799,#3800,#3801,#3802,#3803),(#3804,#3805,#3806,#3807,#3808),(#3809,
#3810,#3811,#3812,#3813)),.UNSPECIFIED.,.F.,.F.,.F.,(4,4),(4,1,4),(0.,1.),
(-0.199826011428212,-0.100414390411959,-0.00100276939570643),
 .UNSPECIFIED.);
#857=B_SPLINE_SURFACE_WITH_KNOTS('',3,3,((#3815,#3816,#3817,#3818,#3819),
(#3820,#3821,#3822,#3823,#3824),(#3825,#3826,#3827,#3828,#3829),(#3830,
#3831,#3832,#3833,#3834)),.UNSPECIFIED.,.F.,.F.,.F.,(4,4),(4,1,4),(0.,1.),
(-0.405390747925812,-0.273241988748783,-0.199826011428211),
 .UNSPECIFIED.);
#858=B_SPLINE_SURFACE_WITH_KNOTS('',3,3,((#3836,#3837,#3838,#3839),(#3840,
#3841,#3842,#3843),(#3844,#3845,#3846,#3847),(#3848,#3849,#3850,#3851)),
 .UNSPECIFIED.,.F.,.F.,.F.,(4,4),(4,4),(0.,1.),(-0.410664437711357,-0.405390747925812),
 .UNSPECIFIED.);
#859=B_SPLINE_SURFACE_WITH_KNOTS('',3,3,((#3856,#3857,#3858,#3859),(#3860,
#3861,#3862,#3863),(#3864,#3865,#3866,#3867),(#3868,#3869,#3870,#3871)),
 .UNSPECIFIED.,.F.,.F.,.F.,(4,4),(4,4),(0.,1.),(-19.7083273610912,-19.5942624347699),
 .UNSPECIFIED.);
#860=ADVANCED_FACE('',(#107),#818,.T.);
#861=ADVANCED_FACE('',(#108),#819,.T.);
#862=ADVANCED_FACE('',(#109),#820,.T.);
#863=ADVANCED_FACE('',(#110),#821,.T.);
#864=ADVANCED_FACE('',(#111),#822,.T.);
#865=ADVANCED_FACE('',(#112,#23),#24,.T.);
#866=ADVANCED_FACE('',(#113),#823,.T.);
#867=ADVANCED_FACE('',(#114),#824,.T.);
#868=ADVANCED_FACE('',(#115),#825,.T.);
#869=ADVANCED_FACE('',(#116),#826,.T.);
#870=ADVANCED_FACE('',(#117),#827,.T.);
#871=ADVANCED_FACE('',(#118),#828,.T.);
#872=ADVANCED_FACE('',(#119),#25,.T.);
#873=ADVANCED_FACE('',(#120),#829,.T.);
#874=ADVANCED_FACE('',(#121),#830,.F.);
#875=ADVANCED_FACE('',(#122),#831,.F.);
#876=ADVANCED_FACE('',(#123),#832,.T.);
#877=ADVANCED_FACE('',(#124),#833,.T.);
#878=ADVANCED_FACE('',(#125),#834,.T.);
#879=ADVANCED_FACE('',(#126),#835,.T.);
#880=ADVANCED_FACE('',(#127),#836,.T.);
#881=ADVANCED_FACE('',(#128),#837,.T.);
#882=ADVANCED_FACE('',(#129),#26,.T.);
#883=ADVANCED_FACE('',(#130),#21,.F.);
#884=ADVANCED_FACE('',(#131),#22,.T.);
#885=ADVANCED_FACE('',(#132),#838,.T.);
#886=ADVANCED_FACE('',(#133),#839,.T.);
#887=ADVANCED_FACE('',(#134),#840,.T.);
#888=ADVANCED_FACE('',(#135),#841,.T.);
#889=ADVANCED_FACE('',(#136),#842,.T.);
#890=ADVANCED_FACE('',(#137),#843,.T.);
#891=ADVANCED_FACE('',(#138),#844,.T.);
#892=ADVANCED_FACE('',(#139),#845,.T.);
#893=ADVANCED_FACE('',(#140),#846,.F.);
#894=ADVANCED_FACE('',(#141),#27,.F.);
#895=ADVANCED_FACE('',(#142),#847,.T.);
#896=ADVANCED_FACE('',(#143),#848,.F.);
#897=ADVANCED_FACE('',(#144),#849,.T.);
#898=ADVANCED_FACE('',(#145),#850,.T.);
#899=ADVANCED_FACE('',(#146),#851,.T.);
#900=ADVANCED_FACE('',(#147),#852,.T.);
#901=ADVANCED_FACE('',(#148),#853,.T.);
#902=ADVANCED_FACE('',(#149),#854,.T.);
#903=ADVANCED_FACE('',(#150),#855,.T.);
#904=ADVANCED_FACE('',(#151),#856,.T.);
#905=ADVANCED_FACE('',(#152),#857,.T.);
#906=ADVANCED_FACE('',(#153),#858,.T.);
#907=ADVANCED_FACE('',(#154),#859,.T.);
#908=ADVANCED_FACE('',(#155),#15,.F.);
#909=ADVANCED_FACE('',(#156),#16,.T.);
#910=ADVANCED_FACE('',(#157),#28,.F.);
#911=ADVANCED_FACE('',(#158),#29,.T.);
#912=CLOSED_SHELL('',(#860,#861,#862,#863,#864,#865,#866,#867,#868,#869,
#870,#871,#872,#873,#874,#875,#876,#877,#878,#879,#880,#881,#882,#883,#884,
#885,#886,#887,#888,#889,#890,#891,#892,#893,#894,#895,#896,#897,#898,#899,
#900,#901,#902,#903,#904,#905,#906,#907,#908,#909,#910,#911));
#913=DERIVED_UNIT_ELEMENT(#915,1.);
#914=DERIVED_UNIT_ELEMENT(#3887,-3.);
#915=(
MASS_UNIT()
NAMED_UNIT(*)
SI_UNIT(.KILO.,.GRAM.)
);
#916=DERIVED_UNIT((#913,#914));
#917=MEASURE_REPRESENTATION_ITEM('density measure',
POSITIVE_RATIO_MEASURE(7850.),#916);
#918=PROPERTY_DEFINITION_REPRESENTATION(#923,#920);
#919=PROPERTY_DEFINITION_REPRESENTATION(#924,#921);
#920=REPRESENTATION('material name',(#922),#3884);
#921=REPRESENTATION('density',(#917),#3884);
#922=DESCRIPTIVE_REPRESENTATION_ITEM('Steel','Steel');
#923=PROPERTY_DEFINITION('material property','material name',#3894);
#924=PROPERTY_DEFINITION('material property','density of part',#3894);
#925=AXIS2_PLACEMENT_3D('',#1008,#940,#941);
#926=AXIS2_PLACEMENT_3D('',#2087,#943,#944);
#927=AXIS2_PLACEMENT_3D('',#2538,#950,#951);
#928=AXIS2_PLACEMENT_3D('',#3041,#962,#963);
#929=AXIS2_PLACEMENT_3D('',#3050,#968,#969);
#930=AXIS2_PLACEMENT_3D('',#3054,#971,#972);
#931=AXIS2_PLACEMENT_3D('',#3055,#973,#974);
#932=AXIS2_PLACEMENT_3D('',#3056,#975,#976);
#933=AXIS2_PLACEMENT_3D('',#3060,#978,#979);
#934=AXIS2_PLACEMENT_3D('',#3061,#980,#981);
#935=AXIS2_PLACEMENT_3D('',#3353,#988,#989);
#936=AXIS2_PLACEMENT_3D('',#3876,#998,#999);
#937=AXIS2_PLACEMENT_3D('',#3878,#1001,#1002);
#938=AXIS2_PLACEMENT_3D('',#3880,#1004,#1005);
#939=AXIS2_PLACEMENT_3D('',#3881,#1006,#1007);
#940=DIRECTION('axis',(0.,0.,1.));
#941=DIRECTION('refdir',(1.,0.,0.));
#942=DIRECTION('',(-0.00506728448994983,-0.746663007779687,0.665183189385668));
#943=DIRECTION('center_axis',(-0.149631552308183,0.,-0.988741826036425));
#944=DIRECTION('ref_axis',(-0.988741826036425,0.,0.149631552308183));
#945=DIRECTION('',(0.988741826036425,0.,-0.149631552308183));
#946=DIRECTION('',(-0.202765184785969,-0.673074914328242,-0.711235853666519));
#947=DIRECTION('',(-0.199999975532547,-0.651098134956709,-0.73216885241239));
#948=DIRECTION('',(-0.105805485316586,0.707106781186553,-0.69914605003312));
#949=DIRECTION('',(0.102948391617361,-0.707248659011321,0.69942902641375));
#950=DIRECTION('center_axis',(-0.105805485316584,-0.707106781186558,-0.699146050033115));
#951=DIRECTION('ref_axis',(-0.988741826036425,0.,0.149631552308183));
#952=DIRECTION('',(-0.988741826036425,0.,0.149631552308183));
#953=DIRECTION('',(-0.105805485316584,0.707106781186537,-0.699146050033136));
#954=DIRECTION('',(-0.211799909406266,-0.0224492776562976,0.977055181813294));
#955=DIRECTION('',(-0.18564460573179,0.,0.982616955055574));
#956=DIRECTION('',(-0.0892886636075055,-0.10190876652245,0.990778551371122));
#957=DIRECTION('',(0.311807445149877,-0.691923502544713,0.651166632879298));
#958=DIRECTION('',(0.0254259672625488,-0.724926043077527,0.688357285322617));
#959=DIRECTION('',(-0.101055922719871,-0.707593660009928,-0.69935607010806));
#960=DIRECTION('',(0.238612618613155,-0.754159399719687,0.611806847013838));
#961=DIRECTION('',(-0.0930053866424621,0.730829534819996,-0.676193899033609));
#962=DIRECTION('center_axis',(0.106876355204192,-0.707106781186551,0.698983150510985));
#963=DIRECTION('ref_axis',(0.988511451322914,0.,-0.151145991026774));
#964=DIRECTION('',(-0.106876355204191,-0.707106781186559,-0.698983150510977));
#965=DIRECTION('',(0.988511451322914,0.,-0.151145991026774));
#966=DIRECTION('',(0.106876355204189,0.707106781186544,0.698983150510993));
#967=DIRECTION('',(-0.988511451322914,0.,0.151145991026774));
#968=DIRECTION('center_axis',(0.,-1.,0.));
#969=DIRECTION('ref_axis',(-0.541644330297234,0.,-0.840607767901809));
#970=DIRECTION('',(-0.316428706645836,-0.707106781186557,-0.632355021811664));
#971=DIRECTION('center_axis',(0.,-1.,0.));
#972=DIRECTION('ref_axis',(-0.541644330297233,0.,-0.840607767901809));
#973=DIRECTION('center_axis',(0.,1.,0.));
#974=DIRECTION('ref_axis',(-0.541644330297233,0.,-0.840607767901809));
#975=DIRECTION('center_axis',(0.,1.,0.));
#976=DIRECTION('ref_axis',(0.30227698747426,0.,0.953220133465238));
#977=DIRECTION('',(-0.239502633563209,-0.707106781186588,-0.665310820982366));
#978=DIRECTION('center_axis',(0.,1.,0.));
#979=DIRECTION('ref_axis',(0.30227698747426,0.,0.953220133465238));
#980=DIRECTION('center_axis',(0.,-1.,0.));
#981=DIRECTION('ref_axis',(0.30227698747426,0.,0.953220133465238));
#982=DIRECTION('',(0.237603294736854,0.70652443622006,0.666609252376621));
#983=DIRECTION('',(-0.465834517397133,-0.566548230721028,-0.679721490515236));
#984=DIRECTION('',(0.473125114560806,0.560562534354297,0.679648637937362));
#985=DIRECTION('',(-0.316140636915832,0.689936459513423,-0.65118567208173));
#986=DIRECTION('',(-0.238717784381285,0.754178583213791,-0.61174217121409));
#987=DIRECTION('',(-0.0530333075498851,0.,0.998592743960379));
#988=DIRECTION('center_axis',(-0.151145991026774,0.,-0.988511451322914));
#989=DIRECTION('ref_axis',(-0.988511451322914,0.,0.151145991026774));
#990=DIRECTION('',(0.,1.,0.));
#991=DIRECTION('',(-0.328707590493291,-0.605291312066775,0.724964652578715));
#992=DIRECTION('',(-0.115628205734773,0.655585700253742,0.746215456595056));
#993=DIRECTION('',(0.342034995064378,0.597031636433919,-0.725648184210743));
#994=DIRECTION('',(-0.316428706645815,0.707106781186547,-0.632355021811686));
#995=DIRECTION('',(-0.106876355204193,0.707106781186575,-0.698983150510961));
#996=DIRECTION('',(-0.200705919585914,-0.671019205918452,-0.713757913533534));
#997=DIRECTION('',(0.10772855454313,-0.657384630852621,-0.745814994254481));
#998=DIRECTION('center_axis',(0.,-1.,0.));
#999=DIRECTION('ref_axis',(-0.541644330297233,0.,-0.840607767901809));
#1000=DIRECTION('',(0.,1.,0.));
#1001=DIRECTION('center_axis',(0.,1.,0.));
#1002=DIRECTION('ref_axis',(0.30227698747426,0.,0.953220133465238));
#1003=DIRECTION('',(0.,-1.,0.));
#1004=DIRECTION('center_axis',(0.,1.,0.));
#1005=DIRECTION('ref_axis',(1.,0.,0.));
#1006=DIRECTION('center_axis',(0.149631552308183,0.,0.988741826036425));
#1007=DIRECTION('ref_axis',(0.988741826036425,0.,-0.149631552308183));
#1008=CARTESIAN_POINT('',(0.,0.,0.));
#1009=CARTESIAN_POINT('Ctrl Pts',(18.8174936372356,18.0309191913308,62.6788996152145));
#1010=CARTESIAN_POINT('Ctrl Pts',(18.7498778737405,17.9386197729921,63.5367147854392));
#1011=CARTESIAN_POINT('Ctrl Pts',(18.6822621102454,17.8463203546535,64.3945299556639));
#1012=CARTESIAN_POINT('Ctrl Pts',(18.6146463467503,17.7540209363148,65.2523451258886));
#1013=CARTESIAN_POINT('Ctrl Pts',(19.1971872318227,18.0443350012043,62.6214385667755));
#1014=CARTESIAN_POINT('Ctrl Pts',(19.1271428201159,17.9530468134733,63.479621277234));
#1015=CARTESIAN_POINT('Ctrl Pts',(19.0570984790914,17.8617588545193,64.3378039769958));
#1016=CARTESIAN_POINT('Ctrl Pts',(18.9870540673847,17.7704706667883,65.1959866874543));
#1017=CARTESIAN_POINT('Ctrl Pts',(19.5777457454703,18.0317182385288,62.5638466255411));
#1018=CARTESIAN_POINT('Ctrl Pts',(19.5053386469124,17.9416326115796,63.4223868939503));
#1019=CARTESIAN_POINT('Ctrl Pts',(19.4329316242494,17.8515472119344,64.280927150874));
#1020=CARTESIAN_POINT('Ctrl Pts',(19.3605245256915,17.7614615849852,65.1394674192832));
#1021=CARTESIAN_POINT('Ctrl Pts',(19.9556902105853,17.9931968821212,62.5066502821557));
#1022=CARTESIAN_POINT('Ctrl Pts',(19.8810144893765,17.9044944518838,63.3655338732807));
#1023=CARTESIAN_POINT('Ctrl Pts',(19.8063387681678,17.8157920216464,64.2244174644056));
#1024=CARTESIAN_POINT('Ctrl Pts',(19.7316630469591,17.727089591409,65.0833010555306));
#1025=CARTESIAN_POINT('',(19.7481668021138,17.7456599957938,64.8965274983428));
#1026=CARTESIAN_POINT('',(19.9556902050793,17.9931968826824,62.5066502829889));
#1027=CARTESIAN_POINT('Ctrl Pts',(19.7478658684045,17.7467513104447,64.8966140415301));
#1028=CARTESIAN_POINT('Ctrl Pts',(19.8171304067067,17.8290268136236,64.0999717797572));
#1029=CARTESIAN_POINT('Ctrl Pts',(19.8863952014504,17.9113028253751,63.3033294791757));
#1030=CARTESIAN_POINT('Ctrl Pts',(19.9556601646139,17.9935791711355,62.5066871531063));
#1031=CARTESIAN_POINT('',(18.8173516768115,17.7604514297251,65.2216691748644));
#1032=CARTESIAN_POINT('Ctrl Pts',(18.8173536582717,17.760414616233,65.2216713041977));
#1033=CARTESIAN_POINT('Ctrl Pts',(19.1478850639432,17.7721816002534,65.1166760320582));
#1034=CARTESIAN_POINT('Ctrl Pts',(19.4563514017526,17.7607826760748,65.0077805948459));
#1035=CARTESIAN_POINT('Ctrl Pts',(19.7478834518454,17.7450522697386,64.8958854414841));
#1036=CARTESIAN_POINT('',(18.8173513086701,18.0307249046271,62.6807052829506));
#1037=CARTESIAN_POINT('Ctrl Pts',(18.8173513086701,18.0307249046271,62.6807052829506));
#1038=CARTESIAN_POINT('Ctrl Pts',(18.817351112296,17.9408755975569,63.5277163446769));
#1039=CARTESIAN_POINT('Ctrl Pts',(18.8173511215089,17.8507886919282,64.3747047588807));
#1040=CARTESIAN_POINT('Ctrl Pts',(18.8173512499978,17.7604593594853,65.2216687161983));
#1041=CARTESIAN_POINT('Ctrl Pts',(19.9556902050793,17.9931968826824,62.506650282989));
#1042=CARTESIAN_POINT('Ctrl Pts',(19.4851978467467,18.0410672337504,62.5785897973725));
#1043=CARTESIAN_POINT('Ctrl Pts',(19.1726077636654,18.0433384955528,62.626385640131));
#1044=CARTESIAN_POINT('Ctrl Pts',(18.8173513086701,18.0307249046271,62.6807052829506));
#1045=CARTESIAN_POINT('Ctrl Pts',(41.2510294730372,16.5817466133598,47.3121744977345));
#1046=CARTESIAN_POINT('Ctrl Pts',(40.8272354206917,16.6416455675104,47.3763095026889));
#1047=CARTESIAN_POINT('Ctrl Pts',(39.9111077629555,16.7711656066671,47.5149519672128));
#1048=CARTESIAN_POINT('Ctrl Pts',(37.1298907787975,17.1645708710705,47.9358483060616));
#1049=CARTESIAN_POINT('Ctrl Pts',(32.8262690202959,17.7739632307385,48.5871382457755));
#1050=CARTESIAN_POINT('Ctrl Pts',(27.9022457524518,18.471714103153,49.3323168412059));
#1051=CARTESIAN_POINT('Ctrl Pts',(24.4352304561189,18.9629462642622,49.8569986813038));
#1052=CARTESIAN_POINT('Ctrl Pts',(22.4483217301433,19.2444023388384,50.1576881324158));
#1053=CARTESIAN_POINT('Ctrl Pts',(21.4660117046432,19.3835209442518,50.3063463261859));
#1054=CARTESIAN_POINT('Ctrl Pts',(21.0378725974362,19.4441486000275,50.3711388913715));
#1055=CARTESIAN_POINT('Ctrl Pts',(41.2511430319477,16.5105925202358,47.3793793160019));
#1056=CARTESIAN_POINT('Ctrl Pts',(40.82753719062,16.5717585812305,47.4435866439909));
#1057=CARTESIAN_POINT('Ctrl Pts',(39.9112468423064,16.7002175651921,47.5821692939913));
#1058=CARTESIAN_POINT('Ctrl Pts',(37.1299774994979,17.0933384564989,48.0030479448065));
#1059=CARTESIAN_POINT('Ctrl Pts',(32.8261153256076,17.7012016306457,48.6542385707886));
#1060=CARTESIAN_POINT('Ctrl Pts',(27.9019591619752,18.3981170876847,49.3993378687177));
#1061=CARTESIAN_POINT('Ctrl Pts',(24.4348221000823,18.888555693146,49.9239427168163));
#1062=CARTESIAN_POINT('Ctrl Pts',(22.4478563969618,19.1696368196005,50.2245897410578));
#1063=CARTESIAN_POINT('Ctrl Pts',(21.4655148954998,19.3085459369518,50.3732245880547));
#1064=CARTESIAN_POINT('Ctrl Pts',(21.0373632028135,19.3690894392644,50.4380071993348));
#1065=CARTESIAN_POINT('Ctrl Pts',(41.2512565908582,16.4394384271118,47.4465841342693));
#1066=CARTESIAN_POINT('Ctrl Pts',(40.8278389605482,16.5018715949505,47.5108637852929));
#1067=CARTESIAN_POINT('Ctrl Pts',(39.9113859216574,16.629269523717,47.6493866207699));
#1068=CARTESIAN_POINT('Ctrl Pts',(37.1300642201982,17.0221060419273,48.0702475835513));
#1069=CARTESIAN_POINT('Ctrl Pts',(32.8259616309194,17.6284400305529,48.7213388958017));
#1070=CARTESIAN_POINT('Ctrl Pts',(27.9016725714986,18.3245200722165,49.4663588962294));
#1071=CARTESIAN_POINT('Ctrl Pts',(24.4344137440456,18.8141651220297,49.9908867523289));
#1072=CARTESIAN_POINT('Ctrl Pts',(22.4473910637803,19.0948713003626,50.2914913496998));
#1073=CARTESIAN_POINT('Ctrl Pts',(21.4650180863564,19.2335709296519,50.4401028499235));
#1074=CARTESIAN_POINT('Ctrl Pts',(21.0368538081907,19.2940302785013,50.5048755072981));
#1075=CARTESIAN_POINT('Ctrl Pts',(41.2513701497688,16.3682843339878,47.5137889525368));
#1076=CARTESIAN_POINT('Ctrl Pts',(40.8281407304764,16.4319846086706,47.578140926595));
#1077=CARTESIAN_POINT('Ctrl Pts',(39.9115250010084,16.558321482242,47.7166039475485));
#1078=CARTESIAN_POINT('Ctrl Pts',(37.1301509408986,16.9508736273557,48.1374472222962));
#1079=CARTESIAN_POINT('Ctrl Pts',(32.8258079362312,17.5556784304602,48.7884392208148));
#1080=CARTESIAN_POINT('Ctrl Pts',(27.901385981022,18.2509230567482,49.5333799237412));
#1081=CARTESIAN_POINT('Ctrl Pts',(24.434005388009,18.7397745509135,50.0578307878415));
#1082=CARTESIAN_POINT('Ctrl Pts',(22.4469257305987,19.0201057811247,50.3583929583419));
#1083=CARTESIAN_POINT('Ctrl Pts',(21.4645212772131,19.158595922352,50.5069811117923));
#1084=CARTESIAN_POINT('Ctrl Pts',(21.0363444135679,19.2189711177382,50.5717438152614));
#1085=CARTESIAN_POINT('',(41.2513701497688,16.3682843339878,47.5137889525368));
#1086=CARTESIAN_POINT('',(41.2510294730372,16.5817466133598,47.3121744977345));
#1087=CARTESIAN_POINT('Ctrl Pts',(41.2513701497688,16.3682843339878,47.5137889525368));
#1088=CARTESIAN_POINT('Ctrl Pts',(41.2512565908582,16.4394384271118,47.4465841342693));
#1089=CARTESIAN_POINT('Ctrl Pts',(41.2511430319477,16.5105925202358,47.3793793160019));
#1090=CARTESIAN_POINT('Ctrl Pts',(41.2510294730372,16.5817466133598,47.3121744977345));
#1091=CARTESIAN_POINT('',(21.0363444135679,19.2189711177382,50.5717438152614));
#1092=CARTESIAN_POINT('Ctrl Pts',(41.2513701497688,16.3682843339878,47.5137889525368));
#1093=CARTESIAN_POINT('Ctrl Pts',(40.8281407304764,16.4319846086706,47.578140926595));
#1094=CARTESIAN_POINT('Ctrl Pts',(39.9115250010084,16.558321482242,47.7166039475485));
#1095=CARTESIAN_POINT('Ctrl Pts',(37.1301509408986,16.9508736273557,48.1374472222962));
#1096=CARTESIAN_POINT('Ctrl Pts',(32.8258079362312,17.5556784304602,48.7884392208148));
#1097=CARTESIAN_POINT('Ctrl Pts',(27.901385981022,18.2509230567482,49.5333799237412));
#1098=CARTESIAN_POINT('Ctrl Pts',(24.434005388009,18.7397745509135,50.0578307878415));
#1099=CARTESIAN_POINT('Ctrl Pts',(22.4469257305987,19.0201057811247,50.3583929583419));
#1100=CARTESIAN_POINT('Ctrl Pts',(21.4645212772131,19.158595922352,50.5069811117923));
#1101=CARTESIAN_POINT('Ctrl Pts',(21.0363444135679,19.2189711177382,50.5717438152614));
#1102=CARTESIAN_POINT('',(21.0378725974362,19.4441486000275,50.3711388913715));
#1103=CARTESIAN_POINT('',(21.0378725974362,19.4441486000275,50.3711388913715));
#1104=CARTESIAN_POINT('Ctrl Pts',(21.0378725974362,19.4441486000275,50.3711388913715));
#1105=CARTESIAN_POINT('Ctrl Pts',(21.3163590061566,19.4047128702801,50.328994063939));
#1106=CARTESIAN_POINT('Ctrl Pts',(21.6082491525273,19.3633761455688,50.284820777693));
#1107=CARTESIAN_POINT('Ctrl Pts',(22.3973759770664,19.2516129275547,50.165398023831));
#1108=CARTESIAN_POINT('Ctrl Pts',(22.8647115500396,19.1854173686709,50.0946736492861));
#1109=CARTESIAN_POINT('Ctrl Pts',(24.1220468688073,19.007307814379,49.904394417069));
#1110=CARTESIAN_POINT('Ctrl Pts',(24.9122418056521,18.8953559824554,49.7848100200984));
#1111=CARTESIAN_POINT('Ctrl Pts',(26.9579942470031,18.605502234541,49.475215436986));
#1112=CARTESIAN_POINT('Ctrl Pts',(28.2122069566251,18.4277794971484,49.2854087657969));
#1113=CARTESIAN_POINT('Ctrl Pts',(30.801842731112,18.0608525642235,48.8935054290051));
#1114=CARTESIAN_POINT('Ctrl Pts',(32.1361618030426,17.8718067233817,48.6915758365171));
#1115=CARTESIAN_POINT('Ctrl Pts',(34.472121516586,17.5409417813294,48.3380626454467));
#1116=CARTESIAN_POINT('Ctrl Pts',(35.4794756832692,17.3982916918268,48.1856143887677));
#1117=CARTESIAN_POINT('Ctrl Pts',(37.2422998773012,17.1487472316033,47.9188368401159));
#1118=CARTESIAN_POINT('Ctrl Pts',(38.0022509322124,17.0411982871238,47.803829410441));
#1119=CARTESIAN_POINT('Ctrl Pts',(39.2289841657818,16.8676514602346,47.6181813543221));
#1120=CARTESIAN_POINT('Ctrl Pts',(39.7004150411671,16.8009729708138,47.5468372159107));
#1121=CARTESIAN_POINT('Ctrl Pts',(40.5419103662499,16.6819843884835,47.4194892587023));
#1122=CARTESIAN_POINT('Ctrl Pts',(40.9065000652215,16.6304423208339,47.3643139630123));
#1123=CARTESIAN_POINT('Ctrl Pts',(41.2510294730372,16.5817466133598,47.3121744977345));
#1124=CARTESIAN_POINT('Ctrl Pts',(40.1674040807919,0.8,47.4761652840981));
#1125=CARTESIAN_POINT('Ctrl Pts',(40.5697797691905,0.799999999999999,47.415271633925));
#1126=CARTESIAN_POINT('Ctrl Pts',(41.380552315309,0.851033280622478,47.2925731180435));
#1127=CARTESIAN_POINT('Ctrl Pts',(43.4016422849821,1.36304481798447,46.9867108377666));
#1128=CARTESIAN_POINT('Ctrl Pts',(45.7918922061403,2.86282581520749,46.6249816212115));
#1129=CARTESIAN_POINT('Ctrl Pts',(47.7053900910689,5.75487850545182,46.3354018226022));
#1130=CARTESIAN_POINT('Ctrl Pts',(48.2595656936743,9.3410715276115,46.2515354851159));
#1131=CARTESIAN_POINT('Ctrl Pts',(47.3417111141661,12.3316317660872,46.3904392938841));
#1132=CARTESIAN_POINT('Ctrl Pts',(46.0072857644177,14.0857824158535,46.5923849699588));
#1133=CARTESIAN_POINT('Ctrl Pts',(45.0718376071367,14.938524823252,46.733951308301));
#1134=CARTESIAN_POINT('Ctrl Pts',(44.2960903650903,15.4933915651178,46.8513492588778));
#1135=CARTESIAN_POINT('Ctrl Pts',(43.4353106760565,15.9553377231702,46.9816156213132));
#1136=CARTESIAN_POINT('Ctrl Pts',(42.4340087986726,16.3479648839137,47.1331479529054));
#1137=CARTESIAN_POINT('Ctrl Pts',(41.7400429061234,16.5126295668949,47.2381694974752));
#1138=CARTESIAN_POINT('Ctrl Pts',(41.2510294730372,16.5817466133598,47.3121744977345));
#1139=CARTESIAN_POINT('Ctrl Pts',(40.1773795050321,0.866772544106807,47.5420813227051));
#1140=CARTESIAN_POINT('Ctrl Pts',(40.5763662017933,0.867971576729789,47.4816986206948));
#1141=CARTESIAN_POINT('Ctrl Pts',(41.3799996769146,0.921004366498359,47.3600224299789));
#1142=CARTESIAN_POINT('Ctrl Pts',(43.3810714531637,1.43427323984216,47.0566549052209));
#1143=CARTESIAN_POINT('Ctrl Pts',(45.7432078938289,2.92515243804563,46.6977784440888));
#1144=CARTESIAN_POINT('Ctrl Pts',(47.6308440610357,5.78857412123923,46.4104275536134));
#1145=CARTESIAN_POINT('Ctrl Pts',(48.176869013936,9.33406348362517,46.3271501358737));
#1146=CARTESIAN_POINT('Ctrl Pts',(47.2715279539857,12.2911402339346,46.4648959966261));
#1147=CARTESIAN_POINT('Ctrl Pts',(45.9544205139823,14.0282568163864,46.665241443522));
#1148=CARTESIAN_POINT('Ctrl Pts',(45.0305217718749,14.8738209777506,46.8056976958567));
#1149=CARTESIAN_POINT('Ctrl Pts',(44.2640201424421,15.424674130845,46.9221782786215));
#1150=CARTESIAN_POINT('Ctrl Pts',(43.4130175740435,15.884103080766,47.0514269403216));
#1151=CARTESIAN_POINT('Ctrl Pts',(42.4225101101773,16.2755669924846,47.2017715011454));
#1152=CARTESIAN_POINT('Ctrl Pts',(41.7355137381919,16.4406794566061,47.3059637670758));
#1153=CARTESIAN_POINT('Ctrl Pts',(41.2511430319477,16.5105925202358,47.3793793160019));
#1154=CARTESIAN_POINT('Ctrl Pts',(40.1873549292723,0.933545088213615,47.6079973613121));
#1155=CARTESIAN_POINT('Ctrl Pts',(40.5829526343962,0.93594315345958,47.5481256074646));
#1156=CARTESIAN_POINT('Ctrl Pts',(41.3794470385203,0.99097545237424,47.4274717419143));
#1157=CARTESIAN_POINT('Ctrl Pts',(43.3605006213453,1.50550166169984,47.1265989726753));
#1158=CARTESIAN_POINT('Ctrl Pts',(45.6945235815176,2.98747906088376,46.7705752669662));
#1159=CARTESIAN_POINT('Ctrl Pts',(47.5562980310026,5.82226973702663,46.4854532846247));
#1160=CARTESIAN_POINT('Ctrl Pts',(48.0941723341978,9.32705543963884,46.4027647866315));
#1161=CARTESIAN_POINT('Ctrl Pts',(47.2013447938054,12.2506487017819,46.5393526993681));
#1162=CARTESIAN_POINT('Ctrl Pts',(45.9015552635468,13.9707312169193,46.7380979170851));
#1163=CARTESIAN_POINT('Ctrl Pts',(44.9892059366131,14.8091171322492,46.8774440834123));
#1164=CARTESIAN_POINT('Ctrl Pts',(44.2319499197938,15.3559566965723,46.9930072983652));
#1165=CARTESIAN_POINT('Ctrl Pts',(43.3907244720305,15.8128684383618,47.1212382593301));
#1166=CARTESIAN_POINT('Ctrl Pts',(42.411011421682,16.2031691010555,47.2703950493853));
#1167=CARTESIAN_POINT('Ctrl Pts',(41.7309845702604,16.3687293463172,47.3737580366764));
#1168=CARTESIAN_POINT('Ctrl Pts',(41.2512565908582,16.4394384271118,47.4465841342693));
#1169=CARTESIAN_POINT('Ctrl Pts',(40.1973303535126,1.00031763232042,47.6739133999191));
#1170=CARTESIAN_POINT('Ctrl Pts',(40.5895390669991,1.00391473018937,47.6145525942344));
#1171=CARTESIAN_POINT('Ctrl Pts',(41.3788944001259,1.06094653825012,47.4949210538497));
#1172=CARTESIAN_POINT('Ctrl Pts',(43.3399297895269,1.57673008355753,47.1965430401296));
#1173=CARTESIAN_POINT('Ctrl Pts',(45.6458392692061,3.0498056837219,46.8433720898435));
#1174=CARTESIAN_POINT('Ctrl Pts',(47.4817520009694,5.85596535281403,46.560479015636));
#1175=CARTESIAN_POINT('Ctrl Pts',(48.0114756544595,9.32004739565251,46.4783794373894));
#1176=CARTESIAN_POINT('Ctrl Pts',(47.131161633625,12.2101571696293,46.6138094021101));
#1177=CARTESIAN_POINT('Ctrl Pts',(45.8486900131114,13.9132056174521,46.8109543906483));
#1178=CARTESIAN_POINT('Ctrl Pts',(44.9478901013513,14.7444132867477,46.9491904709679));
#1179=CARTESIAN_POINT('Ctrl Pts',(44.1998796971456,15.2872392622995,47.0638363181089));
#1180=CARTESIAN_POINT('Ctrl Pts',(43.3684313700175,15.7416337959576,47.1910495783386));
#1181=CARTESIAN_POINT('Ctrl Pts',(42.3995127331868,16.1307712096263,47.3390185976252));
#1182=CARTESIAN_POINT('Ctrl Pts',(41.7264554023289,16.2967792360284,47.441552306277));
#1183=CARTESIAN_POINT('Ctrl Pts',(41.2513701497688,16.3682843339878,47.5137889525368));
#1184=CARTESIAN_POINT('',(40.1674040807919,0.8,47.4761652840981));
#1185=CARTESIAN_POINT('Ctrl Pts',(41.2510294730372,16.5817466133598,47.3121744977345));
#1186=CARTESIAN_POINT('Ctrl Pts',(41.7400429061234,16.5126295668949,47.2381694974752));
#1187=CARTESIAN_POINT('Ctrl Pts',(42.4340087986726,16.3479648839137,47.1331479529054));
#1188=CARTESIAN_POINT('Ctrl Pts',(43.4353106760565,15.9553377231702,46.9816156213132));
#1189=CARTESIAN_POINT('Ctrl Pts',(44.2960903650903,15.4933915651178,46.8513492588778));
#1190=CARTESIAN_POINT('Ctrl Pts',(45.0718376071367,14.938524823252,46.733951308301));
#1191=CARTESIAN_POINT('Ctrl Pts',(46.0072857644177,14.0857824158535,46.5923849699588));
#1192=CARTESIAN_POINT('Ctrl Pts',(47.3417111141661,12.3316317660872,46.3904392938841));
#1193=CARTESIAN_POINT('Ctrl Pts',(48.2595656936743,9.3410715276115,46.2515354851159));
#1194=CARTESIAN_POINT('Ctrl Pts',(47.7053900910689,5.75487850545182,46.3354018226022));
#1195=CARTESIAN_POINT('Ctrl Pts',(45.7918922061403,2.86282581520749,46.6249816212115));
#1196=CARTESIAN_POINT('Ctrl Pts',(43.4016422849821,1.36304481798447,46.9867108377666));
#1197=CARTESIAN_POINT('Ctrl Pts',(41.380552315309,0.851033280622478,47.2925731180435));
#1198=CARTESIAN_POINT('Ctrl Pts',(40.5697797691905,0.799999999999999,47.415271633925));
#1199=CARTESIAN_POINT('Ctrl Pts',(40.1674040807919,0.8,47.4761652840981));
#1200=CARTESIAN_POINT('',(40.1973477275455,1.00000554057908,47.6739107706144));
#1201=CARTESIAN_POINT('Ctrl Pts',(40.1973303535126,1.00031763232042,47.6739133999191));
#1202=CARTESIAN_POINT('Ctrl Pts',(40.1873549292723,0.933545088213615,47.6079973613121));
#1203=CARTESIAN_POINT('Ctrl Pts',(40.1773795050321,0.866772544106807,47.5420813227051));
#1204=CARTESIAN_POINT('Ctrl Pts',(40.1674040807919,0.8,47.4761652840981));
#1205=CARTESIAN_POINT('Ctrl Pts',(40.1973303535126,1.00031763232042,47.6739133999191));
#1206=CARTESIAN_POINT('Ctrl Pts',(40.5895390669991,1.00391473018937,47.6145525942344));
#1207=CARTESIAN_POINT('Ctrl Pts',(41.3788944001259,1.06094653825012,47.4949210538497));
#1208=CARTESIAN_POINT('Ctrl Pts',(43.3399297895269,1.57673008355753,47.1965430401296));
#1209=CARTESIAN_POINT('Ctrl Pts',(45.6458392692061,3.0498056837219,46.8433720898435));
#1210=CARTESIAN_POINT('Ctrl Pts',(47.4817520009694,5.85596535281403,46.560479015636));
#1211=CARTESIAN_POINT('Ctrl Pts',(48.0114756544595,9.32004739565251,46.4783794373894));
#1212=CARTESIAN_POINT('Ctrl Pts',(47.131161633625,12.2101571696293,46.6138094021101));
#1213=CARTESIAN_POINT('Ctrl Pts',(45.8486900131114,13.9132056174521,46.8109543906483));
#1214=CARTESIAN_POINT('Ctrl Pts',(44.9478901013513,14.7444132867477,46.9491904709679));
#1215=CARTESIAN_POINT('Ctrl Pts',(44.1998796971456,15.2872392622995,47.0638363181089));
#1216=CARTESIAN_POINT('Ctrl Pts',(43.3684313700175,15.7416337959576,47.1910495783386));
#1217=CARTESIAN_POINT('Ctrl Pts',(42.3995127331868,16.1307712096263,47.3390185976252));
#1218=CARTESIAN_POINT('Ctrl Pts',(41.7264554023289,16.2967792360284,47.441552306277));
#1219=CARTESIAN_POINT('Ctrl Pts',(41.2513701497688,16.3682843339878,47.5137889525368));
#1220=CARTESIAN_POINT('Ctrl Pts',(21.0378725974362,19.4441486000275,50.3711388913715));
#1221=CARTESIAN_POINT('Ctrl Pts',(20.7706698987843,19.4819864731943,50.411576095025));
#1222=CARTESIAN_POINT('Ctrl Pts',(20.251249327493,19.531229817538,50.4901827690187));
#1223=CARTESIAN_POINT('Ctrl Pts',(19.4767899883007,19.5428950394464,50.6073858144157));
#1224=CARTESIAN_POINT('Ctrl Pts',(18.5510670787085,19.4747434045333,50.7474803793688));
#1225=CARTESIAN_POINT('Ctrl Pts',(16.4534414014693,19.0726859325043,51.0649252147967));
#1226=CARTESIAN_POINT('Ctrl Pts',(13.610944842695,17.6127472532177,51.4950953171632));
#1227=CARTESIAN_POINT('Ctrl Pts',(10.8994299002609,13.9901051433533,51.9054432758105));
#1228=CARTESIAN_POINT('Ctrl Pts',(10.1353755841575,9.34995143442232,52.0210716737964));
#1229=CARTESIAN_POINT('Ctrl Pts',(11.7193249383572,4.7028226648463,51.7813642047633));
#1230=CARTESIAN_POINT('Ctrl Pts',(14.5543530858842,2.1691031044434,51.3523243367399));
#1231=CARTESIAN_POINT('Ctrl Pts',(16.9157069918218,1.22267298889515,50.9949681076514));
#1232=CARTESIAN_POINT('Ctrl Pts',(18.3607450970049,0.859148007620696,50.7762828157691));
#1233=CARTESIAN_POINT('Ctrl Pts',(19.2652901689161,0.799999999999999,50.6393932054799));
#1234=CARTESIAN_POINT('Ctrl Pts',(20.0387935430061,0.799999999999999,50.5223348313594));
#1235=CARTESIAN_POINT('Ctrl Pts',(20.502916722649,0.799999999999999,50.45209660536));
#1236=CARTESIAN_POINT('Ctrl Pts',(21.4659608378839,0.799999999999999,50.3063540241227));
#1237=CARTESIAN_POINT('Ctrl Pts',(24.096618456759,0.799999999999999,49.9082426337291));
#1238=CARTESIAN_POINT('Ctrl Pts',(28.4342770637107,0.8,49.2518017169501));
#1239=CARTESIAN_POINT('Ctrl Pts',(33.2943188686415,0.799999999999999,48.5163057761445));
#1240=CARTESIAN_POINT('Ctrl Pts',(36.7173980357345,0.8,47.9982730238545));
#1241=CARTESIAN_POINT('Ctrl Pts',(38.6857224138632,0.799999999999999,47.7003960408143));
#1242=CARTESIAN_POINT('Ctrl Pts',(39.6613492338197,0.8,47.5527492520375));
#1243=CARTESIAN_POINT('Ctrl Pts',(40.1674040807919,0.8,47.4761652840981));
#1244=CARTESIAN_POINT('Ctrl Pts',(21.0377270561154,19.4227031255238,50.3902441222181));
#1245=CARTESIAN_POINT('Ctrl Pts',(20.7711424937011,19.460542665221,50.430600687299));
#1246=CARTESIAN_POINT('Ctrl Pts',(20.2529656944626,19.5098924431053,50.5090474494186));
#1247=CARTESIAN_POINT('Ctrl Pts',(19.4802421830136,19.5218440201421,50.626024366064));
#1248=CARTESIAN_POINT('Ctrl Pts',(18.5565874329321,19.4542485708462,50.7658444618142));
#1249=CARTESIAN_POINT('Ctrl Pts',(16.4633384679713,19.0539733879381,51.0826941640677));
#1250=CARTESIAN_POINT('Ctrl Pts',(13.6260377017499,17.5983662888205,51.5120891557094));
#1251=CARTESIAN_POINT('Ctrl Pts',(10.9182012452858,13.9834509323896,51.9217440172951));
#1252=CARTESIAN_POINT('Ctrl Pts',(10.154554753652,9.35141147183394,52.0371790159867));
#1253=CARTESIAN_POINT('Ctrl Pts',(11.7360218656609,4.71210687793803,51.7978740104442));
#1254=CARTESIAN_POINT('Ctrl Pts',(14.5667454794129,2.18356425884983,51.3696143550688));
#1255=CARTESIAN_POINT('Ctrl Pts',(16.9240029937197,1.23976020664869,51.012944017971));
#1256=CARTESIAN_POINT('Ctrl Pts',(18.3663703925614,0.877493794505508,50.7946906558536));
#1257=CARTESIAN_POINT('Ctrl Pts',(19.2691429901836,0.818853432836557,50.6580749309956));
#1258=CARTESIAN_POINT('Ctrl Pts',(20.041643667826,0.819047501226455,50.5411680090907));
#1259=CARTESIAN_POINT('Ctrl Pts',(20.505766847434,0.819047795072506,50.4709297828606));
#1260=CARTESIAN_POINT('Ctrl Pts',(21.468810962721,0.819047356928993,50.3251872019673));
#1261=CARTESIAN_POINT('Ctrl Pts',(24.0994685814778,0.819048352049479,49.9270758107924));
#1262=CARTESIAN_POINT('Ctrl Pts',(28.4371271886831,0.819046218211963,49.2706348956887));
#1263=CARTESIAN_POINT('Ctrl Pts',(33.2971689932209,0.819049525208564,48.5351389522867));
#1264=CARTESIAN_POINT('Ctrl Pts',(36.7202481608776,0.819044780854522,48.0171062037217));
#1265=CARTESIAN_POINT('Ctrl Pts',(38.6885725378512,0.819054502198295,47.7192292130488));
#1266=CARTESIAN_POINT('Ctrl Pts',(39.6641993603481,0.819033121419156,47.571582441059));
#1267=CARTESIAN_POINT('Ctrl Pts',(40.1702542020034,0.819077869744802,47.4949984379858));
#1268=CARTESIAN_POINT('Ctrl Pts',(21.037472358804,19.3851735451422,50.4236782761998));
#1269=CARTESIAN_POINT('Ctrl Pts',(20.7719600297477,19.4226513167762,50.4638425495289));
#1270=CARTESIAN_POINT('Ctrl Pts',(20.255915606865,19.4724923863471,50.5420615665473));
#1271=CARTESIAN_POINT('Ctrl Pts',(19.4863180633228,19.4849055266179,50.6586211390132));
#1272=CARTESIAN_POINT('Ctrl Pts',(18.566185841735,19.4183137808316,50.7979827441871));
#1273=CARTESIAN_POINT('Ctrl Pts',(16.4807244389752,19.021198777572,51.1137736288215));
#1274=CARTESIAN_POINT('Ctrl Pts',(13.6523985064437,17.5731856786205,51.5418354680208));
#1275=CARTESIAN_POINT('Ctrl Pts',(10.9510652108092,13.9718102531098,51.9502679008637));
#1276=CARTESIAN_POINT('Ctrl Pts',(10.188124002221,9.35394478540831,52.065365617724));
#1277=CARTESIAN_POINT('Ctrl Pts',(11.7652105156572,4.7283991604996,51.8267708879809));
#1278=CARTESIAN_POINT('Ctrl Pts',(14.5884713692348,2.20887156209962,51.3998657899155));
#1279=CARTESIAN_POINT('Ctrl Pts',(16.938493950256,1.26979038056672,51.0444059117246));
#1280=CARTESIAN_POINT('Ctrl Pts',(18.3762425606524,0.909601507360014,50.8269004588373));
#1281=CARTESIAN_POINT('Ctrl Pts',(19.2758570213883,0.85252939312218,50.6907712258754));
#1282=CARTESIAN_POINT('Ctrl Pts',(20.0466313862116,0.852381042446363,50.5741260697954));
#1283=CARTESIAN_POINT('Ctrl Pts',(20.5107545653344,0.852383104529362,50.5038878403596));
#1284=CARTESIAN_POINT('Ctrl Pts',(21.4737986824532,0.852375394585632,50.3581452715702));
#1285=CARTESIAN_POINT('Ctrl Pts',(24.1044562848119,0.852444087317528,49.9600337720395));
#1286=CARTESIAN_POINT('Ctrl Pts',(28.4421149483182,0.852208419375982,49.3035932289637));
#1287=CARTESIAN_POINT('Ctrl Pts',(33.3021566496272,0.852640602388707,48.5680966034422));
#1288=CARTESIAN_POINT('Ctrl Pts',(36.7252359831447,0.851953098731389,48.0500649508592));
#1289=CARTESIAN_POINT('Ctrl Pts',(38.6935602138486,0.852583513561419,47.7521869936586));
#1290=CARTESIAN_POINT('Ctrl Pts',(39.6691874322472,0.850944900936098,47.6045428377251));
#1291=CARTESIAN_POINT('Ctrl Pts',(40.1752419141235,0.852464141798206,47.5279564572893));
#1292=CARTESIAN_POINT('Ctrl Pts',(21.0370721201719,19.3261984902569,50.4762176610281));
#1293=CARTESIAN_POINT('Ctrl Pts',(20.7732551610258,19.363508009507,50.516135925211));
#1294=CARTESIAN_POINT('Ctrl Pts',(20.2606101518079,19.4137863359523,50.5939398767107));
#1295=CARTESIAN_POINT('Ctrl Pts',(19.4958279681575,19.4269682049436,50.7098673492561));
#1296=CARTESIAN_POINT('Ctrl Pts',(18.5813373320769,19.3619203670074,50.8484845102898));
#1297=CARTESIAN_POINT('Ctrl Pts',(16.5079727008972,18.9697261723231,51.1626305633048));
#1298=CARTESIAN_POINT('Ctrl Pts',(13.6938793672425,17.5336314282194,51.588571886496));
#1299=CARTESIAN_POINT('Ctrl Pts',(11.0026930976161,13.953513158687,51.9950937958626));
#1300=CARTESIAN_POINT('Ctrl Pts',(10.2408694206643,9.35794957938907,52.1096602177098));
#1301=CARTESIAN_POINT('Ctrl Pts',(11.8111123867744,4.75395203058468,51.8721750894188));
#1302=CARTESIAN_POINT('Ctrl Pts',(14.6225690300835,2.24863987085808,51.4474104506532));
#1303=CARTESIAN_POINT('Ctrl Pts',(16.9612951371611,1.31684067591893,51.0938415848537));
#1304=CARTESIAN_POINT('Ctrl Pts',(18.3917253465228,0.960053646787312,50.8775201626035));
#1305=CARTESIAN_POINT('Ctrl Pts',(19.2864388173792,0.904699769077141,50.7421475232759));
#1306=CARTESIAN_POINT('Ctrl Pts',(20.0544692294429,0.9047618670615,50.6259173084024));
#1307=CARTESIAN_POINT('Ctrl Pts',(20.5185924082688,0.904765331533823,50.5556790770042));
#1308=CARTESIAN_POINT('Ctrl Pts',(21.4816365263556,0.90475333375001,50.409936514612));
#1309=CARTESIAN_POINT('Ctrl Pts',(24.1122941207157,0.904856021737898,50.0118249622274));
#1310=CARTESIAN_POINT('Ctrl Pts',(28.4499528113917,0.904505576416519,49.3553845986849));
#1311=CARTESIAN_POINT('Ctrl Pts',(33.3099944630227,0.905147368620581,48.6198876448989));
#1312=CARTESIAN_POINT('Ctrl Pts',(36.7330738762295,0.904127171954116,48.1018565188903));
#1313=CARTESIAN_POINT('Ctrl Pts',(38.7013980353931,0.905070423777302,47.8039780889628));
#1314=CARTESIAN_POINT('Ctrl Pts',(39.6770254463011,0.902624290231954,47.6563352051012));
#1315=CARTESIAN_POINT('Ctrl Pts',(40.1830797474551,0.904928283596412,47.5797476304805));
#1316=CARTESIAN_POINT('Ctrl Pts',(21.0367082668699,19.2725848039975,50.5239807381447));
#1317=CARTESIAN_POINT('Ctrl Pts',(20.7744283569613,19.3095803716617,50.5636527660886));
#1318=CARTESIAN_POINT('Ctrl Pts',(20.2648542001974,19.3603908652725,50.6411023858436));
#1319=CARTESIAN_POINT('Ctrl Pts',(19.5044885841432,19.3742541150376,50.7564456781595));
#1320=CARTESIAN_POINT('Ctrl Pts',(18.5950839502842,19.310623240769,50.8943957091735));
#1321=CARTESIAN_POINT('Ctrl Pts',(16.5327730308749,18.9229206851039,51.2070388081399));
#1322=CARTESIAN_POINT('Ctrl Pts',(13.7315664176307,17.4976668724869,51.6310626717746));
#1323=CARTESIAN_POINT('Ctrl Pts',(11.0496337699808,13.9368812861751,52.0358435437921));
#1324=CARTESIAN_POINT('Ctrl Pts',(10.2888223182715,9.36158069852275,52.1499274853315));
#1325=CARTESIAN_POINT('Ctrl Pts',(11.8528276871648,4.77720173844965,51.9134537188264));
#1326=CARTESIAN_POINT('Ctrl Pts',(14.6535842094558,2.28479300377149,51.490630177802));
#1327=CARTESIAN_POINT('Ctrl Pts',(16.982011548726,1.35966997719984,51.1387848941136));
#1328=CARTESIAN_POINT('Ctrl Pts',(18.4058129236182,1.00592036962373,50.9235363458335));
#1329=CARTESIAN_POINT('Ctrl Pts',(19.2960460916997,0.952428661558165,50.7888546940785));
#1330=CARTESIAN_POINT('Ctrl Pts',(20.0615945414497,0.952380981328171,50.673000252447));
#1331=CARTESIAN_POINT('Ctrl Pts',(20.5257177198183,0.952386274297851,50.6027620180278));
#1332=CARTESIAN_POINT('Ctrl Pts',(21.4887618395537,0.9523675067362,50.4570194665289));
#1333=CARTESIAN_POINT('Ctrl Pts',(24.1194194194945,0.952530216731979,50.0589078188639));
#1334=CARTESIAN_POINT('Ctrl Pts',(28.4570781595292,0.951973980086695,49.4024677814759));
#1335=CARTESIAN_POINT('Ctrl Pts',(33.3171197207302,0.952993104329669,48.6669702301428));
#1336=CARTESIAN_POINT('Ctrl Pts',(36.7401992791678,0.951372711499194,48.1489400637963));
#1337=CARTESIAN_POINT('Ctrl Pts',(38.7085233096144,0.952866863744765,47.8510607833271));
#1338=CARTESIAN_POINT('Ctrl Pts',(39.6841510683444,0.94898918948014,47.7034201978189));
#1339=CARTESIAN_POINT('Ctrl Pts',(40.1902050504838,0.952622957958418,47.6268305151998));
#1340=CARTESIAN_POINT('Ctrl Pts',(21.0364535695585,19.235055223616,50.5574148921264));
#1341=CARTESIAN_POINT('Ctrl Pts',(20.7752493010884,19.2718197824508,50.5969129770714));
#1342=CARTESIAN_POINT('Ctrl Pts',(20.2678233776548,19.3230121968233,50.6741161707971));
#1343=CARTESIAN_POINT('Ctrl Pts',(19.5105520801401,19.3373511936041,50.7890498704727));
#1344=CARTESIAN_POINT('Ctrl Pts',(18.6047046651474,19.2747131304355,50.9265335834779));
#1345=CARTESIAN_POINT('Ctrl Pts',(16.5501352997736,18.8901559914118,51.2381240802096));
#1346=CARTESIAN_POINT('Ctrl Pts',(13.7579457591044,17.4724912542625,51.6608064401942));
#1347=CARTESIAN_POINT('Ctrl Pts',(11.0824926756812,13.9252391045857,52.0643682929216));
#1348=CARTESIAN_POINT('Ctrl Pts',(10.3223895223799,9.36412181133542,52.1781145342204));
#1349=CARTESIAN_POINT('Ctrl Pts',(11.8820274425899,4.79347791845763,51.9423489048485));
#1350=CARTESIAN_POINT('Ctrl Pts',(14.6752960435335,2.31010020553656,51.5208837988369));
#1351=CARTESIAN_POINT('Ctrl Pts',(16.9965122030065,1.38965442006632,51.1702453354729));
#1352=CARTESIAN_POINT('Ctrl Pts',(18.4156750877301,1.03802715532605,50.9557475533337));
#1353=CARTESIAN_POINT('Ctrl Pts',(19.3027703080059,0.985859925372581,50.8215498146111));
#1354=CARTESIAN_POINT('Ctrl Pts',(20.0665822598529,0.985714374080158,50.7059583132682));
#1355=CARTESIAN_POINT('Ctrl Pts',(20.5307054378884,0.985720985657272,50.635720076648));
#1356=CARTESIAN_POINT('Ctrl Pts',(21.4937495588315,0.985697278709458,50.489977533129));
#1357=CARTESIAN_POINT('Ctrl Pts',(24.1244071281796,0.985904037447767,50.0918658154692));
#1358=CARTESIAN_POINT('Ctrl Pts',(28.4620659044874,0.985196662462651,49.4354260177682));
#1359=CARTESIAN_POINT('Ctrl Pts',(33.3221073992262,0.986492962375221,48.6999280272634));
#1360=CARTESIAN_POINT('Ctrl Pts',(36.7451870644082,0.984431639662125,48.181898566267));
#1361=CARTESIAN_POINT('Ctrl Pts',(38.7135110003059,0.986330032858777,47.8840186610336));
#1362=CARTESIAN_POINT('Ctrl Pts',(39.6891390145794,0.981401576561802,47.7363797641166));
#1363=CARTESIAN_POINT('Ctrl Pts',(40.195192762604,0.986009230011822,47.6597885345033));
#1364=CARTESIAN_POINT('Ctrl Pts',(21.0363444135679,19.2189711177382,50.5717438152614));
#1365=CARTESIAN_POINT('Ctrl Pts',(20.7756037472759,19.2557369264708,50.6111814212769));
#1366=CARTESIAN_POINT('Ctrl Pts',(20.269110652882,19.3070091659987,50.6882646810971));
#1367=CARTESIAN_POINT('Ctrl Pts',(19.5131412261747,19.3215629291259,50.8030287842089));
#1368=CARTESIAN_POINT('Ctrl Pts',(18.6088449308151,19.2593420051703,50.940306645312));
#1369=CARTESIAN_POINT('Ctrl Pts',(16.5575580996502,18.8761215829871,51.2514507921628));
#1370=CARTESIAN_POINT('Ctrl Pts',(13.7692654033955,17.4617055309646,51.6735518191039));
#1371=CARTESIAN_POINT('Ctrl Pts',(11.0965711844499,13.920248446363,52.0765938490351));
#1372=CARTESIAN_POINT('Ctrl Pts',(10.3367738995007,9.36521683939413,52.1901950408631));
#1373=CARTESIAN_POINT('Ctrl Pts',(11.8945501380677,4.80044107827642,51.9547312591093));
#1374=CARTESIAN_POINT('Ctrl Pts',(14.68459033868,2.32094607134138,51.5338513125836));
#1375=CARTESIAN_POINT('Ctrl Pts',(17.0027342044298,1.40246983338148,51.1837272682126));
#1376=CARTESIAN_POINT('Ctrl Pts',(18.4198940593974,1.05178649548966,50.969553433397));
#1377=CARTESIAN_POINT('Ctrl Pts',(19.3056599239565,0.999999999999999,50.8355611087479));
#1378=CARTESIAN_POINT('Ctrl Pts',(20.0687198534678,0.999999999999999,50.7200831965667));
#1379=CARTESIAN_POINT('Ctrl Pts',(20.5328430314772,1.00000683196165,50.6498449597734));
#1380=CARTESIAN_POINT('Ctrl Pts',(21.4958871524592,0.999982796406203,50.5041024165124));
#1381=CARTESIAN_POINT('Ctrl Pts',(24.1265447217187,1.00019030148488,50.1059906982667));
#1382=CARTESIAN_POINT('Ctrl Pts',(28.4642034982166,0.999481326121623,49.4495509018222));
#1383=CARTESIAN_POINT('Ctrl Pts',(33.3242449926608,1.00078010628164,48.71405290937));
#1384=CARTESIAN_POINT('Ctrl Pts',(36.7473246582655,0.998715225303017,48.1960234511674));
#1385=CARTESIAN_POINT('Ctrl Pts',(38.7156485932969,1.0006209095075,47.8981435402095));
#1386=CARTESIAN_POINT('Ctrl Pts',(39.6912766094758,0.99567641762617,47.7505046558827));
#1387=CARTESIAN_POINT('Ctrl Pts',(40.1973303535126,1.00031763232042,47.6739133999191));
#1388=CARTESIAN_POINT('Ctrl Pts',(40.1674040807919,0.8,47.4761652840981));
#1389=CARTESIAN_POINT('Ctrl Pts',(39.6613492338197,0.8,47.5527492520375));
#1390=CARTESIAN_POINT('Ctrl Pts',(38.6857224138632,0.799999999999999,47.7003960408143));
#1391=CARTESIAN_POINT('Ctrl Pts',(36.7173980357345,0.8,47.9982730238545));
#1392=CARTESIAN_POINT('Ctrl Pts',(33.2943188686415,0.799999999999999,48.5163057761445));
#1393=CARTESIAN_POINT('Ctrl Pts',(28.4342770637107,0.8,49.2518017169501));
#1394=CARTESIAN_POINT('Ctrl Pts',(24.096618456759,0.799999999999999,49.9082426337291));
#1395=CARTESIAN_POINT('Ctrl Pts',(21.4659608378839,0.799999999999999,50.3063540241227));
#1396=CARTESIAN_POINT('Ctrl Pts',(20.502916722649,0.799999999999999,50.45209660536));
#1397=CARTESIAN_POINT('Ctrl Pts',(20.0387935430061,0.799999999999999,50.5223348313594));
#1398=CARTESIAN_POINT('Ctrl Pts',(19.2652901689161,0.799999999999999,50.6393932054799));
#1399=CARTESIAN_POINT('Ctrl Pts',(18.3607450970049,0.859148007620696,50.7762828157691));
#1400=CARTESIAN_POINT('Ctrl Pts',(16.9157069918218,1.22267298889515,50.9949681076514));
#1401=CARTESIAN_POINT('Ctrl Pts',(14.5543530858842,2.1691031044434,51.3523243367399));
#1402=CARTESIAN_POINT('Ctrl Pts',(11.7193249383572,4.7028226648463,51.7813642047633));
#1403=CARTESIAN_POINT('Ctrl Pts',(10.1353755841575,9.34995143442232,52.0210716737964));
#1404=CARTESIAN_POINT('Ctrl Pts',(10.8994299002609,13.9901051433533,51.9054432758105));
#1405=CARTESIAN_POINT('Ctrl Pts',(13.610944842695,17.6127472532177,51.4950953171632));
#1406=CARTESIAN_POINT('Ctrl Pts',(16.4534414014693,19.0726859325043,51.0649252147967));
#1407=CARTESIAN_POINT('Ctrl Pts',(18.5510670787085,19.4747434045333,50.7474803793688));
#1408=CARTESIAN_POINT('Ctrl Pts',(19.4767899883007,19.5428950394464,50.6073858144157));
#1409=CARTESIAN_POINT('Ctrl Pts',(20.251249327493,19.531229817538,50.4901827690187));
#1410=CARTESIAN_POINT('Ctrl Pts',(20.7706698987843,19.4819864731943,50.411576095025));
#1411=CARTESIAN_POINT('Ctrl Pts',(21.0378725974362,19.4441486000275,50.3711388913715));
#1412=CARTESIAN_POINT('',(20.9927847265906,19.2255282785354,50.5783471316495));
#1413=CARTESIAN_POINT('Ctrl Pts',(21.0363310600989,19.2193890558976,50.5717458361129));
#1414=CARTESIAN_POINT('Ctrl Pts',(21.0217778916423,19.2214413712869,50.5739470352232));
#1415=CARTESIAN_POINT('Ctrl Pts',(21.0072629180918,19.2234872068145,50.5761517197397));
#1416=CARTESIAN_POINT('Ctrl Pts',(20.9927847265906,19.2255282785354,50.5783471316495));
#1417=CARTESIAN_POINT('Ctrl Pts',(20.9927847265906,19.2255282785354,50.5783471316495));
#1418=CARTESIAN_POINT('Ctrl Pts',(20.9116938655094,19.2369630422919,50.5906183731005));
#1419=CARTESIAN_POINT('Ctrl Pts',(20.8315358487466,19.247117970668,50.6027672850531));
#1420=CARTESIAN_POINT('Ctrl Pts',(20.7518962892589,19.2561242771299,50.6148506322679));
#1421=CARTESIAN_POINT('Ctrl Pts',(20.6710608386661,19.265265824945,50.627115426587));
#1422=CARTESIAN_POINT('Ctrl Pts',(20.5907593044472,19.2732239726428,50.6393127068736));
#1423=CARTESIAN_POINT('Ctrl Pts',(20.5105496065846,19.2800829753747,50.6515031568814));
#1424=CARTESIAN_POINT('Ctrl Pts',(20.430145488356,19.2869586036501,50.6637231553329));
#1425=CARTESIAN_POINT('Ctrl Pts',(20.3498334210813,19.2927297179734,50.6759363253342));
#1426=CARTESIAN_POINT('Ctrl Pts',(20.2691628689853,19.2974289740733,50.6882045849643));
#1427=CARTESIAN_POINT('Ctrl Pts',(20.1890357380274,19.3020965745687,50.7003902019021));
#1428=CARTESIAN_POINT('Ctrl Pts',(20.1085547105592,19.3057066976459,50.7126302028403));
#1429=CARTESIAN_POINT('Ctrl Pts',(20.0272765385489,19.3082403451488,50.7249855287005));
#1430=CARTESIAN_POINT('Ctrl Pts',(19.9591128677383,19.3103651802684,50.7353472819715));
#1431=CARTESIAN_POINT('Ctrl Pts',(19.8903884411284,19.3117320689123,50.7457901618821));
#1432=CARTESIAN_POINT('Ctrl Pts',(19.8208426128486,19.3123015342258,50.7563499928012));
#1433=CARTESIAN_POINT('Ctrl Pts',(19.7419863286114,19.3129472367752,50.7683235223292));
#1434=CARTESIAN_POINT('Ctrl Pts',(19.6620406699189,19.3125683594042,50.780461806823));
#1435=CARTESIAN_POINT('Ctrl Pts',(19.5805843024935,19.3110600212458,50.7928285905495));
#1436=CARTESIAN_POINT('Ctrl Pts',(19.500749472329,19.3095817093038,50.8049491909359));
#1437=CARTESIAN_POINT('Ctrl Pts',(19.4194632573691,19.3070185570199,50.8172893176497));
#1438=CARTESIAN_POINT('Ctrl Pts',(19.3363361167533,19.3032223005365,50.8299079045734));
#1439=CARTESIAN_POINT('Ctrl Pts',(19.2561361781349,19.2995597237331,50.8420821462137));
#1440=CARTESIAN_POINT('Ctrl Pts',(19.1742224801419,19.2947493666762,50.8545156127832));
#1441=CARTESIAN_POINT('Ctrl Pts',(19.0902549470475,19.2886109139979,50.8672597541174));
#1442=CARTESIAN_POINT('Ctrl Pts',(19.0081294843318,19.28260712601,50.8797243159001));
#1443=CARTESIAN_POINT('Ctrl Pts',(18.9240390737946,19.2753330134595,50.8924861068692));
#1444=CARTESIAN_POINT('Ctrl Pts',(18.8376782482436,19.2665726753119,50.9055913403734));
#1445=CARTESIAN_POINT('Ctrl Pts',(18.7543427597824,19.2581192237155,50.918237479737));
#1446=CARTESIAN_POINT('Ctrl Pts',(18.6688929293477,19.2482818907532,50.9312034526971));
#1447=CARTESIAN_POINT('Ctrl Pts',(18.5810694555886,19.2368211157983,50.9445284875641));
#1448=CARTESIAN_POINT('Ctrl Pts',(18.5287312598638,19.2299910935152,50.9524695112227));
#1449=CARTESIAN_POINT('Ctrl Pts',(18.4755503581643,19.2225836257895,50.9605380113074));
#1450=CARTESIAN_POINT('Ctrl Pts',(18.4214750972456,19.2145397399064,50.9687418019968));
#1451=CARTESIAN_POINT('Ctrl Pts',(18.1923955393521,19.180463347291,51.0034956009103));
#1452=CARTESIAN_POINT('Ctrl Pts',(17.9649378247671,19.1375885730169,51.037995202902));
#1453=CARTESIAN_POINT('Ctrl Pts',(17.7396046075514,19.0859863763258,51.0721644890558));
#1454=CARTESIAN_POINT('Ctrl Pts',(17.5972333880823,19.0533828047753,51.0937535073027));
#1455=CARTESIAN_POINT('Ctrl Pts',(17.4557102290132,19.0172941687105,51.1152106693337));
#1456=CARTESIAN_POINT('Ctrl Pts',(17.31516291685,18.9777276872793,51.136516624026));
#1457=CARTESIAN_POINT('Ctrl Pts',(17.0929234931393,18.9151634738755,51.1702065112217));
#1458=CARTESIAN_POINT('Ctrl Pts',(16.873123005132,18.8439059583451,51.2035184820551));
#1459=CARTESIAN_POINT('Ctrl Pts',(16.6562098738221,18.7642091442173,51.2363846251269));
#1460=CARTESIAN_POINT('Ctrl Pts',(16.4396301939984,18.6846348446692,51.2692002444514));
#1461=CARTESIAN_POINT('Ctrl Pts',(16.2259284135542,18.5966468652328,51.3015714944865));
#1462=CARTESIAN_POINT('Ctrl Pts',(16.0155720185675,18.5004510250926,51.3334275788401));
#1463=CARTESIAN_POINT('Ctrl Pts',(15.8605125549718,18.4295424350627,51.3569095716383));
#1464=CARTESIAN_POINT('Ctrl Pts',(15.7072712222586,18.3541730575856,51.3801115861937));
#1465=CARTESIAN_POINT('Ctrl Pts',(15.5560454673017,18.2744103863021,51.4030037221));
#1466=CARTESIAN_POINT('Ctrl Pts',(15.3162728159051,18.1479444468095,51.439299841924));
#1467=CARTESIAN_POINT('Ctrl Pts',(15.0811290379244,18.0101996972009,51.4748828795914));
#1468=CARTESIAN_POINT('Ctrl Pts',(14.8517458157903,17.8614415925509,51.5095829412174));
#1469=CARTESIAN_POINT('Ctrl Pts',(14.6232158568188,17.7132368405378,51.5441539250319));
#1470=CARTESIAN_POINT('Ctrl Pts',(14.4004036634009,17.5541005066086,51.5778484916601));
#1471=CARTESIAN_POINT('Ctrl Pts',(14.1844743961337,17.3843176972462,51.610491665561));
#1472=CARTESIAN_POINT('Ctrl Pts',(14.1358463680609,17.3460820132908,51.617843022776));
#1473=CARTESIAN_POINT('Ctrl Pts',(14.0875676046352,17.3073064674284,51.6251410287727));
#1474=CARTESIAN_POINT('Ctrl Pts',(14.0396517388662,17.267994475782,51.6323836358649));
#1475=CARTESIAN_POINT('Ctrl Pts',(13.8272253847256,17.0937118467317,51.6644924289415));
#1476=CARTESIAN_POINT('Ctrl Pts',(13.6219289827582,16.9088825239684,51.6955127808038));
#1477=CARTESIAN_POINT('Ctrl Pts',(13.42467207425,16.7141944287294,51.7253083936448));
#1478=CARTESIAN_POINT('Ctrl Pts',(13.2282210564112,16.5203017293049,51.7549822768767));
#1479=CARTESIAN_POINT('Ctrl Pts',(13.0397439700952,16.3166306377201,51.7834414088081));
#1480=CARTESIAN_POINT('Ctrl Pts',(12.8601720687575,16.103900188526,51.8105461893608));
#1481=CARTESIAN_POINT('Ctrl Pts',(12.7157848134403,15.9328513470719,51.8323401606939));
#1482=CARTESIAN_POINT('Ctrl Pts',(12.5771555430116,15.755946206546,51.8532584252718));
#1483=CARTESIAN_POINT('Ctrl Pts',(12.4447839019032,15.5735772894752,51.8732260613944));
#1484=CARTESIAN_POINT('Ctrl Pts',(12.285782312591,15.3545201907448,51.8972106992799));
#1485=CARTESIAN_POINT('Ctrl Pts',(12.1357202957408,15.1274552436353,51.9198377354057));
#1486=CARTESIAN_POINT('Ctrl Pts',(11.9955432048082,14.8931110088835,51.9409660937466));
#1487=CARTESIAN_POINT('Ctrl Pts',(11.8952144579986,14.725384148251,51.9560882631424));
#1488=CARTESIAN_POINT('Ctrl Pts',(11.799949910088,14.5539293749666,51.9704426370936));
#1489=CARTESIAN_POINT('Ctrl Pts',(11.710102724248,14.3790287617368,51.9839764989199));
#1490=CARTESIAN_POINT('Ctrl Pts',(11.5856538661893,14.1367709615986,52.0027224800395));
#1491=CARTESIAN_POINT('Ctrl Pts',(11.4715992291153,13.8878997210118,52.0198941554856));
#1492=CARTESIAN_POINT('Ctrl Pts',(11.368498693023,13.6334100911,52.0354087339051));
#1493=CARTESIAN_POINT('Ctrl Pts',(11.2640056613754,13.3754832755833,52.0511328551874));
#1494=CARTESIAN_POINT('Ctrl Pts',(11.1707646928723,13.1117853327233,52.065154804794));
#1495=CARTESIAN_POINT('Ctrl Pts',(11.0893591362465,12.8434057588743,52.0773883193244));
#1496=CARTESIAN_POINT('Ctrl Pts',(11.0600276889632,12.7467052184131,52.08179620868));
#1497=CARTESIAN_POINT('Ctrl Pts',(11.0322327753811,12.6493973793843,52.0859719142473));
#1498=CARTESIAN_POINT('Ctrl Pts',(11.0060016712458,12.5515348532514,52.0899114026337));
#1499=CARTESIAN_POINT('Ctrl Pts',(10.9350532156524,12.2868416457608,52.1005667153267));
#1500=CARTESIAN_POINT('Ctrl Pts',(10.8754988965113,12.0179155199732,52.1095013498514));
#1501=CARTESIAN_POINT('Ctrl Pts',(10.8279241462403,11.745816120317,52.116627967494));
#1502=CARTESIAN_POINT('Ctrl Pts',(10.7798447113742,11.4708302236316,52.1238301860409));
#1503=CARTESIAN_POINT('Ctrl Pts',(10.7440004111166,11.1926034175785,52.1291858164151));
#1504=CARTESIAN_POINT('Ctrl Pts',(10.7209981868482,10.9122824635176,52.1326043052952));
#1505=CARTESIAN_POINT('Ctrl Pts',(10.717663231041,10.8716403941814,52.1330999316837));
#1506=CARTESIAN_POINT('Ctrl Pts',(10.7145982242364,10.8309543943143,52.1335548380642));
#1507=CARTESIAN_POINT('Ctrl Pts',(10.7118050197084,10.7902280490148,52.1339687479276));
#1508=CARTESIAN_POINT('Ctrl Pts',(10.6927310809067,10.5121203021363,52.1367952116993));
#1509=CARTESIAN_POINT('Ctrl Pts',(10.6863331258681,10.2321271825986,52.1377097290255));
#1510=CARTESIAN_POINT('Ctrl Pts',(10.6927160133026,9.95145207867836,52.1366976910576));
#1511=CARTESIAN_POINT('Ctrl Pts',(10.6991855587336,9.66696635732264,52.1356719130413));
#1512=CARTESIAN_POINT('Ctrl Pts',(10.7187853811355,9.38178006150365,52.1326669067424));
#1513=CARTESIAN_POINT('Ctrl Pts',(10.7516051897076,9.09719647953243,52.1276704079869));
#1514=CARTESIAN_POINT('Ctrl Pts',(10.7773831671105,8.873673263997,52.1237459599899));
#1515=CARTESIAN_POINT('Ctrl Pts',(10.8113163694503,8.6505228977629,52.1185929883633));
#1516=CARTESIAN_POINT('Ctrl Pts',(10.853439824318,8.42839771072432,52.1122068279228));
#1517=CARTESIAN_POINT('Ctrl Pts',(10.9031012261508,8.16652346025331,52.1046778709366));
#1518=CARTESIAN_POINT('Ctrl Pts',(10.9642108636125,7.90574174292591,52.0954252694088));
#1519=CARTESIAN_POINT('Ctrl Pts',(11.0368811325611,7.64722079657771,52.0844316411978));
#1520=CARTESIAN_POINT('Ctrl Pts',(11.0888745934613,7.46225658892752,52.0765660204038));
#1521=CARTESIAN_POINT('Ctrl Pts',(11.1467852809621,7.27845064394901,52.0678092680195));
#1522=CARTESIAN_POINT('Ctrl Pts',(11.2106447028154,7.09624387819475,52.058156479316));
#1523=CARTESIAN_POINT('Ctrl Pts',(11.2991431263474,6.8437359309235,52.0447793368653));
#1524=CARTESIAN_POINT('Ctrl Pts',(11.3990687722116,6.59429853133327,52.0296809515133));
#1525=CARTESIAN_POINT('Ctrl Pts',(11.510084541817,6.34899418602422,52.0129119748991));
#1526=CARTESIAN_POINT('Ctrl Pts',(11.6229039646475,6.09970442517334,51.9958705557403));
#1527=CARTESIAN_POINT('Ctrl Pts',(11.7471767596988,5.85468336771826,51.9771038264127));
#1528=CARTESIAN_POINT('Ctrl Pts',(11.8825025270457,5.61507304288229,51.9566720002867));
#1529=CARTESIAN_POINT('Ctrl Pts',(12.0212525906622,5.36939959527545,51.9357231652617));
#1530=CARTESIAN_POINT('Ctrl Pts',(12.171622081719,5.12941445882814,51.9130238986818));
#1531=CARTESIAN_POINT('Ctrl Pts',(12.3331309594459,4.89637246811202,51.8886464367075));
#1532=CARTESIAN_POINT('Ctrl Pts',(12.3617921304898,4.85501711693667,51.8843204416471));
#1533=CARTESIAN_POINT('Ctrl Pts',(12.3908039786295,4.81388046934499,51.8799416156911));
#1534=CARTESIAN_POINT('Ctrl Pts',(12.4201636671987,4.77296960268173,51.8755103858306));
#1535=CARTESIAN_POINT('Ctrl Pts',(12.5805794472938,4.54944037229902,51.8512989847736));
#1536=CARTESIAN_POINT('Ctrl Pts',(12.7515644728554,4.33239277236697,51.825495179359));
#1537=CARTESIAN_POINT('Ctrl Pts',(12.9327493056288,4.122996594344,51.7981529246029));
#1538=CARTESIAN_POINT('Ctrl Pts',(12.9951760297,4.05084973068586,51.788732227699));
#1539=CARTESIAN_POINT('Ctrl Pts',(13.0588133699819,3.97961157752487,51.7791289321944));
#1540=CARTESIAN_POINT('Ctrl Pts',(13.1236454847737,3.9093312119775,51.7693453555736));
#1541=CARTESIAN_POINT('Ctrl Pts',(13.3111188547432,3.70610327449372,51.7410544370164));
#1542=CARTESIAN_POINT('Ctrl Pts',(13.508585922525,3.5108821034135,51.7112555546478));
#1543=CARTESIAN_POINT('Ctrl Pts',(13.7152856856041,3.32454999435513,51.6800619424865));
#1544=CARTESIAN_POINT('Ctrl Pts',(13.9213981776756,3.13874728815526,51.6489569569582));
#1545=CARTESIAN_POINT('Ctrl Pts',(14.1366909822872,2.96178320273145,51.6164651547953));
#1546=CARTESIAN_POINT('Ctrl Pts',(14.3603675433853,2.79456220487774,51.5827051669475));
#1547=CARTESIAN_POINT('Ctrl Pts',(14.5836842790274,2.62761021317965,51.5489994883352));
#1548=CARTESIAN_POINT('Ctrl Pts',(14.815357833074,2.47036997941022,51.5140296988799));
#1549=CARTESIAN_POINT('Ctrl Pts',(15.0545533781871,2.32377131226812,51.4779202305608));
#1550=CARTESIAN_POINT('Ctrl Pts',(15.2932251150062,2.17749367785143,51.441889837456));
#1551=CARTESIAN_POINT('Ctrl Pts',(15.5393859433899,2.04181104943227,51.4047247501885));
#1552=CARTESIAN_POINT('Ctrl Pts',(15.7921643855714,1.91767681957971,51.3665549597416));
#1553=CARTESIAN_POINT('Ctrl Pts',(15.8514591014231,1.8885584192009,51.357601400019));
#1554=CARTESIAN_POINT('Ctrl Pts',(15.9111177614408,1.86007558656969,51.348592585266));
#1555=CARTESIAN_POINT('Ctrl Pts',(15.9711287799458,1.83224086477698,51.339530244354));
#1556=CARTESIAN_POINT('Ctrl Pts',(16.0253328688487,1.80709955286084,51.3313448153328));
#1557=CARTESIAN_POINT('Ctrl Pts',(16.0798423185613,1.78247866276791,51.3231129935696));
#1558=CARTESIAN_POINT('Ctrl Pts',(16.1346525838182,1.75838710066254,51.314835445347));
#1559=CARTESIAN_POINT('Ctrl Pts',(16.2419636230339,1.71121910113286,51.2986291325739));
#1560=CARTESIAN_POINT('Ctrl Pts',(16.350427808302,1.66607985368629,51.2822475320638));
#1561=CARTESIAN_POINT('Ctrl Pts',(16.4599972490176,1.62300686607001,51.2656977294248));
#1562=CARTESIAN_POINT('Ctrl Pts',(16.5920009339457,1.57111472306841,51.2457593696146));
#1563=CARTESIAN_POINT('Ctrl Pts',(16.722393685816,1.52348253543159,51.2260624580585));
#1564=CARTESIAN_POINT('Ctrl Pts',(16.8509659669604,1.47972082948291,51.2066387298597));
#1565=CARTESIAN_POINT('Ctrl Pts',(16.9821605899874,1.43506656603008,51.1868188380747));
#1566=CARTESIAN_POINT('Ctrl Pts',(17.1114599845432,1.39444222127288,51.1672833476083));
#1567=CARTESIAN_POINT('Ctrl Pts',(17.2386900132093,1.35745852105863,51.1480586377954));
#1568=CARTESIAN_POINT('Ctrl Pts',(17.3696254559714,1.31939771722714,51.1282740325594));
#1569=CARTESIAN_POINT('Ctrl Pts',(17.4983694518245,1.28519261232803,51.1088185420565));
#1570=CARTESIAN_POINT('Ctrl Pts',(17.6247794998811,1.25444583022924,51.0897137602533));
#1571=CARTESIAN_POINT('Ctrl Pts',(17.6486129153245,1.24864881612653,51.0861117348711));
#1572=CARTESIAN_POINT('Ctrl Pts',(17.6723634909039,1.24297481389537,51.082522157216));
#1573=CARTESIAN_POINT('Ctrl Pts',(17.6960304431576,1.2374212672549,51.078945146045));
#1574=CARTESIAN_POINT('Ctrl Pts',(17.8378436489447,1.20414422151908,51.0575115699822));
#1575=CARTESIAN_POINT('Ctrl Pts',(17.9766799573292,1.17518492929678,51.0365253007676));
#1576=CARTESIAN_POINT('Ctrl Pts',(18.1121903265973,1.15005286666936,51.0160394074349));
#1577=CARTESIAN_POINT('Ctrl Pts',(18.2499579966114,1.1245021598893,50.9952122647753));
#1578=CARTESIAN_POINT('Ctrl Pts',(18.3842881877365,1.10290700143743,50.9749022785978));
#1579=CARTESIAN_POINT('Ctrl Pts',(18.5148682676014,1.08475696696926,50.9551570204517));
#1580=CARTESIAN_POINT('Ctrl Pts',(18.6491367285712,1.06609426438009,50.9348540352991));
#1581=CARTESIAN_POINT('Ctrl Pts',(18.7794403799894,1.05107373932839,50.9151481094148));
#1582=CARTESIAN_POINT('Ctrl Pts',(18.9054936932204,1.03915013193447,50.896082735189));
#1583=CARTESIAN_POINT('Ctrl Pts',(18.9959375664034,1.03059488489355,50.8824032352658));
#1584=CARTESIAN_POINT('Ctrl Pts',(19.084194475431,1.02363416260902,50.8690533233272));
#1585=CARTESIAN_POINT('Ctrl Pts',(19.1701746338291,1.01807090464025,50.8560466913381));
#1586=CARTESIAN_POINT('Ctrl Pts',(19.2979963538099,1.00980033134156,50.8367104851368));
#1587=CARTESIAN_POINT('Ctrl Pts',(19.4207426953842,1.00462282559497,50.8181392842098));
#1588=CARTESIAN_POINT('Ctrl Pts',(19.5379235417026,1.00190116021324,50.8004084343621));
#1589=CARTESIAN_POINT('Ctrl Pts',(19.6085096136879,1.00026171422363,50.7897279257035));
#1590=CARTESIAN_POINT('Ctrl Pts',(19.6770773072341,0.999513067707658,50.7793521777933));
#1591=CARTESIAN_POINT('Ctrl Pts',(19.7435283683494,0.999514935106113,50.7692963164893));
#1592=CARTESIAN_POINT('Ctrl Pts',(19.9155760471611,0.999519769965997,50.7432608015288));
#1593=CARTESIAN_POINT('Ctrl Pts',(20.0736784709974,0.999524166959567,50.7193327826379));
#1594=CARTESIAN_POINT('Ctrl Pts',(20.2163319314046,0.999528104086928,50.6977442767602));
#1595=CARTESIAN_POINT('Ctrl Pts',(21.9841571590164,0.999576894723011,50.4302098951335));
#1596=CARTESIAN_POINT('Ctrl Pts',(23.7593939457251,0.999620793976403,50.1615538829017));
#1597=CARTESIAN_POINT('Ctrl Pts',(25.5421301735998,0.999656284405021,49.8917629404043));
#1598=CARTESIAN_POINT('Ctrl Pts',(26.4021288877083,0.99967340512232,49.7616147670526));
#1599=CARTESIAN_POINT('Ctrl Pts',(27.2638713467555,0.999688563276436,49.6312027035172));
#1600=CARTESIAN_POINT('Ctrl Pts',(28.1273727373408,0.99970130410312,49.5005244515295));
#1601=CARTESIAN_POINT('Ctrl Pts',(28.5636787059692,0.999707741728801,49.4344959518261));
#1602=CARTESIAN_POINT('Ctrl Pts',(29.0004301274032,0.999713561294108,49.3684000393836));
#1603=CARTESIAN_POINT('Ctrl Pts',(29.4376281524208,0.999718697758431,49.3022365400486));
#1604=CARTESIAN_POINT('Ctrl Pts',(30.0257069210771,0.999725606860124,49.2132394563647));
#1605=CARTESIAN_POINT('Ctrl Pts',(30.6146035704,0.999731281032805,49.1241185984553));
#1606=CARTESIAN_POINT('Ctrl Pts',(31.2043247344681,0.999735545822899,49.03487296235));
#1607=CARTESIAN_POINT('Ctrl Pts',(31.6635140190159,0.999738866622678,48.9653814089021));
#1608=CARTESIAN_POINT('Ctrl Pts',(32.123201642251,0.999741332574109,48.8958144392137));
#1609=CARTESIAN_POINT('Ctrl Pts',(32.5833692412901,0.999742851720284,48.8261748322375));
#1610=CARTESIAN_POINT('Ctrl Pts',(33.0870252291062,0.999744514434193,48.7499538963959));
#1611=CARTESIAN_POINT('Ctrl Pts',(33.591268648156,0.999745043436806,48.6736440614655));
#1612=CARTESIAN_POINT('Ctrl Pts',(34.0961257688815,0.99974430382895,48.5972413518008));
#1613=CARTESIAN_POINT('Ctrl Pts',(34.4602985625174,0.999743770321452,48.5421291486096));
#1614=CARTESIAN_POINT('Ctrl Pts',(34.8247898576742,0.999742576400285,48.4869687448915));
#1615=CARTESIAN_POINT('Ctrl Pts',(35.1895926596144,0.999740665564271,48.4317611991973));
#1616=CARTESIAN_POINT('Ctrl Pts',(35.5362629829143,0.999738849706128,48.3792977378077));
#1617=CARTESIAN_POINT('Ctrl Pts',(35.8832131132233,0.999736385599373,48.3267919317372));
#1618=CARTESIAN_POINT('Ctrl Pts',(36.2304268939814,0.999733398898465,48.2742462260438));
#1619=CARTESIAN_POINT('Ctrl Pts',(36.6721542659731,0.999729599200365,48.2073972765733));
#1620=CARTESIAN_POINT('Ctrl Pts',(37.1143243498406,0.999724952842115,48.1404813291631));
#1621=CARTESIAN_POINT('Ctrl Pts',(37.5569733257875,0.999719731883538,48.0734929084708));
#1622=CARTESIAN_POINT('Ctrl Pts',(37.979240602719,0.999714751323136,48.0095889585495));
#1623=CARTESIAN_POINT('Ctrl Pts',(38.4019438369421,0.999709247587679,47.9456190328955));
#1624=CARTESIAN_POINT('Ctrl Pts',(38.8250679448536,0.999703475505739,47.8815854141908));
#1625=CARTESIAN_POINT('Ctrl Pts',(39.0760853063016,0.999700051231983,47.8435976235859));
#1626=CARTESIAN_POINT('Ctrl Pts',(39.3272498931157,0.999696532890071,47.8055875525844));
#1627=CARTESIAN_POINT('Ctrl Pts',(39.5785498791435,0.999692977614764,47.7675569909006));
#1628=CARTESIAN_POINT('Ctrl Pts',(39.7599288158374,0.999690411549939,47.7401079530033));
#1629=CARTESIAN_POINT('Ctrl Pts',(39.9425509316131,0.99968780953056,47.7124730196566));
#1630=CARTESIAN_POINT('Ctrl Pts',(40.1280809811061,0.999685170664484,47.684394093393));
#1631=CARTESIAN_POINT('Ctrl Pts',(40.1511135210599,0.999684843063708,47.6809082484164));
#1632=CARTESIAN_POINT('Ctrl Pts',(40.1742016421575,0.999791159266564,47.6774139316378));
#1633=CARTESIAN_POINT('Ctrl Pts',(40.1973477275455,1.00000554057908,47.6739107706144));
#1634=CARTESIAN_POINT('Ctrl Pts',(20.9937127552731,19.2266306313971,50.5676734476473));
#1635=CARTESIAN_POINT('Ctrl Pts',(20.5667440263113,18.7194585974553,55.4784369337915));
#1636=CARTESIAN_POINT('Ctrl Pts',(20.1397649883541,18.2122661187991,60.3892019800508));
#1637=CARTESIAN_POINT('Ctrl Pts',(19.7127962593923,17.7050940848573,65.299965466195));
#1638=CARTESIAN_POINT('Ctrl Pts',(24.3558583243448,18.7524233281301,50.0588621003991));
#1639=CARTESIAN_POINT('Ctrl Pts',(23.8224131503532,18.3102034869268,54.985739232527));
#1640=CARTESIAN_POINT('Ctrl Pts',(23.2888765421246,17.8679174628335,59.9126302018838));
#1641=CARTESIAN_POINT('Ctrl Pts',(22.7554313681331,17.4256976216302,64.8395073340117));
#1642=CARTESIAN_POINT('Ctrl Pts',(31.2711008481784,17.7760144110365,49.0123417184538));
#1643=CARTESIAN_POINT('Ctrl Pts',(30.4693849353642,17.4717003890917,53.9798176864274));
#1644=CARTESIAN_POINT('Ctrl Pts',(29.6677803050117,17.1674373041299,58.9472768134348));
#1645=CARTESIAN_POINT('Ctrl Pts',(28.8660643921974,16.8631232821851,63.9147527814084));
#1646=CARTESIAN_POINT('Ctrl Pts',(38.0029969090303,16.8267204249959,47.9935681306098));
#1647=CARTESIAN_POINT('Ctrl Pts',(36.9861800087898,16.6526076991044,52.993596473535));
#1648=CARTESIAN_POINT('Ctrl Pts',(35.9692115213963,16.4785613657387,57.9936477569493));
#1649=CARTESIAN_POINT('Ctrl Pts',(34.9523946211557,16.3044486398472,62.9936760998746));
#1650=CARTESIAN_POINT('Ctrl Pts',(42.123578490806,16.2469038624918,47.369978633071));
#1651=CARTESIAN_POINT('Ctrl Pts',(41.0373424591069,16.1469127185933,52.3805125418847));
#1652=CARTESIAN_POINT('Ctrl Pts',(39.9511554074633,16.0469993470682,57.3910390382864));
#1653=CARTESIAN_POINT('Ctrl Pts',(38.8649193757641,15.9470082031698,62.4015729471));
#1654=CARTESIAN_POINT('Ctrl Pts',(43.9612463568408,15.6214511129097,47.0918745939975));
#1655=CARTESIAN_POINT('Ctrl Pts',(42.8614741424668,15.563657987913,52.1044570052338));
#1656=CARTESIAN_POINT('Ctrl Pts',(41.7617116883951,15.5059116690018,57.1170379393916));
#1657=CARTESIAN_POINT('Ctrl Pts',(40.6619394740211,15.4481185440052,62.1296203506279));
#1658=CARTESIAN_POINT('Ctrl Pts',(46.1947360664878,13.722232850351,46.7538687328936));
#1659=CARTESIAN_POINT('Ctrl Pts',(45.1191926628335,13.7146254906127,51.7627844695106));
#1660=CARTESIAN_POINT('Ctrl Pts',(44.0437533487845,13.7072078480145,56.7716844536947));
#1661=CARTESIAN_POINT('Ctrl Pts',(42.9682099451301,13.6996004882761,61.7806001903117));
#1662=CARTESIAN_POINT('Ctrl Pts',(47.5852784394549,11.1207880443268,46.5434305696256));
#1663=CARTESIAN_POINT('Ctrl Pts',(46.5518010395796,11.1312212655051,51.5459802344541));
#1664=CARTESIAN_POINT('Ctrl Pts',(45.5183028904846,11.1416072581461,56.5485330393721));
#1665=CARTESIAN_POINT('Ctrl Pts',(44.4848254906093,11.1520404793244,61.5510827042006));
#1666=CARTESIAN_POINT('Ctrl Pts',(47.9341575404068,8.1812748973374,46.4906328421819));
#1667=CARTESIAN_POINT('Ctrl Pts',(46.9338808325154,8.18194735421027,51.4881580699445));
#1668=CARTESIAN_POINT('Ctrl Pts',(45.9335732776821,8.18261777384908,56.4856879659387));
#1669=CARTESIAN_POINT('Ctrl Pts',(44.9332965697906,8.18329023072195,61.4832131937013));
#1670=CARTESIAN_POINT('Ctrl Pts',(47.1893162835481,5.31794168269514,46.6033536258608));
#1671=CARTESIAN_POINT('Ctrl Pts',(46.2009550476224,5.30087358629859,51.5990756219609));
#1672=CARTESIAN_POINT('Ctrl Pts',(45.2125707355675,5.28384258944913,56.5948011102943));
#1673=CARTESIAN_POINT('Ctrl Pts',(44.2242094996418,5.26677449305259,61.5905231063945));
#1674=CARTESIAN_POINT('Ctrl Pts',(45.4582482792291,2.93409467405208,46.8653253416479));
#1675=CARTESIAN_POINT('Ctrl Pts',(44.4681420598644,2.91152349579443,51.8613114153605));
#1676=CARTESIAN_POINT('Ctrl Pts',(43.4781473035525,2.88877164991143,56.8572806207773));
#1677=CARTESIAN_POINT('Ctrl Pts',(42.4880410841878,2.86620047165378,61.8532666944899));
#1678=CARTESIAN_POINT('Ctrl Pts',(42.9872079512895,1.36328963002329,47.2392809995853));
#1679=CARTESIAN_POINT('Ctrl Pts',(42.0033082798174,1.35330839355037,52.2343278034388));
#1680=CARTESIAN_POINT('Ctrl Pts',(41.0194013356858,1.34327755651624,57.2293757079025));
#1681=CARTESIAN_POINT('Ctrl Pts',(40.0355016642137,1.33329632004332,62.224422511756));
#1682=CARTESIAN_POINT('Ctrl Pts',(41.0814955897086,0.999671649589547,47.5276825735931));
#1683=CARTESIAN_POINT('Ctrl Pts',(40.1212773494108,0.999669868888965,52.5191455406814));
#1684=CARTESIAN_POINT('Ctrl Pts',(39.161142858725,0.999597897837935,57.510595833496));
#1685=CARTESIAN_POINT('Ctrl Pts',(38.2009246184272,0.999596117137353,62.5020588005842));
#1686=CARTESIAN_POINT('Ctrl Pts',(38.5255566136876,0.999708004033896,47.9144863948901));
#1687=CARTESIAN_POINT('Ctrl Pts',(37.6128267019009,0.999705451000517,52.898762700987));
#1688=CARTESIAN_POINT('Ctrl Pts',(36.6999854239106,0.999629497966955,57.8830558607231));
#1689=CARTESIAN_POINT('Ctrl Pts',(35.7872555121239,0.999626944933576,62.86733216682));
#1690=CARTESIAN_POINT('Ctrl Pts',(31.9166795938818,0.999803412690456,48.914642857828));
#1691=CARTESIAN_POINT('Ctrl Pts',(31.1776562343102,0.999813797590876,53.8726312287233));
#1692=CARTESIAN_POINT('Ctrl Pts',(30.4386831650056,0.999759868072051,58.8306119889253));
#1693=CARTESIAN_POINT('Ctrl Pts',(29.699659805434,0.999770252972471,63.7886003598205));
#1694=CARTESIAN_POINT('Ctrl Pts',(24.8369273620033,0.999658078590323,49.9860593676969));
#1695=CARTESIAN_POINT('Ctrl Pts',(24.4078188288263,0.999642208048208,54.8971466817787));
#1696=CARTESIAN_POINT('Ctrl Pts',(23.9786709962578,0.999683910646588,59.8082399432462));
#1697=CARTESIAN_POINT('Ctrl Pts',(23.5495624630808,0.999668040104473,64.719327257328));
#1698=CARTESIAN_POINT('Ctrl Pts',(18.5068205333774,0.999480121412976,50.9440280568955));
#1699=CARTESIAN_POINT('Ctrl Pts',(18.2885866225555,0.999497360427374,55.8232025943004));
#1700=CARTESIAN_POINT('Ctrl Pts',(18.0703722072481,0.999520134497135,60.7023741813456));
#1701=CARTESIAN_POINT('Ctrl Pts',(17.8521382964261,0.999537373511532,65.5815487187506));
#1702=CARTESIAN_POINT('Ctrl Pts',(16.0326776450579,1.51988373132356,51.3184532417747));
#1703=CARTESIAN_POINT('Ctrl Pts',(15.8966751310012,1.50012152058367,56.1851832651291));
#1704=CARTESIAN_POINT('Ctrl Pts',(15.7606574515176,1.48036551584257,61.0519155835482));
#1705=CARTESIAN_POINT('Ctrl Pts',(15.624654937461,1.46060330510268,65.9186456069026));
#1706=CARTESIAN_POINT('Ctrl Pts',(12.9353662296911,3.73192705229157,51.7871858298569));
#1707=CARTESIAN_POINT('Ctrl Pts',(12.8965043502179,3.62973969518145,56.6392150450103));
#1708=CARTESIAN_POINT('Ctrl Pts',(12.8577142720823,3.52759152209969,61.4912333940858));
#1709=CARTESIAN_POINT('Ctrl Pts',(12.818852392609,3.42540416498957,66.3432626092392));
#1710=CARTESIAN_POINT('Ctrl Pts',(10.9683449858853,7.00982160329352,52.0848656026584));
#1711=CARTESIAN_POINT('Ctrl Pts',(10.980184388901,6.78949823462574,56.9292219234292));
#1712=CARTESIAN_POINT('Ctrl Pts',(10.9919605469234,6.56916833111743,61.7735878154007));
#1713=CARTESIAN_POINT('Ctrl Pts',(11.0037999499391,6.34884496244966,66.6179441361715));
#1714=CARTESIAN_POINT('Ctrl Pts',(10.4550940033733,10.8089902840279,52.1625386000119));
#1715=CARTESIAN_POINT('Ctrl Pts',(10.4602425851224,10.4589770846682,57.0079074783037));
#1716=CARTESIAN_POINT('Ctrl Pts',(10.4653482071359,10.1089768813394,61.8532828579205));
#1717=CARTESIAN_POINT('Ctrl Pts',(10.4704967888849,9.75896368197978,66.6986517362123));
#1718=CARTESIAN_POINT('Ctrl Pts',(11.4821645422992,14.5000081699039,52.0071065599964));
#1719=CARTESIAN_POINT('Ctrl Pts',(11.4236025288972,14.0354130829552,56.8621171010559));
#1720=CARTESIAN_POINT('Ctrl Pts',(11.3649857810395,13.5708601123881,61.7171359253713));
#1721=CARTESIAN_POINT('Ctrl Pts',(11.3064237676375,13.1062650254394,66.5721464664308));
#1722=CARTESIAN_POINT('Ctrl Pts',(13.8777943758777,17.4715950468779,51.6445631727189));
#1723=CARTESIAN_POINT('Ctrl Pts',(13.7102475117817,16.9315976928821,56.5160669701149));
#1724=CARTESIAN_POINT('Ctrl Pts',(13.542751115448,16.391539349776,61.3875631299564));
#1725=CARTESIAN_POINT('Ctrl Pts',(13.3752042513519,15.8515419957802,66.2590669273524));
#1726=CARTESIAN_POINT('Ctrl Pts',(17.2471847214413,19.2296697347933,51.1346554349631));
#1727=CARTESIAN_POINT('Ctrl Pts',(16.9463816112158,18.6702750486292,56.026325607886));
#1728=CARTESIAN_POINT('Ctrl Pts',(16.6455576353821,18.1108946978865,60.9179989385124));
#1729=CARTESIAN_POINT('Ctrl Pts',(16.3447545251566,17.5515000117224,65.8096691114354));
#1730=CARTESIAN_POINT('Ctrl Pts',(19.7683703335176,19.3994566775816,50.7531110248269));
#1731=CARTESIAN_POINT('Ctrl Pts',(19.3802072131567,18.8686126533843,55.6580018521027));
#1732=CARTESIAN_POINT('Ctrl Pts',(18.9920633500991,18.3377648538659,60.5628897650686));
#1733=CARTESIAN_POINT('Ctrl Pts',(18.6039002297382,17.8069208296686,65.4677805923445));
#1734=CARTESIAN_POINT('Ctrl Pts',(20.9937127552731,19.2266306313971,50.5676734476473));
#1735=CARTESIAN_POINT('Ctrl Pts',(20.5667440263113,18.7194585974553,55.4784369337915));
#1736=CARTESIAN_POINT('Ctrl Pts',(20.1397649883541,18.2122661187991,60.3892019800508));
#1737=CARTESIAN_POINT('Ctrl Pts',(19.7127962593923,17.7050940848573,65.299965466195));
#1738=CARTESIAN_POINT('Ctrl Pts',(20.9927847265901,19.2255282785355,50.5783471316494));
#1739=CARTESIAN_POINT('Ctrl Pts',(20.6470796397504,18.8148847249264,54.5544600029221));
#1740=CARTESIAN_POINT('Ctrl Pts',(20.3013678044308,18.4042277877877,58.530573895478));
#1741=CARTESIAN_POINT('Ctrl Pts',(19.9556601646139,17.9935791711355,62.5066871531063));
#1742=CARTESIAN_POINT('',(18.7569634763549,17.7579969714434,65.2407281828835));
#1743=CARTESIAN_POINT('Ctrl Pts',(18.7569970528522,17.7580150100077,65.2407231015271));
#1744=CARTESIAN_POINT('Ctrl Pts',(18.7771977724639,17.7589028107855,65.234386969257));
#1745=CARTESIAN_POINT('Ctrl Pts',(18.7973162599169,17.7597012808518,65.2280363032784));
#1746=CARTESIAN_POINT('Ctrl Pts',(18.8173536582717,17.760414616233,65.2216713041977));
#1747=CARTESIAN_POINT('',(16.2909390625557,17.2904220736366,65.8153538896716));
#1748=CARTESIAN_POINT('Ctrl Pts',(16.2908837779965,17.2906129457888,65.8153622561777));
#1749=CARTESIAN_POINT('Ctrl Pts',(16.3321258247911,17.3048778169253,65.8089717075316));
#1750=CARTESIAN_POINT('Ctrl Pts',(16.3734407892594,17.3188106822763,65.8024127284126));
#1751=CARTESIAN_POINT('Ctrl Pts',(16.4148255195243,17.332411936617,65.7956837182243));
#1752=CARTESIAN_POINT('Ctrl Pts',(16.5606889693707,17.3803505329948,65.7719668392246));
#1753=CARTESIAN_POINT('Ctrl Pts',(16.7074178038871,17.4241712263182,65.7461379262447));
#1754=CARTESIAN_POINT('Ctrl Pts',(16.8548582735211,17.463970603895,65.7181292811989));
#1755=CARTESIAN_POINT('Ctrl Pts',(16.9992826674004,17.5029558363592,65.6906935873615));
#1756=CARTESIAN_POINT('Ctrl Pts',(17.1444960464545,17.5381054555755,65.6611399967685));
#1757=CARTESIAN_POINT('Ctrl Pts',(17.2900391993779,17.5694192629612,65.6294959914389));
#1758=CARTESIAN_POINT('Ctrl Pts',(17.3564402440805,17.5837055380779,65.6150590703591));
#1759=CARTESIAN_POINT('Ctrl Pts',(17.4229098741848,17.5971941236488,65.6001870480072));
#1760=CARTESIAN_POINT('Ctrl Pts',(17.4894043885004,17.6098886016808,65.5848825482949));
#1761=CARTESIAN_POINT('Ctrl Pts',(17.6477051534837,17.6401098252541,65.5484477530776));
#1762=CARTESIAN_POINT('Ctrl Pts',(17.8061844181073,17.6658402869341,65.5095616781055));
#1763=CARTESIAN_POINT('Ctrl Pts',(17.9646861894796,17.687199482327,65.4682061619398));
#1764=CARTESIAN_POINT('Ctrl Pts',(18.0456070091623,17.698104115026,65.4470926927492));
#1765=CARTESIAN_POINT('Ctrl Pts',(18.1268317840164,17.7079077965625,65.4252257425076));
#1766=CARTESIAN_POINT('Ctrl Pts',(18.2078811829924,17.7165585124476,65.4027635548377));
#1767=CARTESIAN_POINT('Ctrl Pts',(18.2892255145576,17.7252407076288,65.3802196289779));
#1768=CARTESIAN_POINT('Ctrl Pts',(18.3703929421507,17.7327615354204,65.3570761635055));
#1769=CARTESIAN_POINT('Ctrl Pts',(18.4508947301593,17.7391209082599,65.3334937643045));
#1770=CARTESIAN_POINT('Ctrl Pts',(18.5323420661885,17.7455549762404,65.3096343738534));
#1771=CARTESIAN_POINT('Ctrl Pts',(18.6131077821814,17.7508001836017,65.2853257160832));
#1772=CARTESIAN_POINT('Ctrl Pts',(18.692685286803,17.7549098738654,65.260734188119));
#1773=CARTESIAN_POINT('Ctrl Pts',(18.7142015333061,17.7560210560919,65.2540851058176));
#1774=CARTESIAN_POINT('Ctrl Pts',(18.7356309240317,17.7570495210915,65.2474153426039));
#1775=CARTESIAN_POINT('Ctrl Pts',(18.7569634763549,17.7579969714434,65.2407281828835));
#1776=CARTESIAN_POINT('',(16.2288058292709,17.2684551242078,65.8248626346155));
#1777=CARTESIAN_POINT('Ctrl Pts',(16.2288058292709,17.2684551242078,65.8248626346155));
#1778=CARTESIAN_POINT('Ctrl Pts',(16.249517554067,17.2757944939649,65.8217325728164));
#1779=CARTESIAN_POINT('Ctrl Pts',(16.2702479534052,17.2830505467664,65.8185601622806));
#1780=CARTESIAN_POINT('Ctrl Pts',(16.2909965878051,17.2902234654117,65.81534518407));
#1781=CARTESIAN_POINT('',(13.9868822857795,2.68435515358905,66.1652713334352));
#1782=CARTESIAN_POINT('Ctrl Pts',(13.9868822857795,2.68435515358905,66.1652713334352));
#1783=CARTESIAN_POINT('Ctrl Pts',(13.2625589443003,3.23613380488769,66.2752115710138));
#1784=CARTESIAN_POINT('Ctrl Pts',(11.3792645516097,5.23202779868193,66.561186943169));
#1785=CARTESIAN_POINT('Ctrl Pts',(10.1443907686301,9.68959590505993,66.7481282388865));
#1786=CARTESIAN_POINT('Ctrl Pts',(11.9485434677551,14.7200776007105,66.4728376397081));
#1787=CARTESIAN_POINT('Ctrl Pts',(14.7143130976866,16.7317821884239,66.0537405233842));
#1788=CARTESIAN_POINT('Ctrl Pts',(16.2288058292709,17.2684551242078,65.8248626346155));
#1789=CARTESIAN_POINT('',(14.1013411734022,2.59871965969306,66.1476413148391));
#1790=CARTESIAN_POINT('Ctrl Pts',(14.1013411734022,2.59871965969306,66.1476413148391));
#1791=CARTESIAN_POINT('Ctrl Pts',(14.0629490153226,2.62692796822638,66.1536411141316));
#1792=CARTESIAN_POINT('Ctrl Pts',(14.0247946532226,2.65547408103857,66.1595168665484));
#1793=CARTESIAN_POINT('Ctrl Pts',(13.9868822857795,2.68435515358906,66.1652713334352));
#1794=CARTESIAN_POINT('',(18.914739567879,1.00036849011713,64.9237846882464));
#1795=CARTESIAN_POINT('Ctrl Pts',(18.914739567879,1.00036849011713,64.9237846882464));
#1796=CARTESIAN_POINT('Ctrl Pts',(18.5853456113691,1.00345554728149,65.0411984718392));
#1797=CARTESIAN_POINT('Ctrl Pts',(17.806771715678,1.04156134035169,65.3067295257105));
#1798=CARTESIAN_POINT('Ctrl Pts',(15.9777172699096,1.47114020325815,65.8118919414383));
#1799=CARTESIAN_POINT('Ctrl Pts',(14.7608531763071,2.11414887779568,66.0445749636282));
#1800=CARTESIAN_POINT('Ctrl Pts',(14.1013411734022,2.59871965969306,66.1476413148391));
#1801=CARTESIAN_POINT('',(21.8816828009502,0.999622394387674,63.6582193580191));
#1802=CARTESIAN_POINT('Ctrl Pts',(21.8816828009502,0.999622394387674,63.6582193580191));
#1803=CARTESIAN_POINT('Ctrl Pts',(21.7716429133907,0.999620307578445,63.7132829646028));
#1804=CARTESIAN_POINT('Ctrl Pts',(21.6612272281684,0.999618183312405,63.7675781015337));
#1805=CARTESIAN_POINT('Ctrl Pts',(21.5504438666612,0.9996160225999,63.8211010687547));
#1806=CARTESIAN_POINT('Ctrl Pts',(21.2056292669983,0.999609297355179,63.9876919743202));
#1807=CARTESIAN_POINT('Ctrl Pts',(20.8572527159103,0.999602217884314,64.1468023025571));
#1808=CARTESIAN_POINT('Ctrl Pts',(20.5055591074852,0.999594825477291,64.298320498609));
#1809=CARTESIAN_POINT('Ctrl Pts',(20.2732155653155,0.999589941743292,64.3984197711875));
#1810=CARTESIAN_POINT('Ctrl Pts',(20.0394243015213,0.999584921790148,64.4952054759784));
#1811=CARTESIAN_POINT('Ctrl Pts',(19.8042559299803,0.99957978059156,64.58864545175));
#1812=CARTESIAN_POINT('Ctrl Pts',(19.6705870600274,0.99957685835248,64.6417564032268));
#1813=CARTESIAN_POINT('Ctrl Pts',(19.5364732816365,0.999573896980726,64.6937864348828));
#1814=CARTESIAN_POINT('Ctrl Pts',(19.4019275615169,0.999570899454979,64.7447296393553));
#1815=CARTESIAN_POINT('Ctrl Pts',(19.2997622365781,0.999568623327639,64.783412616664));
#1816=CARTESIAN_POINT('Ctrl Pts',(19.1860402938567,0.99956607437481,64.8257548742754));
#1817=CARTESIAN_POINT('Ctrl Pts',(19.0613562899025,0.999563257220761,64.8710236810676));
#1818=CARTESIAN_POINT('Ctrl Pts',(19.039028069916,0.99956275272914,64.8791303494816));
#1819=CARTESIAN_POINT('Ctrl Pts',(19.0163479726342,0.999562239631686,64.8873308619294));
#1820=CARTESIAN_POINT('Ctrl Pts',(18.9933154140751,0.999561717868223,64.8956222877136));
#1821=CARTESIAN_POINT('Ctrl Pts',(18.9675307000678,0.999561133759356,64.904904454174));
#1822=CARTESIAN_POINT('Ctrl Pts',(18.9413059183626,0.999681027869082,64.9142975097099));
#1823=CARTESIAN_POINT('Ctrl Pts',(18.9146659022367,0.999933360771721,64.9237958364592));
#1824=CARTESIAN_POINT('',(31.8687923026897,0.999702089602908,60.482781305527));
#1825=CARTESIAN_POINT('Ctrl Pts',(31.8687923026897,0.999702089602908,60.4827813055271));
#1826=CARTESIAN_POINT('Ctrl Pts',(30.9984476432345,0.999708044602445,60.6158592786349));
#1827=CARTESIAN_POINT('Ctrl Pts',(30.1345517009044,0.999709578891325,60.7828563762554));
#1828=CARTESIAN_POINT('Ctrl Pts',(29.2790379898541,0.99970773419456,60.9831829804209));
#1829=CARTESIAN_POINT('Ctrl Pts',(28.733322489703,0.999706557498495,61.1109674116622));
#1830=CARTESIAN_POINT('Ctrl Pts',(28.1910114071175,0.999704002198267,61.2523144505613));
#1831=CARTESIAN_POINT('Ctrl Pts',(27.6526211951424,0.999700300307065,61.4070690048928));
#1832=CARTESIAN_POINT('Ctrl Pts',(27.3469814902239,0.999698198773811,61.4949218953588));
#1833=CARTESIAN_POINT('Ctrl Pts',(27.0426046745424,0.999695727179308,61.5870957858181));
#1834=CARTESIAN_POINT('Ctrl Pts',(26.7395774930146,0.999692923874874,61.6835634733327));
#1835=CARTESIAN_POINT('Ctrl Pts',(26.2717531241027,0.999688596031671,61.8324937930629));
#1836=CARTESIAN_POINT('Ctrl Pts',(25.8071473871928,0.999683478074712,61.991657767152));
#1837=CARTESIAN_POINT('Ctrl Pts',(25.3461112311823,0.999677700079795,62.16095016644));
#1838=CARTESIAN_POINT('Ctrl Pts',(25.1098109183456,0.999674738615735,62.2477196017459));
#1839=CARTESIAN_POINT('Ctrl Pts',(24.8744475647208,0.999671603548448,62.3371498814708));
#1840=CARTESIAN_POINT('Ctrl Pts',(24.6400630617563,0.999668311352022,62.4292276485416));
#1841=CARTESIAN_POINT('Ctrl Pts',(24.2134708832289,0.999662319380593,62.5968140493141));
#1842=CARTESIAN_POINT('Ctrl Pts',(23.7901219483531,0.999655806745556,62.7731703111887));
#1843=CARTESIAN_POINT('Ctrl Pts',(23.3703064117892,0.999648871999519,62.958210399393));
#1844=CARTESIAN_POINT('Ctrl Pts',(23.1094422650526,0.999644562900759,63.0731902429609));
#1845=CARTESIAN_POINT('Ctrl Pts',(22.8499414609055,0.999640090767271,63.1915231465707));
#1846=CARTESIAN_POINT('Ctrl Pts',(22.5918634884434,0.999635480129453,63.313190000973));
#1847=CARTESIAN_POINT('Ctrl Pts',(22.3459078528929,0.9996310860607,63.4291419677932));
#1848=CARTESIAN_POINT('Ctrl Pts',(22.108934925516,0.999626704023401,63.5445031242069));
#1849=CARTESIAN_POINT('Ctrl Pts',(21.8816828009502,0.999622394387674,63.6582193580191));
#1850=CARTESIAN_POINT('',(38.5570285826256,16.1082796648661,59.460523644766));
#1851=CARTESIAN_POINT('Ctrl Pts',(38.5570285826256,16.1082796648661,59.460523644766));
#1852=CARTESIAN_POINT('Ctrl Pts',(38.5818771538659,16.1057482674875,59.4567293826962));
#1853=CARTESIAN_POINT('Ctrl Pts',(38.6063932266113,16.1032511171907,59.4529812533332));
#1854=CARTESIAN_POINT('Ctrl Pts',(38.6305861848514,16.1007863735361,59.4492965741227));
#1855=CARTESIAN_POINT('Ctrl Pts',(38.6305865365752,16.100786337703,59.4492965205539));
#1856=CARTESIAN_POINT('Ctrl Pts',(38.630586888299,16.1007863018698,59.449296466985));
#1857=CARTESIAN_POINT('Ctrl Pts',(38.6305872400227,16.1007862660367,59.4492964134161));
#1858=CARTESIAN_POINT('Ctrl Pts',(38.6991283124036,16.0938034005565,59.4388573484072));
#1859=CARTESIAN_POINT('Ctrl Pts',(38.7649889081605,16.0861184666811,59.4288291286685));
#1860=CARTESIAN_POINT('Ctrl Pts',(38.8284817848005,16.0779010034762,59.4191638144967));
#1861=CARTESIAN_POINT('Ctrl Pts',(38.8940419205651,16.0694159885917,59.4091838081899));
#1862=CARTESIAN_POINT('Ctrl Pts',(38.9570779068195,16.0603629868879,59.3995906843881));
#1863=CARTESIAN_POINT('Ctrl Pts',(39.0179437495108,16.0508729886087,59.3903301996553));
#1864=CARTESIAN_POINT('Ctrl Pts',(39.081851643492,16.0409086838839,59.3806068794752));
#1865=CARTESIAN_POINT('Ctrl Pts',(39.143367281182,16.0304625361255,59.3712502442034));
#1866=CARTESIAN_POINT('Ctrl Pts',(39.2029070835117,16.0196278819258,59.3621964992753));
#1867=CARTESIAN_POINT('Ctrl Pts',(39.2639653083852,16.0085169153679,59.3529118598888));
#1868=CARTESIAN_POINT('Ctrl Pts',(39.3229458698672,15.9969970961956,59.3439457212756));
#1869=CARTESIAN_POINT('Ctrl Pts',(39.3803009752009,15.9851123597677,59.3352288122903));
#1870=CARTESIAN_POINT('Ctrl Pts',(39.4396537201734,15.9728136859851,59.3262082992436));
#1871=CARTESIAN_POINT('Ctrl Pts',(39.4972660297085,15.9601240890645,59.3174546459265));
#1872=CARTESIAN_POINT('Ctrl Pts',(39.5536387841848,15.9470354762244,59.3088911247759));
#1873=CARTESIAN_POINT('Ctrl Pts',(39.6019855085074,15.9358103451726,59.3015468287566));
#1874=CARTESIAN_POINT('Ctrl Pts',(39.6494205713209,15.9242906844977,59.2943423702742));
#1875=CARTESIAN_POINT('Ctrl Pts',(39.6962580657472,15.9124410263582,59.2872296313994));
#1876=CARTESIAN_POINT('Ctrl Pts',(39.7527529335367,15.8981480997586,59.2786503244302));
#1877=CARTESIAN_POINT('Ctrl Pts',(39.8084275775035,15.8833638053516,59.270197089434));
#1878=CARTESIAN_POINT('Ctrl Pts',(39.8638110490357,15.8679769432341,59.2617898184585));
#1879=CARTESIAN_POINT('Ctrl Pts',(39.9191830489647,15.8525932682043,59.2533842888848));
#1880=CARTESIAN_POINT('Ctrl Pts',(39.9742642029047,15.8366072070328,59.2450246731423));
#1881=CARTESIAN_POINT('Ctrl Pts',(40.029573966552,15.8198565524071,59.236632315473));
#1882=CARTESIAN_POINT('Ctrl Pts',(40.0849494633432,15.8030859903885,59.2282299838675));
#1883=CARTESIAN_POINT('Ctrl Pts',(40.1405543619863,15.7855491251504,59.219794794867));
#1884=CARTESIAN_POINT('Ctrl Pts',(40.1968972981358,15.7670316443172,59.2112497300117));
#1885=CARTESIAN_POINT('Ctrl Pts',(40.2509439427084,15.7492688549887,59.2030529246151));
#1886=CARTESIAN_POINT('Ctrl Pts',(40.3056698613928,15.7306036451298,59.1947549913897));
#1887=CARTESIAN_POINT('Ctrl Pts',(40.3615094710822,15.7107999812025,59.1862901489495));
#1888=CARTESIAN_POINT('Ctrl Pts',(40.4160571342704,15.691454509488,59.1780211553635));
#1889=CARTESIAN_POINT('Ctrl Pts',(40.4716677907092,15.6710227831498,59.1695928502985));
#1890=CARTESIAN_POINT('Ctrl Pts',(40.5287292148894,15.6492386828423,59.1609465136405));
#1891=CARTESIAN_POINT('Ctrl Pts',(40.5836716721686,15.628263531631,59.1526212573176));
#1892=CARTESIAN_POINT('Ctrl Pts',(40.6399593668432,15.6060346519645,59.1440938290176));
#1893=CARTESIAN_POINT('Ctrl Pts',(40.6979191090618,15.5822699548275,59.1353147385627));
#1894=CARTESIAN_POINT('Ctrl Pts',(40.7108601382141,15.5769638643124,59.1333545768856));
#1895=CARTESIAN_POINT('Ctrl Pts',(40.7238844359763,15.5715810251433,59.1313818824081));
#1896=CARTESIAN_POINT('Ctrl Pts',(40.7369954827411,15.5661179710073,59.1293961280646));
#1897=CARTESIAN_POINT('Ctrl Pts',(40.9182817473104,15.4905803960736,59.1019391298749));
#1898=CARTESIAN_POINT('Ctrl Pts',(41.0963407412985,15.407964015362,59.0749892414004));
#1899=CARTESIAN_POINT('Ctrl Pts',(41.2707696205481,15.3184045518767,59.0486044677505));
#1900=CARTESIAN_POINT('Ctrl Pts',(41.4360469555996,15.2335438939561,59.0236039913756));
#1901=CARTESIAN_POINT('Ctrl Pts',(41.5980658470863,15.1424496701469,58.9991107735068));
#1902=CARTESIAN_POINT('Ctrl Pts',(41.7565171398273,15.0454243950333,58.975169082599));
#1903=CARTESIAN_POINT('Ctrl Pts',(41.91800799778,14.9465378877026,58.9507681191316));
#1904=CARTESIAN_POINT('Ctrl Pts',(42.0757936833145,14.8414903936802,58.9269399525954));
#1905=CARTESIAN_POINT('Ctrl Pts',(42.229538272776,14.7305490340123,58.9037327547762));
#1906=CARTESIAN_POINT('Ctrl Pts',(42.2773264261342,14.6960653313458,58.8965193033482));
#1907=CARTESIAN_POINT('Ctrl Pts',(42.3247240536471,14.6610118296888,58.8893658612345));
#1908=CARTESIAN_POINT('Ctrl Pts',(42.3717207563196,14.6253955815325,58.8822739221294));
#1909=CARTESIAN_POINT('Ctrl Pts',(42.5765278976116,14.4701833740027,58.851367928906));
#1910=CARTESIAN_POINT('Ctrl Pts',(42.773571133549,14.3044009748204,58.8216511223449));
#1911=CARTESIAN_POINT('Ctrl Pts',(42.9617740152172,14.1288180951594,58.7932810636109));
#1912=CARTESIAN_POINT('Ctrl Pts',(43.1496470722165,13.9535429236729,58.7649607232721));
#1913=CARTESIAN_POINT('Ctrl Pts',(43.3287114530154,13.7685011442394,58.7379823056177));
#1914=CARTESIAN_POINT('Ctrl Pts',(43.4978966861965,13.574406629389,58.7125024952509));
#1915=CARTESIAN_POINT('Ctrl Pts',(43.6671297032564,13.3802572953999,58.6870154884867));
#1916=CARTESIAN_POINT('Ctrl Pts',(43.8264791958404,13.1770503537515,58.663027753385));
#1917=CARTESIAN_POINT('Ctrl Pts',(43.9752534205685,12.9659739771714,58.6406386551184));
#1918=CARTESIAN_POINT('Ctrl Pts',(44.1269330388188,12.7507755160145,58.6178123229075));
#1919=CARTESIAN_POINT('Ctrl Pts',(44.2676209023223,12.5273966484012,58.5966475867154));
#1920=CARTESIAN_POINT('Ctrl Pts',(44.3965573172367,12.2970490706951,58.57725377721));
#1921=CARTESIAN_POINT('Ctrl Pts',(44.5271565129165,12.0637309006872,58.5576098626165));
#1922=CARTESIAN_POINT('Ctrl Pts',(44.6456998318911,11.8232623992523,58.5397827511998));
#1923=CARTESIAN_POINT('Ctrl Pts',(44.7513615191524,11.5768647691414,58.5238915500711));
#1924=CARTESIAN_POINT('Ctrl Pts',(44.7726616751801,11.5271938988169,58.5206880704345));
#1925=CARTESIAN_POINT('Ctrl Pts',(44.7934382154039,11.4772819803448,58.517563282307));
#1926=CARTESIAN_POINT('Ctrl Pts',(44.8136841642894,11.4271388754367,58.5145181933375));
#1927=CARTESIAN_POINT('Ctrl Pts',(44.8602335659926,11.3118500566113,58.507516937409));
#1928=CARTESIAN_POINT('Ctrl Pts',(44.9039030819239,11.1955265158489,58.5009484596622));
#1929=CARTESIAN_POINT('Ctrl Pts',(44.9446432375899,11.0782678019313,58.4948201076002));
#1930=CARTESIAN_POINT('Ctrl Pts',(45.0074689990056,10.8974420818507,58.4853695206248));
#1931=CARTESIAN_POINT('Ctrl Pts',(45.063330847125,10.7143936613505,58.4769652335847));
#1932=CARTESIAN_POINT('Ctrl Pts',(45.1122413413374,10.5295719431082,58.4696048333532));
#1933=CARTESIAN_POINT('Ctrl Pts',(45.1619600073634,10.3416963259917,58.4621228136595));
#1934=CARTESIAN_POINT('Ctrl Pts',(45.204495931652,10.1519876919929,58.4557194280817));
#1935=CARTESIAN_POINT('Ctrl Pts',(45.2398145912354,9.96089469422075,58.450399362892));
#1936=CARTESIAN_POINT('Ctrl Pts',(45.2751752814081,9.76957428829058,58.4450729666162));
#1937=CARTESIAN_POINT('Ctrl Pts',(45.3033016470669,9.57686551835027,58.4408324512689));
#1938=CARTESIAN_POINT('Ctrl Pts',(45.324109070395,9.3832055661574,58.4376900823177));
#1939=CARTESIAN_POINT('Ctrl Pts',(45.3447053974503,9.1915103403733,58.4345795934491));
#1940=CARTESIAN_POINT('Ctrl Pts',(45.3581305766872,8.99888244968286,58.4325450755843));
#1941=CARTESIAN_POINT('Ctrl Pts',(45.3642524781141,8.80574345960413,58.4316060007356));
#1942=CARTESIAN_POINT('Ctrl Pts',(45.3672790002541,8.71026014669198,58.4311417445149));
#1943=CARTESIAN_POINT('Ctrl Pts',(45.3685197660756,8.61465194294709,58.4309453408894));
#1944=CARTESIAN_POINT('Ctrl Pts',(45.3679541610416,8.51897034094212,58.4310198462617));
#1945=CARTESIAN_POINT('Ctrl Pts',(45.3673097475703,8.40995696663137,58.4311047328216));
#1946=CARTESIAN_POINT('Ctrl Pts',(45.3643219042087,8.30107533494928,58.4315411782273));
#1947=CARTESIAN_POINT('Ctrl Pts',(45.3589846306346,8.19240150771164,58.4323302176055));
#1948=CARTESIAN_POINT('Ctrl Pts',(45.3494895445686,7.99906921390681,58.4337339299507));
#1949=CARTESIAN_POINT('Ctrl Pts',(45.3325618689478,7.80639464210804,58.4362530944956));
#1950=CARTESIAN_POINT('Ctrl Pts',(45.3083947009979,7.61478812352959,58.4398592042418));
#1951=CARTESIAN_POINT('Ctrl Pts',(45.2840335099611,7.4216433159677,58.4434942651894));
#1952=CARTESIAN_POINT('Ctrl Pts',(45.2523159873575,7.22958310051128,58.4482338138629));
#1953=CARTESIAN_POINT('Ctrl Pts',(45.2133875794617,7.0390300232754,58.4540565719055));
#1954=CARTESIAN_POINT('Ctrl Pts',(45.1744278672654,6.84832371267836,58.4598840123222));
#1955=CARTESIAN_POINT('Ctrl Pts',(45.128245487269,6.65912627604362,58.466796432262));
#1956=CARTESIAN_POINT('Ctrl Pts',(45.074936453697,6.47187382232119,58.474780035952));
#1957=CARTESIAN_POINT('Ctrl Pts',(45.0692036198783,6.45173676247588,58.4756385897498));
#1958=CARTESIAN_POINT('Ctrl Pts',(45.0633883220592,6.43162221372723,58.4765095384861));
#1959=CARTESIAN_POINT('Ctrl Pts',(45.057490646736,6.41153073231444,58.4773928699847));
#1960=CARTESIAN_POINT('Ctrl Pts',(45.0039587427773,6.22916476700829,58.4854106760448));
#1961=CARTESIAN_POINT('Ctrl Pts',(44.9436443851338,6.04870029965524,58.494448217169));
#1962=CARTESIAN_POINT('Ctrl Pts',(44.8765869347584,5.87056082777971,58.5045008335155));
#1963=CARTESIAN_POINT('Ctrl Pts',(44.8463013315482,5.79010651090512,58.5090409636307));
#1964=CARTESIAN_POINT('Ctrl Pts',(44.8146397166485,5.71012679697033,58.5137882329));
#1965=CARTESIAN_POINT('Ctrl Pts',(44.7816028847821,5.630662734071,58.5187426405245));
#1966=CARTESIAN_POINT('Ctrl Pts',(44.7440198729664,5.54026366593557,58.5243788214103));
#1967=CARTESIAN_POINT('Ctrl Pts',(44.7047277115923,5.45070161102733,58.530272466795));
#1968=CARTESIAN_POINT('Ctrl Pts',(44.663744429795,5.36203028259614,58.5364211006465));
#1969=CARTESIAN_POINT('Ctrl Pts',(44.5822931685752,5.18580253269411,58.5486410586395));
#1970=CARTESIAN_POINT('Ctrl Pts',(44.4941651938335,5.0130915218786,58.561867735092));
#1971=CARTESIAN_POINT('Ctrl Pts',(44.3996919762144,4.84419710923361,58.5760529482459));
#1972=CARTESIAN_POINT('Ctrl Pts',(44.3078829923549,4.68006567817556,58.589838125022));
#1973=CARTESIAN_POINT('Ctrl Pts',(44.210080997054,4.51953825110319,58.6045286292336));
#1974=CARTESIAN_POINT('Ctrl Pts',(44.1065501789815,4.36291420853973,58.6200862983076));
#1975=CARTESIAN_POINT('Ctrl Pts',(44.00046038539,4.20241888302808,58.6360285069325));
#1976=CARTESIAN_POINT('Ctrl Pts',(43.8883581540315,4.04602659676006,58.6528808033723));
#1977=CARTESIAN_POINT('Ctrl Pts',(43.7704904908879,3.89409046282352,58.6706083524606));
#1978=CARTESIAN_POINT('Ctrl Pts',(43.6546684207702,3.74479118014614,58.6880282399746));
#1979=CARTESIAN_POINT('Ctrl Pts',(43.5332788013651,3.59979431154409,58.706293339274));
#1980=CARTESIAN_POINT('Ctrl Pts',(43.4065266828652,3.45947491628851,58.7253750343368));
#1981=CARTESIAN_POINT('Ctrl Pts',(43.3260879992379,3.37042624731695,58.73748454738));
#1982=CARTESIAN_POINT('Ctrl Pts',(43.2434890863836,3.28326217950072,58.7499230173435));
#1983=CARTESIAN_POINT('Ctrl Pts',(43.1587774089743,3.19808831595485,58.7626838784554));
#1984=CARTESIAN_POINT('Ctrl Pts',(43.0996249570569,3.13861312880128,58.7715945298134));
#1985=CARTESIAN_POINT('Ctrl Pts',(43.0395369100158,3.08020370058206,58.7806481522918));
#1986=CARTESIAN_POINT('Ctrl Pts',(42.978537177721,3.02288783650566,58.7898413521315));
#1987=CARTESIAN_POINT('Ctrl Pts',(42.8384008769528,2.89121458377423,58.8109611336337));
#1988=CARTESIAN_POINT('Ctrl Pts',(42.6934550259867,2.76530997566268,58.8328172521912));
#1989=CARTESIAN_POINT('Ctrl Pts',(42.5441086050215,2.64530640198642,58.855350538436));
#1990=CARTESIAN_POINT('Ctrl Pts',(42.5318010663153,2.63541698770818,58.8572074914908));
#1991=CARTESIAN_POINT('Ctrl Pts',(42.5194636253269,2.62556767296972,58.8590690459205));
#1992=CARTESIAN_POINT('Ctrl Pts',(42.507096502318,2.61575854488432,58.860935169916));
#1993=CARTESIAN_POINT('Ctrl Pts',(42.3567289094662,2.49649273204228,58.8836247294014));
#1994=CARTESIAN_POINT('Ctrl Pts',(42.2019802510343,2.38316800590341,58.9069888646263));
#1995=CARTESIAN_POINT('Ctrl Pts',(42.0432336545732,2.27596385510948,58.9309722717726));
#1996=CARTESIAN_POINT('Ctrl Pts',(41.8855978717842,2.16950985480109,58.9547878573898));
#1997=CARTESIAN_POINT('Ctrl Pts',(41.7240192558412,2.06909082837156,58.9792141769881));
#1998=CARTESIAN_POINT('Ctrl Pts',(41.5588572272943,1.97493097216065,59.0041994586539));
#1999=CARTESIAN_POINT('Ctrl Pts',(41.3971772236019,1.88275623905891,59.0286579886654));
#2000=CARTESIAN_POINT('Ctrl Pts',(41.232062700298,1.79657942141576,59.0536522526964));
#2001=CARTESIAN_POINT('Ctrl Pts',(41.0638449934289,1.71665991688013,59.0791345667025));
#2002=CARTESIAN_POINT('Ctrl Pts',(40.9629935587648,1.66874583672724,59.0944119591596));
#2003=CARTESIAN_POINT('Ctrl Pts',(40.8610266594019,1.62308180685901,59.1098647847484));
#2004=CARTESIAN_POINT('Ctrl Pts',(40.7580160186401,1.57973276857497,59.1254827190526));
#2005=CARTESIAN_POINT('Ctrl Pts',(40.7021014844116,1.5562027597625,59.1339601881351));
#2006=CARTESIAN_POINT('Ctrl Pts',(40.6459434151186,1.53338187459588,59.1424766104179));
#2007=CARTESIAN_POINT('Ctrl Pts',(40.5895547810561,1.51127639041081,59.1510300690902));
#2008=CARTESIAN_POINT('Ctrl Pts',(40.4113933899929,1.44143352441463,59.1780549495612));
#2009=CARTESIAN_POINT('Ctrl Pts',(40.230930933061,1.37872835820918,59.205449463252));
#2010=CARTESIAN_POINT('Ctrl Pts',(40.0485803589943,1.32312890519005,59.2331525689616));
#2011=CARTESIAN_POINT('Ctrl Pts',(39.866091349394,1.26748724259751,59.2608767061061));
#2012=CARTESIAN_POINT('Ctrl Pts',(39.6817106461802,1.21896207602723,59.2889100112293));
#2013=CARTESIAN_POINT('Ctrl Pts',(39.4958502351363,1.17757318594332,59.3171915921693));
#2014=CARTESIAN_POINT('Ctrl Pts',(39.4577115435246,1.16908015557612,59.322994993161));
#2015=CARTESIAN_POINT('Ctrl Pts',(39.4195105597071,1.16088778932464,59.3288088462144));
#2016=CARTESIAN_POINT('Ctrl Pts',(39.3812508759108,1.15299652863195,59.334632620278));
#2017=CARTESIAN_POINT('Ctrl Pts',(39.2007960906948,1.11577678157487,59.3621009052586));
#2018=CARTESIAN_POINT('Ctrl Pts',(39.0190401114097,1.08525267870478,59.3897892373911));
#2019=CARTESIAN_POINT('Ctrl Pts',(38.8363547025679,1.06149628724427,59.4176415545382));
#2020=CARTESIAN_POINT('Ctrl Pts',(38.6581236830982,1.03831914411189,59.4448147530503));
#2021=CARTESIAN_POINT('Ctrl Pts',(38.4790074482815,1.02158386343848,59.4721441215966));
#2022=CARTESIAN_POINT('Ctrl Pts',(38.2993687230273,1.01140310431207,59.4995749518491));
#2023=CARTESIAN_POINT('Ctrl Pts',(38.1835826932649,1.00484110228524,59.5172554765998));
#2024=CARTESIAN_POINT('Ctrl Pts',(38.0675799712275,1.00100305066481,59.5349780965208));
#2025=CARTESIAN_POINT('Ctrl Pts',(37.9514633278577,0.99992916674773,59.5527273082132));
#2026=CARTESIAN_POINT('Ctrl Pts',(37.92891196263,0.999720604497537,59.5561744364092));
#2027=CARTESIAN_POINT('Ctrl Pts',(37.906361240408,0.999616371652252,59.5596218083241));
#2028=CARTESIAN_POINT('Ctrl Pts',(37.8838116194107,0.999616663572228,59.5630693537634));
#2029=CARTESIAN_POINT('Ctrl Pts',(37.6771393694374,0.999619339083189,59.5946668681027));
#2030=CARTESIAN_POINT('Ctrl Pts',(37.4705123411793,0.999622259033292,59.626263629497));
#2031=CARTESIAN_POINT('Ctrl Pts',(37.2638839883441,0.99962535378359,59.657857647737));
#2032=CARTESIAN_POINT('Ctrl Pts',(37.0572556355089,0.999628448533887,59.689451665977));
#2033=CARTESIAN_POINT('Ctrl Pts',(36.8506234285215,0.999631718139939,59.7210462733441));
#2034=CARTESIAN_POINT('Ctrl Pts',(36.6439738386723,0.999635093731205,59.7526435384141));
#2035=CARTESIAN_POINT('Ctrl Pts',(36.3744047927748,0.999639497102717,59.7938613535768));
#2036=CARTESIAN_POINT('Ctrl Pts',(36.1048079021784,0.999644080737867,59.8350834259567));
#2037=CARTESIAN_POINT('Ctrl Pts',(35.8352107680228,0.999648693200555,59.8763055352676));
#2038=CARTESIAN_POINT('Ctrl Pts',(35.3508606019745,0.999656979813377,59.9503639467271));
#2039=CARTESIAN_POINT('Ctrl Pts',(34.8665534638392,0.999665357451221,60.0244157781059));
#2040=CARTESIAN_POINT('Ctrl Pts',(34.3822448102159,0.999672970589727,60.0984678402094));
#2041=CARTESIAN_POINT('Ctrl Pts',(34.0022039216858,0.99967894468063,60.1565770878324));
#2042=CARTESIAN_POINT('Ctrl Pts',(33.6221625941838,0.99968444858405,60.2146864018872));
#2043=CARTESIAN_POINT('Ctrl Pts',(33.2421209622293,0.999689076864372,60.2727957620165));
#2044=CARTESIAN_POINT('Ctrl Pts',(33.2032457134152,0.999689550300791,60.2787398893003));
#2045=CARTESIAN_POINT('Ctrl Pts',(33.1643704591356,0.999690014580265,60.2846840174111));
#2046=CARTESIAN_POINT('Ctrl Pts',(33.1254951980982,0.999690469762885,60.2906281465447));
#2047=CARTESIAN_POINT('Ctrl Pts',(32.7065946608409,0.999695374585103,60.3546791347856));
#2048=CARTESIAN_POINT('Ctrl Pts',(32.2876936583373,0.999699223431039,60.4187301934348));
#2049=CARTESIAN_POINT('Ctrl Pts',(31.8687923026896,0.999702089602908,60.4827813055271));
#2050=CARTESIAN_POINT('',(34.2275651829933,16.5504385447596,60.1227464021549));
#2051=CARTESIAN_POINT('Ctrl Pts',(34.2282830313738,16.5505809197111,60.1226202180617));
#2052=CARTESIAN_POINT('Ctrl Pts',(34.22995826798,16.5504092982732,60.122363975018));
#2053=CARTESIAN_POINT('Ctrl Pts',(34.2316334952342,16.5502376782248,60.1221077334161));
#2054=CARTESIAN_POINT('Ctrl Pts',(34.233308713118,16.5500660595682,60.1218514932589));
#2055=CARTESIAN_POINT('Ctrl Pts',(34.7069720307088,16.5015413494115,60.0494002830983));
#2056=CARTESIAN_POINT('Ctrl Pts',(35.1798419313499,16.453132436123,59.9770713398059));
#2057=CARTESIAN_POINT('Ctrl Pts',(35.6517968747917,16.4048583555655,59.9048832501884));
#2058=CARTESIAN_POINT('Ctrl Pts',(36.0102970543055,16.3681890362031,59.8500486871729));
#2059=CARTESIAN_POINT('Ctrl Pts',(36.3355384539664,16.3349452504093,59.8003017421089));
#2060=CARTESIAN_POINT('Ctrl Pts',(36.6320503665367,16.3046544727554,59.7549494184369));
#2061=CARTESIAN_POINT('Ctrl Pts',(36.7127950324612,16.2964058371405,59.7425992966761));
#2062=CARTESIAN_POINT('Ctrl Pts',(36.7914089603747,16.2883762242027,59.730575103927));
#2063=CARTESIAN_POINT('Ctrl Pts',(36.8679829316724,16.2805561886445,59.7188629492033));
#2064=CARTESIAN_POINT('Ctrl Pts',(37.1362218553029,16.2531625732251,59.6778352249881));
#2065=CARTESIAN_POINT('Ctrl Pts',(37.3792977363785,16.2283555069502,59.6406249978754));
#2066=CARTESIAN_POINT('Ctrl Pts',(37.6013049867892,16.2057086728904,59.606641325249));
#2067=CARTESIAN_POINT('Ctrl Pts',(37.8297740450178,16.1824026734695,59.5716685139298));
#2068=CARTESIAN_POINT('Ctrl Pts',(38.0359301427673,16.1613845004006,59.5401128198909));
#2069=CARTESIAN_POINT('Ctrl Pts',(38.2241805778643,16.1421977159164,59.5113385283116));
#2070=CARTESIAN_POINT('Ctrl Pts',(38.3417618261457,16.1302136476247,59.4933661017376));
#2071=CARTESIAN_POINT('Ctrl Pts',(38.4523565126006,16.118944214512,59.476478938589));
#2072=CARTESIAN_POINT('Ctrl Pts',(38.5570285826256,16.1082796648661,59.460523644766));
#2073=CARTESIAN_POINT('',(20.7669931927221,17.682007847613,64.4656065803669));
#2074=CARTESIAN_POINT('Ctrl Pts',(20.7667539051633,17.6815573512859,64.465147065378));
#2075=CARTESIAN_POINT('Ctrl Pts',(22.1274468375713,17.5994857028502,63.8350327971929));
#2076=CARTESIAN_POINT('Ctrl Pts',(24.2118749633056,17.4534302708902,62.9677014580579));
#2077=CARTESIAN_POINT('Ctrl Pts',(27.7437816067665,17.1650141148816,61.7384251846288));
#2078=CARTESIAN_POINT('Ctrl Pts',(30.2987923603039,16.931977283524,61.0150373668622));
#2079=CARTESIAN_POINT('Ctrl Pts',(32.5589421342889,16.7150126746775,60.4755629179115));
#2080=CARTESIAN_POINT('Ctrl Pts',(33.6646189539583,16.6061749579619,60.2384741434022));
#2081=CARTESIAN_POINT('Ctrl Pts',(34.2273810803972,16.5503497012311,60.1227787091431));
#2082=CARTESIAN_POINT('Ctrl Pts',(19.7481668021138,17.7456599957938,64.8965274983428));
#2083=CARTESIAN_POINT('Ctrl Pts',(19.7747240255001,17.7442265617293,64.8863342374724));
#2084=CARTESIAN_POINT('Ctrl Pts',(20.1351236458439,17.7241808492782,64.7469294476101));
#2085=CARTESIAN_POINT('Ctrl Pts',(20.4700742360985,17.7001080653427,64.6030266453939));
#2086=CARTESIAN_POINT('Ctrl Pts',(20.7670761629992,17.6821640521614,64.4657659120353));
#2087=CARTESIAN_POINT('Origin',(49.3383984723893,0.,46.0882699904142));
#2088=CARTESIAN_POINT('',(41.2598421382227,17.1861880542343,47.3108408303029));
#2089=CARTESIAN_POINT('',(21.1195438363898,20.0382926474081,50.3587791489779));
#2090=CARTESIAN_POINT('Ctrl Pts',(41.2598421382227,17.1861880542343,47.3108408303029));
#2091=CARTESIAN_POINT('Ctrl Pts',(41.1179183353338,17.2062470746839,47.3323189132327));
#2092=CARTESIAN_POINT('Ctrl Pts',(40.890800341053,17.2383502232669,47.3666898856609));
#2093=CARTESIAN_POINT('Ctrl Pts',(40.4029598418009,17.3073166597464,47.440517379613));
#2094=CARTESIAN_POINT('Ctrl Pts',(39.5614834428326,17.4263046397065,47.5678624726319));
#2095=CARTESIAN_POINT('Ctrl Pts',(37.8517449356018,17.6681676883734,47.8266062823316));
#2096=CARTESIAN_POINT('Ctrl Pts',(34.3919004259794,18.1579444429454,48.3502029291884));
#2097=CARTESIAN_POINT('Ctrl Pts',(30.3389354524652,18.7321993047148,48.9635596462484));
#2098=CARTESIAN_POINT('Ctrl Pts',(26.7765987856872,19.2369868341833,49.5026669756421));
#2099=CARTESIAN_POINT('Ctrl Pts',(24.9858271361433,19.4907029806157,49.7736739611814));
#2100=CARTESIAN_POINT('Ctrl Pts',(23.9748352709456,19.6339225015519,49.9266727300985));
#2101=CARTESIAN_POINT('Ctrl Pts',(22.9304532483276,19.7818563339583,50.0847246088924));
#2102=CARTESIAN_POINT('Ctrl Pts',(21.9030550219905,19.9273563812839,50.2402062395843));
#2103=CARTESIAN_POINT('Ctrl Pts',(21.3550188056953,20.0049534648292,50.3231434711305));
#2104=CARTESIAN_POINT('Ctrl Pts',(21.1195438363898,20.0382926474081,50.3587791489779));
#2105=CARTESIAN_POINT('',(41.3327991887423,17.175876729655,47.2997998523311));
#2106=CARTESIAN_POINT('Ctrl Pts',(41.3327991887371,17.1758767296557,47.2997998523319));
#2107=CARTESIAN_POINT('Ctrl Pts',(41.3084841405717,17.1793132190661,47.3034795777219));
#2108=CARTESIAN_POINT('Ctrl Pts',(41.2841650563734,17.1827503369335,47.3071599139062));
#2109=CARTESIAN_POINT('Ctrl Pts',(41.2598421382176,17.186188054235,47.3108408303037));
#2110=CARTESIAN_POINT('',(40.1674040807919,0.2,47.4761652840981));
#2111=CARTESIAN_POINT('Ctrl Pts',(40.1674040807919,0.2,47.4761652840981));
#2112=CARTESIAN_POINT('Ctrl Pts',(40.235168650271,0.2,47.4659101118624));
#2113=CARTESIAN_POINT('Ctrl Pts',(40.3029852377625,0.20086544738859,47.4556470674645));
#2114=CARTESIAN_POINT('Ctrl Pts',(40.3706691070537,0.202459491952737,47.4454041080169));
#2115=CARTESIAN_POINT('Ctrl Pts',(42.0479061800557,0.241960641443778,47.1915789129928));
#2116=CARTESIAN_POINT('Ctrl Pts',(43.70368005213,0.801882721360474,46.9410018581685));
#2117=CARTESIAN_POINT('Ctrl Pts',(45.0647935472969,1.78461370743966,46.7350173232917));
#2118=CARTESIAN_POINT('Ctrl Pts',(46.4259070424638,2.76734469351885,46.5290327884148));
#2119=CARTESIAN_POINT('Ctrl Pts',(47.4923601607235,4.17288458576054,46.3676407734853));
#2120=CARTESIAN_POINT('Ctrl Pts',(48.0754529827944,5.75920036864709,46.2793982395814));
#2121=CARTESIAN_POINT('Ctrl Pts',(48.6585458048654,7.34551615153363,46.1911557056774));
#2122=CARTESIAN_POINT('Ctrl Pts',(48.7582783307476,9.11260782506504,46.1760626527991));
#2123=CARTESIAN_POINT('Ctrl Pts',(48.3602495610801,10.7561389186181,46.2362984606717));
#2124=CARTESIAN_POINT('Ctrl Pts',(47.9622207914125,12.3996700121712,46.2965342685442));
#2125=CARTESIAN_POINT('Ctrl Pts',(47.0664307261951,13.919640525746,46.4320989371676));
#2126=CARTESIAN_POINT('Ctrl Pts',(45.8244398748931,15.0554379624073,46.6200560096198));
#2127=CARTESIAN_POINT('Ctrl Pts',(45.5139421620676,15.3393873215726,46.6670452777329));
#2128=CARTESIAN_POINT('Ctrl Pts',(45.1818069001118,15.5993258634308,46.7173090710853));
#2129=CARTESIAN_POINT('Ctrl Pts',(44.8337744775375,15.8331703534926,46.7699786661929));
#2130=CARTESIAN_POINT('Ctrl Pts',(44.6597582662504,15.9500925985235,46.7963134637468));
#2131=CARTESIAN_POINT('Ctrl Pts',(44.4817677648087,16.0604913306053,46.8232497117394));
#2132=CARTESIAN_POINT('Ctrl Pts',(44.2993626028851,16.1642017379174,46.8508540537516));
#2133=CARTESIAN_POINT('Ctrl Pts',(44.2081600219234,16.2160569415734,46.8646562247577));
#2134=CARTESIAN_POINT('Ctrl Pts',(44.1158537758412,16.266240064037,46.8786254192686));
#2135=CARTESIAN_POINT('Ctrl Pts',(44.0229627988683,16.3145586980394,46.8926831042111));
#2136=CARTESIAN_POINT('Ctrl Pts',(43.9300718218954,16.3628773320417,46.9067407891536));
#2137=CARTESIAN_POINT('Ctrl Pts',(43.8365961140319,16.4093314775828,46.9208869645276));
#2138=CARTESIAN_POINT('Ctrl Pts',(43.7412630574231,16.4544323092297,46.9353142223527));
#2139=CARTESIAN_POINT('Ctrl Pts',(43.5505969442053,16.5446339725234,46.9641687380028));
#2140=CARTESIAN_POINT('Ctrl Pts',(43.3525014360061,16.6294223802403,46.9941475834573));
#2141=CARTESIAN_POINT('Ctrl Pts',(43.1710113588384,16.6994803042098,47.0216134408329));
#2142=CARTESIAN_POINT('Ctrl Pts',(42.9895212816707,16.7695382281793,47.0490792982084));
#2143=CARTESIAN_POINT('Ctrl Pts',(42.8246366355345,16.8248656684013,47.074032167505));
#2144=CARTESIAN_POINT('Ctrl Pts',(42.65231354396,16.8790273986673,47.1001107362596));
#2145=CARTESIAN_POINT('Ctrl Pts',(42.3076673608102,16.9873508591996,47.1522678737689));
#2146=CARTESIAN_POINT('Ctrl Pts',(41.9332673959071,17.0910114799078,47.2089278091103));
#2147=CARTESIAN_POINT('Ctrl Pts',(41.3327991887372,17.1758767296557,47.2997998523319));
#2148=CARTESIAN_POINT('',(40.0981369589547,0.2,47.486647845563));
#2149=CARTESIAN_POINT('Ctrl Pts',(40.0981369589547,0.2,47.486647845563));
#2150=CARTESIAN_POINT('Ctrl Pts',(40.1212259995671,0.2,47.483153658408));
#2151=CARTESIAN_POINT('Ctrl Pts',(40.1443150401795,0.2,47.4796594712531));
#2152=CARTESIAN_POINT('Ctrl Pts',(40.1674040807919,0.2,47.4761652840981));
#2153=CARTESIAN_POINT('',(19.7544410688362,0.2,50.5653674016344));
#2154=CARTESIAN_POINT('',(38.8021071289169,0.2,47.6827829236993));
#2155=CARTESIAN_POINT('',(19.7144871966085,0.200081910510287,50.5714138333365));
#2156=CARTESIAN_POINT('Ctrl Pts',(19.7144871966085,0.200081910510288,50.5714138333365));
#2157=CARTESIAN_POINT('Ctrl Pts',(19.7278037789711,0.2000273087848,50.5693985641956));
#2158=CARTESIAN_POINT('Ctrl Pts',(19.7411217630427,0.199999999865244,50.5673830829266));
#2159=CARTESIAN_POINT('Ctrl Pts',(19.7544410688362,0.199999999999999,50.5653674016344));
#2160=CARTESIAN_POINT('',(21.0760875332496,20.0443455882105,50.3653556221534));
#2161=CARTESIAN_POINT('Ctrl Pts',(21.0760875332496,20.0443455882105,50.3653556221534));
#2162=CARTESIAN_POINT('Ctrl Pts',(20.8441983732612,20.0761131671571,50.4004486404306));
#2163=CARTESIAN_POINT('Ctrl Pts',(20.455266207337,20.1125110476011,50.4593078109413));
#2164=CARTESIAN_POINT('Ctrl Pts',(19.8665570559748,20.1435690343321,50.5484002937884));
#2165=CARTESIAN_POINT('Ctrl Pts',(19.2531228163557,20.130098735917,50.6412345555704));
#2166=CARTESIAN_POINT('Ctrl Pts',(18.8451886720617,20.0929641349523,50.7029693963982));
#2167=CARTESIAN_POINT('Ctrl Pts',(18.7972142327519,20.0884312873501,50.7102296231187));
#2168=CARTESIAN_POINT('Ctrl Pts',(18.7133244093374,20.0800258473924,50.7229251156829));
#2169=CARTESIAN_POINT('Ctrl Pts',(18.5458228726268,20.0613532900653,50.74827401293));
#2170=CARTESIAN_POINT('Ctrl Pts',(18.2118755933345,20.0166218698013,50.7988120284905));
#2171=CARTESIAN_POINT('Ctrl Pts',(17.5493062670403,19.8973832963003,50.8990821639238));
#2172=CARTESIAN_POINT('Ctrl Pts',(15.5026147336901,19.3405955082822,51.2088188648166));
#2173=CARTESIAN_POINT('Ctrl Pts',(12.4816067546492,17.4337048299687,51.6660040485885));
#2174=CARTESIAN_POINT('Ctrl Pts',(10.015500239646,13.3238686303005,52.039213046408));
#2175=CARTESIAN_POINT('Ctrl Pts',(9.66068093466722,8.52926848811494,52.092909736479));
#2176=CARTESIAN_POINT('Ctrl Pts',(11.4817892263324,4.08703788485753,51.8173117457522));
#2177=CARTESIAN_POINT('Ctrl Pts',(15.0967018389928,0.96452878318125,51.2702478192072));
#2178=CARTESIAN_POINT('Ctrl Pts',(18.1685510022621,0.206420682832435,50.8053685689794));
#2179=CARTESIAN_POINT('Ctrl Pts',(19.7144871966085,0.200081910510288,50.5714138333365));
#2180=CARTESIAN_POINT('Ctrl Pts',(21.1195438363898,20.0382926474082,50.3587791489779));
#2181=CARTESIAN_POINT('Ctrl Pts',(21.1050620805514,20.0403430135401,50.3609707500098));
#2182=CARTESIAN_POINT('Ctrl Pts',(21.0905766100317,20.0423606619183,50.3631629132042));
#2183=CARTESIAN_POINT('Ctrl Pts',(21.0760875332492,20.0443455882105,50.3653556221535));
#2184=CARTESIAN_POINT('Ctrl Pts',(41.3878793538659,17.3585831400645,47.4931317311968));
#2185=CARTESIAN_POINT('Ctrl Pts',(41.3635935434138,17.3622127451357,47.4968223833102));
#2186=CARTESIAN_POINT('Ctrl Pts',(41.3392880359454,17.3657387262379,47.5005075242854));
#2187=CARTESIAN_POINT('Ctrl Pts',(41.3149630668239,17.3691608576696,47.5041875370064));
#2188=CARTESIAN_POINT('Ctrl Pts',(41.3695192988247,17.2976810032613,47.4286877715749));
#2189=CARTESIAN_POINT('Ctrl Pts',(41.3452237424676,17.3012462364456,47.4323747814473));
#2190=CARTESIAN_POINT('Ctrl Pts',(41.320913709422,17.3047425964697,47.4360583208256));
#2191=CARTESIAN_POINT('Ctrl Pts',(41.2965894239551,17.3081699231914,47.4397386347722));
#2192=CARTESIAN_POINT('Ctrl Pts',(41.3511592437835,17.2367788664582,47.364243811953));
#2193=CARTESIAN_POINT('Ctrl Pts',(41.3268539415214,17.2402797277556,47.3679271795843));
#2194=CARTESIAN_POINT('Ctrl Pts',(41.3025393828986,17.2437464667015,47.3716091173658));
#2195=CARTESIAN_POINT('Ctrl Pts',(41.2782157810863,17.2471789887132,47.3752897325379));
#2196=CARTESIAN_POINT('Ctrl Pts',(41.3327991887423,17.175876729655,47.2997998523311));
#2197=CARTESIAN_POINT('Ctrl Pts',(41.3084841405752,17.1793132190656,47.3034795777214));
#2198=CARTESIAN_POINT('Ctrl Pts',(41.2841650563751,17.1827503369333,47.3071599139059));
#2199=CARTESIAN_POINT('Ctrl Pts',(41.2598421382176,17.186188054235,47.3108408303037));
#2200=CARTESIAN_POINT('',(41.3878793538659,17.3585831400645,47.4931317311968));
#2201=CARTESIAN_POINT('Ctrl Pts',(41.3327991887423,17.175876729655,47.2997998523311));
#2202=CARTESIAN_POINT('Ctrl Pts',(41.3511592437835,17.2367788664582,47.364243811953));
#2203=CARTESIAN_POINT('Ctrl Pts',(41.3695192988247,17.2976810032613,47.4286877715749));
#2204=CARTESIAN_POINT('Ctrl Pts',(41.3878793538659,17.3585831400645,47.4931317311968));
#2205=CARTESIAN_POINT('',(41.3149630668288,17.3691608576689,47.5041875370042));
#2206=CARTESIAN_POINT('',(41.3149630668288,17.3691608576689,47.5041875370042));
#2207=CARTESIAN_POINT('Ctrl Pts',(41.3149630668239,17.3691608576696,47.5041875370064));
#2208=CARTESIAN_POINT('Ctrl Pts',(41.3392880359437,17.3657387262381,47.5005075242857));
#2209=CARTESIAN_POINT('Ctrl Pts',(41.3635935434104,17.3622127451362,47.4968223833107));
#2210=CARTESIAN_POINT('Ctrl Pts',(41.3878793538608,17.3585831400653,47.4931317311976));
#2211=CARTESIAN_POINT('Ctrl Pts',(40.1973303616659,0.000281237381937169,
47.6739134537953));
#2212=CARTESIAN_POINT('Ctrl Pts',(40.266681735046,0.000844403721601167,
47.6634173411618));
#2213=CARTESIAN_POINT('Ctrl Pts',(40.3360686889975,0.00229250160104957,
47.6529126911512));
#2214=CARTESIAN_POINT('Ctrl Pts',(42.1212866314795,0.0589019303629491,47.3826302543246));
#2215=CARTESIAN_POINT('Ctrl Pts',(45.4898056786803,1.23087186282051,46.8691931775507));
#2216=CARTESIAN_POINT('Ctrl Pts',(48.717878050462,5.53248539379399,46.3727078244878));
#2217=CARTESIAN_POINT('Ctrl Pts',(49.0176270584995,10.9106800820195,46.3259878734063));
#2218=CARTESIAN_POINT('Ctrl Pts',(46.9841675771681,14.3906847977494,46.6384634719119));
#2219=CARTESIAN_POINT('Ctrl Pts',(45.1335311545128,15.8568299897908,46.9218592403467));
#2220=CARTESIAN_POINT('Ctrl Pts',(44.5015444752851,16.2544177145164,47.0185012199435));
#2221=CARTESIAN_POINT('Ctrl Pts',(44.1267213897915,16.4614588862505,47.0757802118578));
#2222=CARTESIAN_POINT('Ctrl Pts',(43.7469647283227,16.653439682014,47.1337836343133));
#2223=CARTESIAN_POINT('Ctrl Pts',(43.243611893233,16.8731576622372,47.2106081778159));
#2224=CARTESIAN_POINT('Ctrl Pts',(42.5724760248076,17.1038990081373,47.3129104720285));
#2225=CARTESIAN_POINT('Ctrl Pts',(42.0006003559159,17.2670096980063,47.4000180973904));
#2226=CARTESIAN_POINT('Ctrl Pts',(41.3878793538659,17.3585831400645,47.4931317311968));
#2227=CARTESIAN_POINT('Ctrl Pts',(40.1873549347079,0.0668541582546248,47.6079973972295));
#2228=CARTESIAN_POINT('Ctrl Pts',(40.2561706453131,0.0672324164190822,47.5975807827683));
#2229=CARTESIAN_POINT('Ctrl Pts',(40.325047438591,0.0684806415520146,47.5871582922392));
#2230=CARTESIAN_POINT('Ctrl Pts',(42.0967565740912,0.119938428501752,47.31893732912));
#2231=CARTESIAN_POINT('Ctrl Pts',(45.4463982986577,1.2744721236393,46.8096115669842));
#2232=CARTESIAN_POINT('Ctrl Pts',(48.6648339134144,5.54783268890506,46.3172178952738));
#2233=CARTESIAN_POINT('Ctrl Pts',(48.9644271817081,10.9003345204535,46.2709806801085));
#2234=CARTESIAN_POINT('Ctrl Pts',(46.9369408434599,14.3603689771147,46.5809764730657));
#2235=CARTESIAN_POINT('Ctrl Pts',(45.0942713110344,15.8143009272913,46.8620497731303));
#2236=CARTESIAN_POINT('Ctrl Pts',(44.4652929766231,16.2081903933472,46.9579082063768));
#2237=CARTESIAN_POINT('Ctrl Pts',(44.0923364015875,16.4131113113549,47.014717039342));
#2238=CARTESIAN_POINT('Ctrl Pts',(43.7145296948261,16.6030479834451,47.0722493345226));
#2239=CARTESIAN_POINT('Ctrl Pts',(43.2138797527556,16.8201885106886,47.1484486258714));
#2240=CARTESIAN_POINT('Ctrl Pts',(42.5466082157925,17.0477660502845,47.2499186531967));
#2241=CARTESIAN_POINT('Ctrl Pts',(41.9781846021257,17.2083756907454,47.3363216283778));
#2242=CARTESIAN_POINT('Ctrl Pts',(41.3695192988247,17.2976810032613,47.4286877715749));
#2243=CARTESIAN_POINT('Ctrl Pts',(40.1773795077499,0.133427079127312,47.5420813406638));
#2244=CARTESIAN_POINT('Ctrl Pts',(40.2456797400039,0.133611987302519,47.5317466702558));
#2245=CARTESIAN_POINT('Ctrl Pts',(40.314006488169,0.134677307437625,47.5214014663766));
#2246=CARTESIAN_POINT('Ctrl Pts',(42.0724362374441,0.180924143304976,47.2552718381974));
#2247=CARTESIAN_POINT('Ctrl Pts',(45.4028613042268,1.31820454045837,46.7500064139107));
#2248=CARTESIAN_POINT('Ctrl Pts',(48.6118574160307,5.56307718289114,46.2617386877697));
#2249=CARTESIAN_POINT('Ctrl Pts',(48.9112107334213,10.8900450601625,46.2159767932186));
#2250=CARTESIAN_POINT('Ctrl Pts',(46.8897099435991,14.3299489747744,46.5234771031696));
#2251=CARTESIAN_POINT('Ctrl Pts',(45.0549991126124,15.7718241968594,46.8022504349779));
#2252=CARTESIAN_POINT('Ctrl Pts',(44.4290240127498,16.1619180178155,46.8973108493024));
#2253=CARTESIAN_POINT('Ctrl Pts',(44.0579325179629,16.3647707613962,46.9536577862954));
#2254=CARTESIAN_POINT('Ctrl Pts',(43.6820797318015,16.5526314672339,47.0107136150663));
#2255=CARTESIAN_POINT('Ctrl Pts',(43.1841380682843,16.7671799395058,47.0862859808563));
#2256=CARTESIAN_POINT('Ctrl Pts',(42.5207351522772,16.9916535066981,47.1869297249299));
#2257=CARTESIAN_POINT('Ctrl Pts',(41.9556831496995,17.1496454871682,47.2726242781226));
#2258=CARTESIAN_POINT('Ctrl Pts',(41.3511592437835,17.2367788664582,47.364243811953));
#2259=CARTESIAN_POINT('Ctrl Pts',(40.1674040807919,0.2,47.4761652840981));
#2260=CARTESIAN_POINT('Ctrl Pts',(40.2351686502709,0.2,47.4659101118624));
#2261=CARTESIAN_POINT('Ctrl Pts',(40.3029852377625,0.20086544738859,47.4556470674645));
#2262=CARTESIAN_POINT('Ctrl Pts',(42.0479061800557,0.241960641443778,47.1915789129928));
#2263=CARTESIAN_POINT('Ctrl Pts',(45.3594539242042,1.36180480127717,46.6904248033443));
#2264=CARTESIAN_POINT('Ctrl Pts',(48.5588132789831,5.57842447800222,46.2062487585558));
#2265=CARTESIAN_POINT('Ctrl Pts',(48.8580108566299,10.8796994985964,46.1609695999208));
#2266=CARTESIAN_POINT('Ctrl Pts',(46.8424832098908,14.2996331541397,46.4659901043235));
#2267=CARTESIAN_POINT('Ctrl Pts',(45.0157392691339,15.7292951343599,46.7424409677614));
#2268=CARTESIAN_POINT('Ctrl Pts',(44.3927725140878,16.1156906966462,46.8367178357358));
#2269=CARTESIAN_POINT('Ctrl Pts',(44.023547529759,16.3164231865006,46.8925946137796));
#2270=CARTESIAN_POINT('Ctrl Pts',(43.6496446983049,16.502239768665,46.9491793152756));
#2271=CARTESIAN_POINT('Ctrl Pts',(43.1544059278069,16.7142107879572,47.0241264289118));
#2272=CARTESIAN_POINT('Ctrl Pts',(42.4948673432621,16.9355205488453,47.1239379060981));
#2273=CARTESIAN_POINT('Ctrl Pts',(41.9332673959092,17.0910114799072,47.20892780911));
#2274=CARTESIAN_POINT('Ctrl Pts',(41.3327991887423,17.175876729655,47.2997998523311));
#2275=CARTESIAN_POINT('',(40.1973303616659,0.000281237381937169,47.6739134537953));
#2276=CARTESIAN_POINT('Ctrl Pts',(41.3878793538608,17.3585831400653,47.4931317311976));
#2277=CARTESIAN_POINT('Ctrl Pts',(42.0006003559138,17.267009698007,47.4000180973907));
#2278=CARTESIAN_POINT('Ctrl Pts',(42.3818508018427,17.1582692380939,47.3419463471493));
#2279=CARTESIAN_POINT('Ctrl Pts',(42.7326462399614,17.045108636156,47.2884883323312));
#2280=CARTESIAN_POINT('Ctrl Pts',(42.9080439590203,16.9885283351872,47.2617593249222));
#2281=CARTESIAN_POINT('Ctrl Pts',(43.0758279261266,16.9308429987122,47.236183751369));
#2282=CARTESIAN_POINT('Ctrl Pts',(43.2603904766978,16.8580567344301,47.208031055892));
#2283=CARTESIAN_POINT('Ctrl Pts',(43.4449530272689,16.7852704701479,47.1798783604148));
#2284=CARTESIAN_POINT('Ctrl Pts',(43.6462941613048,16.6973832780587,47.1491485430138));
#2285=CARTESIAN_POINT('Ctrl Pts',(43.839993426473,16.6040939487744,47.119570796395));
#2286=CARTESIAN_POINT('Ctrl Pts',(43.9368430590571,16.5574492841323,47.1047819230856));
#2287=CARTESIAN_POINT('Ctrl Pts',(44.0317822244243,16.5094540851914,47.0902810674717));
#2288=CARTESIAN_POINT('Ctrl Pts',(44.1261046927946,16.4595763392542,47.0758707656755));
#2289=CARTESIAN_POINT('Ctrl Pts',(44.2204271611649,16.409698593317,47.0614604638792));
#2290=CARTESIAN_POINT('Ctrl Pts',(44.3141329325383,16.3579383003834,47.0471407159007));
#2291=CARTESIAN_POINT('Ctrl Pts',(44.40669805056,16.3044986896313,47.0329922182199));
#2292=CARTESIAN_POINT('Ctrl Pts',(44.5918282866033,16.197619468127,47.0046952228582));
#2293=CARTESIAN_POINT('Ctrl Pts',(44.7723959092398,16.0840229753483,46.9770832286877));
#2294=CARTESIAN_POINT('Ctrl Pts',(44.9488542159265,15.9638633379794,46.9500874820154));
#2295=CARTESIAN_POINT('Ctrl Pts',(45.3017708292997,15.7235440632416,46.8960959886708));
#2296=CARTESIAN_POINT('Ctrl Pts',(45.6382501788734,15.4569722101431,46.844569485319));
#2297=CARTESIAN_POINT('Ctrl Pts',(45.9526216470064,15.1663812895371,46.7964043804486));
#2298=CARTESIAN_POINT('Ctrl Pts',(47.2101075195383,14.0040176071127,46.6037439609668));
#2299=CARTESIAN_POINT('Ctrl Pts',(48.1138672890189,12.4573488445661,46.4648659171866));
#2300=CARTESIAN_POINT('Ctrl Pts',(48.515789005753,10.7876486819219,46.40321355381));
#2301=CARTESIAN_POINT('Ctrl Pts',(48.917710722487,9.11794851927767,46.3415611904335));
#2302=CARTESIAN_POINT('Ctrl Pts',(48.8177943864745,7.32521695653583,46.3571345074606));
#2303=CARTESIAN_POINT('Ctrl Pts',(48.2298241565046,5.71191558666933,46.447668724818));
#2304=CARTESIAN_POINT('Ctrl Pts',(47.6418539265348,4.09861421680283,46.5382029421754));
#2305=CARTESIAN_POINT('Ctrl Pts',(46.5658298026075,2.66474303981167,46.703698059863));
#2306=CARTESIAN_POINT('Ctrl Pts',(45.1856879788437,1.6548149682017,46.9148048879003));
#2307=CARTESIAN_POINT('Ctrl Pts',(43.8055461550799,0.644886896591728,47.1259117159376));
#2308=CARTESIAN_POINT('Ctrl Pts',(42.1212866314795,0.0589019303629491,47.3826302543246));
#2309=CARTESIAN_POINT('Ctrl Pts',(40.4053156416511,0.00448832897872669,
47.6424286854393));
#2310=CARTESIAN_POINT('Ctrl Pts',(40.3360686889975,0.00229250160104985,
47.6529126911512));
#2311=CARTESIAN_POINT('Ctrl Pts',(40.266681735046,0.000844403721601504,
47.6634173411618));
#2312=CARTESIAN_POINT('Ctrl Pts',(40.1973303616659,0.000281237381937369,
47.6739134537953));
#2313=CARTESIAN_POINT('Ctrl Pts',(40.1674040807919,0.2,47.4761652840981));
#2314=CARTESIAN_POINT('Ctrl Pts',(40.1773795077499,0.133427079127312,47.5420813406638));
#2315=CARTESIAN_POINT('Ctrl Pts',(40.1873549347079,0.0668541582546248,47.6079973972295));
#2316=CARTESIAN_POINT('Ctrl Pts',(40.1973303616659,0.000281237381937169,
47.6739134537953));
#2317=CARTESIAN_POINT('Ctrl Pts',(21.1728489725055,20.2092363360111,50.5510836836339));
#2318=CARTESIAN_POINT('Ctrl Pts',(21.158114994184,20.2113135025137,50.5533122246052));
#2319=CARTESIAN_POINT('Ctrl Pts',(21.1433824595244,20.2133899155179,50.5555451485994));
#2320=CARTESIAN_POINT('Ctrl Pts',(21.1286510425382,20.2154656234693,50.5577824670693));
#2321=CARTESIAN_POINT('Ctrl Pts',(21.1550805938003,20.1522551064768,50.4869821720819));
#2322=CARTESIAN_POINT('Ctrl Pts',(21.1404306896398,20.1543233395225,50.4891983997401));
#2323=CARTESIAN_POINT('Ctrl Pts',(21.1257805096935,20.156380164318,50.491417736801));
#2324=CARTESIAN_POINT('Ctrl Pts',(21.1111298727752,20.1584256117164,50.4936401854307));
#2325=CARTESIAN_POINT('Ctrl Pts',(21.1373122150951,20.0952738769425,50.4228806605299));
#2326=CARTESIAN_POINT('Ctrl Pts',(21.1227463850956,20.0973331765313,50.4250845748749));
#2327=CARTESIAN_POINT('Ctrl Pts',(21.1081785598626,20.0993704131181,50.4272903250026));
#2328=CARTESIAN_POINT('Ctrl Pts',(21.0936087030122,20.1013855999634,50.4294979037921));
#2329=CARTESIAN_POINT('Ctrl Pts',(21.1195438363898,20.0382926474082,50.3587791489779));
#2330=CARTESIAN_POINT('Ctrl Pts',(21.1050620805514,20.0403430135401,50.3609707500098));
#2331=CARTESIAN_POINT('Ctrl Pts',(21.0905766100317,20.0423606619183,50.3631629132042));
#2332=CARTESIAN_POINT('Ctrl Pts',(21.0760875332492,20.0443455882105,50.3653556221535));
#2333=CARTESIAN_POINT('',(21.1728489725055,20.2092363360111,50.5510836836339));
#2334=CARTESIAN_POINT('Ctrl Pts',(21.1195438363898,20.0382926474082,50.3587791489779));
#2335=CARTESIAN_POINT('Ctrl Pts',(21.1373122150951,20.0952738769425,50.4228806605299));
#2336=CARTESIAN_POINT('Ctrl Pts',(21.1550805938003,20.1522551064768,50.4869821720819));
#2337=CARTESIAN_POINT('Ctrl Pts',(21.1728489725055,20.2092363360111,50.5510836836339));
#2338=CARTESIAN_POINT('',(21.1286510425387,20.2154656234693,50.5577824670691));
#2339=CARTESIAN_POINT('',(21.1286510425387,20.2154656234693,50.5577824670691));
#2340=CARTESIAN_POINT('Ctrl Pts',(21.1286510425382,20.2154656234693,50.5577824670693));
#2341=CARTESIAN_POINT('Ctrl Pts',(21.1433824595244,20.2133899155179,50.5555451485994));
#2342=CARTESIAN_POINT('Ctrl Pts',(21.158114994184,20.2113135025137,50.5533122246052));
#2343=CARTESIAN_POINT('Ctrl Pts',(21.1728489725055,20.2092363360111,50.5510836836339));
#2344=CARTESIAN_POINT('Ctrl Pts',(41.3149630668291,17.3691608576689,47.5041875370057));
#2345=CARTESIAN_POINT('Ctrl Pts',(41.1730272966014,17.3891289348391,47.5256603469977));
#2346=CARTESIAN_POINT('Ctrl Pts',(40.9458901286701,17.4210869771425,47.5600228164794));
#2347=CARTESIAN_POINT('Ctrl Pts',(40.4580083698969,17.4897431496048,47.6338318224796));
#2348=CARTESIAN_POINT('Ctrl Pts',(39.6164605899572,17.6081998487943,47.7611443897566));
#2349=CARTESIAN_POINT('Ctrl Pts',(37.9065762488665,17.8489975234914,48.019819594859));
#2350=CARTESIAN_POINT('Ctrl Pts',(34.4464333303038,18.3366676157087,48.5432670346852));
#2351=CARTESIAN_POINT('Ctrl Pts',(30.3931103258062,18.9085346697243,49.1564237564485));
#2352=CARTESIAN_POINT('Ctrl Pts',(26.8304469364073,19.4112444066991,49.6953301271801));
#2353=CARTESIAN_POINT('Ctrl Pts',(25.0395070128787,19.6639154227116,49.9662291368436));
#2354=CARTESIAN_POINT('Ctrl Pts',(24.0284189025754,19.8065439224313,50.1191649467588));
#2355=CARTESIAN_POINT('Ctrl Pts',(22.9839364634239,19.9538661700988,50.2771502638162));
#2356=CARTESIAN_POINT('Ctrl Pts',(21.9564378872842,20.0987624968309,50.4325641118395));
#2357=CARTESIAN_POINT('Ctrl Pts',(21.4083473682518,20.1760362478632,50.5154641237203));
#2358=CARTESIAN_POINT('Ctrl Pts',(21.1728489725055,20.2092363360111,50.5510836836339));
#2359=CARTESIAN_POINT('Ctrl Pts',(41.2965894239603,17.3081699231907,47.4397386347714));
#2360=CARTESIAN_POINT('Ctrl Pts',(41.1546576428455,17.3281683147874,47.4612132024094));
#2361=CARTESIAN_POINT('Ctrl Pts',(40.927526866131,17.3601747258506,47.4955785062066));
#2362=CARTESIAN_POINT('Ctrl Pts',(40.4396588605316,17.428934319652,47.5693936748574));
#2363=CARTESIAN_POINT('Ctrl Pts',(39.598134874249,17.5475681124317,47.6967170840484));
#2364=CARTESIAN_POINT('Ctrl Pts',(37.8882991444449,17.7887209117854,47.9554151573499));
#2365=CARTESIAN_POINT('Ctrl Pts',(34.428255695529,18.2770932247876,48.4789123328529));
#2366=CARTESIAN_POINT('Ctrl Pts',(30.3750520346925,18.8497562147211,49.0921357197151));
#2367=CARTESIAN_POINT('Ctrl Pts',(26.812497552834,19.3531585491938,49.6311090766674));
#2368=CARTESIAN_POINT('Ctrl Pts',(25.0216137206335,19.606177942013,49.9020440782895));
#2369=CARTESIAN_POINT('Ctrl Pts',(24.0105576920322,19.7490034488048,50.0550008745387));
#2370=CARTESIAN_POINT('Ctrl Pts',(22.9661087250585,19.8965295580519,50.2130083788416));
#2371=CARTESIAN_POINT('Ctrl Pts',(21.938643598853,20.0416271249819,50.3684448210878));
#2372=CARTESIAN_POINT('Ctrl Pts',(21.390571180733,20.1190086535185,50.4513572395237));
#2373=CARTESIAN_POINT('Ctrl Pts',(21.1550805938003,20.1522551064768,50.4869821720819));
#2374=CARTESIAN_POINT('Ctrl Pts',(41.2782157810915,17.2471789887125,47.3752897325372));
#2375=CARTESIAN_POINT('Ctrl Pts',(41.1362879890897,17.2672076947356,47.396766057821));
#2376=CARTESIAN_POINT('Ctrl Pts',(40.909163603592,17.2992624745588,47.4311341959338));
#2377=CARTESIAN_POINT('Ctrl Pts',(40.4213093511663,17.3681254896992,47.5049555272352));
#2378=CARTESIAN_POINT('Ctrl Pts',(39.5798091585408,17.4869363760691,47.6322897783402));
#2379=CARTESIAN_POINT('Ctrl Pts',(37.8700220400233,17.7284443000794,47.8910107198407));
#2380=CARTESIAN_POINT('Ctrl Pts',(34.4100780607542,18.2175188338665,48.4145576310207));
#2381=CARTESIAN_POINT('Ctrl Pts',(30.3569937435788,18.790977759718,49.0278476829818));
#2382=CARTESIAN_POINT('Ctrl Pts',(26.7945481692606,19.2950726916886,49.5668880261547));
#2383=CARTESIAN_POINT('Ctrl Pts',(25.0037204283884,19.5484404613143,49.8378590197354));
#2384=CARTESIAN_POINT('Ctrl Pts',(23.9926964814889,19.6914629751784,49.9908368023186));
#2385=CARTESIAN_POINT('Ctrl Pts',(22.948280986693,19.8391929460051,50.148866493867));
#2386=CARTESIAN_POINT('Ctrl Pts',(21.9208493104217,19.9844917531329,50.304325530336));
#2387=CARTESIAN_POINT('Ctrl Pts',(21.3727949932142,20.0619810591739,50.3872503553271));
#2388=CARTESIAN_POINT('Ctrl Pts',(21.1373122150951,20.0952738769425,50.4228806605299));
#2389=CARTESIAN_POINT('Ctrl Pts',(41.2598421382227,17.1861880542343,47.3108408303029));
#2390=CARTESIAN_POINT('Ctrl Pts',(41.1179183353338,17.2062470746839,47.3323189132327));
#2391=CARTESIAN_POINT('Ctrl Pts',(40.890800341053,17.2383502232669,47.3666898856609));
#2392=CARTESIAN_POINT('Ctrl Pts',(40.4029598418009,17.3073166597464,47.440517379613));
#2393=CARTESIAN_POINT('Ctrl Pts',(39.5614834428326,17.4263046397065,47.5678624726319));
#2394=CARTESIAN_POINT('Ctrl Pts',(37.8517449356018,17.6681676883734,47.8266062823316));
#2395=CARTESIAN_POINT('Ctrl Pts',(34.3919004259794,18.1579444429454,48.3502029291884));
#2396=CARTESIAN_POINT('Ctrl Pts',(30.3389354524652,18.7321993047148,48.9635596462484));
#2397=CARTESIAN_POINT('Ctrl Pts',(26.7765987856872,19.2369868341833,49.5026669756421));
#2398=CARTESIAN_POINT('Ctrl Pts',(24.9858271361433,19.4907029806157,49.7736739611814));
#2399=CARTESIAN_POINT('Ctrl Pts',(23.9748352709456,19.6339225015519,49.9266727300985));
#2400=CARTESIAN_POINT('Ctrl Pts',(22.9304532483276,19.7818563339583,50.0847246088924));
#2401=CARTESIAN_POINT('Ctrl Pts',(21.9030550219905,19.9273563812839,50.2402062395843));
#2402=CARTESIAN_POINT('Ctrl Pts',(21.3550188056953,20.0049534648292,50.3231434711305));
#2403=CARTESIAN_POINT('Ctrl Pts',(21.1195438363898,20.0382926474081,50.3587791489779));
#2404=CARTESIAN_POINT('Ctrl Pts',(21.1728489725055,20.2092363360111,50.5510836836339));
#2405=CARTESIAN_POINT('Ctrl Pts',(21.4083473682518,20.1760362478632,50.5154641237203));
#2406=CARTESIAN_POINT('Ctrl Pts',(21.9564378872842,20.0987624968309,50.4325641118395));
#2407=CARTESIAN_POINT('Ctrl Pts',(22.9839364634239,19.9538661700988,50.2771502638162));
#2408=CARTESIAN_POINT('Ctrl Pts',(24.0284189025754,19.8065439224313,50.1191649467588));
#2409=CARTESIAN_POINT('Ctrl Pts',(25.0395070128787,19.6639154227116,49.9662291368436));
#2410=CARTESIAN_POINT('Ctrl Pts',(26.8304469364073,19.4112444066991,49.6953301271801));
#2411=CARTESIAN_POINT('Ctrl Pts',(30.3931103258062,18.9085346697243,49.1564237564485));
#2412=CARTESIAN_POINT('Ctrl Pts',(34.4464333303038,18.3366676157087,48.5432670346852));
#2413=CARTESIAN_POINT('Ctrl Pts',(37.9065762488665,17.8489975234914,48.019819594859));
#2414=CARTESIAN_POINT('Ctrl Pts',(39.6164605899572,17.6081998487943,47.7611443897566));
#2415=CARTESIAN_POINT('Ctrl Pts',(40.4580083698969,17.4897431496048,47.6338318224796));
#2416=CARTESIAN_POINT('Ctrl Pts',(40.9458901286701,17.4210869771425,47.5600228164794));
#2417=CARTESIAN_POINT('Ctrl Pts',(41.1730272966014,17.3891289348391,47.5256603469977));
#2418=CARTESIAN_POINT('Ctrl Pts',(41.3149630668291,17.3691608576689,47.5041875370057));
#2419=CARTESIAN_POINT('Ctrl Pts',(40.1280632694163,0.,47.6843962107703));
#2420=CARTESIAN_POINT('Ctrl Pts',(40.1511523100287,-8.14022560152524E-17,
47.6809020236153));
#2421=CARTESIAN_POINT('Ctrl Pts',(40.1742413605041,9.37436433554028E-5,
47.6774079016335));
#2422=CARTESIAN_POINT('Ctrl Pts',(40.1973303616659,0.000281237381936847,
47.6739134537952));
#2423=CARTESIAN_POINT('Ctrl Pts',(40.1180878325958,0.0666666666666667,47.6184800890346));
#2424=CARTESIAN_POINT('Ctrl Pts',(40.1411768732082,0.0666666666666666,47.6149859018796));
#2425=CARTESIAN_POINT('Ctrl Pts',(40.1642659203959,0.0667291624289036,47.6114917581734));
#2426=CARTESIAN_POINT('Ctrl Pts',(40.1873549347079,0.0668541582546246,47.6079973972295));
#2427=CARTESIAN_POINT('Ctrl Pts',(40.1081123957752,0.133333333333333,47.5525639672988));
#2428=CARTESIAN_POINT('Ctrl Pts',(40.1312014363876,0.133333333333333,47.5490697801438));
#2429=CARTESIAN_POINT('Ctrl Pts',(40.1542904802877,0.133364581214452,47.5455756147132));
#2430=CARTESIAN_POINT('Ctrl Pts',(40.1773795077499,0.133427079127312,47.5420813406638));
#2431=CARTESIAN_POINT('Ctrl Pts',(40.0981369589547,0.2,47.486647845563));
#2432=CARTESIAN_POINT('Ctrl Pts',(40.1212259995671,0.2,47.483153658408));
#2433=CARTESIAN_POINT('Ctrl Pts',(40.1443150401795,0.2,47.4796594712531));
#2434=CARTESIAN_POINT('Ctrl Pts',(40.1674040807919,0.2,47.4761652840981));
#2435=CARTESIAN_POINT('',(40.1280632694163,-5.83268849250802E-32,47.6843962107703));
#2436=CARTESIAN_POINT('Ctrl Pts',(40.1973303616659,0.000281237381936847,
47.6739134537952));
#2437=CARTESIAN_POINT('Ctrl Pts',(40.1742413605041,9.37436433554028E-5,
47.6774079016335));
#2438=CARTESIAN_POINT('Ctrl Pts',(40.1511523100287,-8.14022560152524E-17,
47.6809020236153));
#2439=CARTESIAN_POINT('Ctrl Pts',(40.1280632694163,0.,47.6843962107703));
#2440=CARTESIAN_POINT('',(40.1280632694163,-5.83268849250802E-32,47.6843962107703));
#2441=CARTESIAN_POINT('Ctrl Pts',(21.1286510425387,20.2154656234693,50.5577824670693));
#2442=CARTESIAN_POINT('Ctrl Pts',(20.8928833699919,20.2486861095265,50.5935894345108));
#2443=CARTESIAN_POINT('Ctrl Pts',(20.497320247853,20.2872663253071,50.6536552868419));
#2444=CARTESIAN_POINT('Ctrl Pts',(19.8983865951199,20.3212512990147,50.7445873697274));
#2445=CARTESIAN_POINT('Ctrl Pts',(19.2739312591448,20.3100921035363,50.8393632869598));
#2446=CARTESIAN_POINT('Ctrl Pts',(18.8584307181599,20.2740022989739,50.9024039299442));
#2447=CARTESIAN_POINT('Ctrl Pts',(18.8095650310896,20.269589358894,50.9098178078433));
#2448=CARTESIAN_POINT('Ctrl Pts',(18.7241127593187,20.2613851629586,50.9227822243754));
#2449=CARTESIAN_POINT('Ctrl Pts',(18.5534753455168,20.2430805603791,50.9486690404111));
#2450=CARTESIAN_POINT('Ctrl Pts',(18.2132140325108,20.198948782871,51.0002832530243));
#2451=CARTESIAN_POINT('Ctrl Pts',(17.5378524009379,20.0803336462407,51.1027037075039));
#2452=CARTESIAN_POINT('Ctrl Pts',(15.4501131564578,19.5219103816587,51.4191696568583));
#2453=CARTESIAN_POINT('Ctrl Pts',(12.3592830544771,17.5898847564302,51.8867342941763));
#2454=CARTESIAN_POINT('Ctrl Pts',(9.82471786944641,13.3972252738594,52.2687302893531));
#2455=CARTESIAN_POINT('Ctrl Pts',(9.45450603354116,8.49134108655766,52.3236758226987));
#2456=CARTESIAN_POINT('Ctrl Pts',(11.3210686208575,3.94568103564124,52.0416555849783));
#2457=CARTESIAN_POINT('Ctrl Pts',(15.0265417599776,0.761533499845101,51.4824632305473));
#2458=CARTESIAN_POINT('Ctrl Pts',(18.1666161656385,-1.54749344361593E-8,
51.0079359010361));
#2459=CARTESIAN_POINT('Ctrl Pts',(19.7436114807147,-1.70002900645727E-15,
50.7692835558));
#2460=CARTESIAN_POINT('Ctrl Pts',(21.1111298727757,20.1584256117164,50.4936401854306));
#2461=CARTESIAN_POINT('Ctrl Pts',(20.8766550377483,20.1911617954034,50.5292091698174));
#2462=CARTESIAN_POINT('Ctrl Pts',(20.4833022343476,20.2290145660717,50.5888727948751));
#2463=CARTESIAN_POINT('Ctrl Pts',(19.8877767487382,20.2620238774538,50.6791916777477));
#2464=CARTESIAN_POINT('Ctrl Pts',(19.2669951115484,20.2500943143299,50.7733203764967));
#2465=CARTESIAN_POINT('Ctrl Pts',(18.8540167027939,20.2136562443,50.8359257520955));
#2466=CARTESIAN_POINT('Ctrl Pts',(18.8054480983104,20.209203335046,50.8432884129351));
#2467=CARTESIAN_POINT('Ctrl Pts',(18.7205166426583,20.2009320577699,50.8561631881446));
#2468=CARTESIAN_POINT('Ctrl Pts',(18.5509245212202,20.1825048036078,50.8818706979174));
#2469=CARTESIAN_POINT('Ctrl Pts',(18.2127678861187,20.1381731451811,50.9331261781797));
#2470=CARTESIAN_POINT('Ctrl Pts',(17.5416703563053,20.0193501962606,51.0348298596439));
#2471=CARTESIAN_POINT('Ctrl Pts',(15.4676136822019,19.4614720905332,51.3490527261777));
#2472=CARTESIAN_POINT('Ctrl Pts',(12.4000576212011,17.537824780943,51.813157545647));
#2473=CARTESIAN_POINT('Ctrl Pts',(9.88831199284628,13.3727730593398,52.1922245417048));
#2474=CARTESIAN_POINT('Ctrl Pts',(9.52323100058318,8.50398355374342,52.2467537939588));
#2475=CARTESIAN_POINT('Ctrl Pts',(11.3746421560158,3.99279998538,51.9668743052363));
#2476=CARTESIAN_POINT('Ctrl Pts',(15.0499284529827,0.829198594290486,51.4117247601006));
#2477=CARTESIAN_POINT('Ctrl Pts',(18.1672611111797,0.0688068839608553,50.9404134570172));
#2478=CARTESIAN_POINT('Ctrl Pts',(19.7339033860126,0.0666939701700947,50.7033269816455));
#2479=CARTESIAN_POINT('Ctrl Pts',(21.0936087030126,20.1013855999634,50.429497903792));
#2480=CARTESIAN_POINT('Ctrl Pts',(20.8604267055048,20.1336374812803,50.464828905124));
#2481=CARTESIAN_POINT('Ctrl Pts',(20.4692842208423,20.1707628068364,50.5240903029082));
#2482=CARTESIAN_POINT('Ctrl Pts',(19.8771669023565,20.202796455893,50.6137959857681));
#2483=CARTESIAN_POINT('Ctrl Pts',(19.2600589639521,20.1900965251234,50.7072774660335));
#2484=CARTESIAN_POINT('Ctrl Pts',(18.8496026874278,20.1533101896262,50.7694475742469));
#2485=CARTESIAN_POINT('Ctrl Pts',(18.8013311655312,20.148817311198,50.7767590180269));
#2486=CARTESIAN_POINT('Ctrl Pts',(18.7169205259979,20.1404789525812,50.7895441519138));
#2487=CARTESIAN_POINT('Ctrl Pts',(18.5483736969235,20.1219290468365,50.8150723554237));
#2488=CARTESIAN_POINT('Ctrl Pts',(18.2123217397266,20.0773975074912,50.8659691033351));
#2489=CARTESIAN_POINT('Ctrl Pts',(17.5454883116728,19.9583667462805,50.9669560117839));
#2490=CARTESIAN_POINT('Ctrl Pts',(15.485114207946,19.4010337994077,51.2789357954971));
#2491=CARTESIAN_POINT('Ctrl Pts',(12.4408321879252,17.4857648054559,51.7395807971178));
#2492=CARTESIAN_POINT('Ctrl Pts',(9.95190611624615,13.3483208448201,52.1157187940564));
#2493=CARTESIAN_POINT('Ctrl Pts',(9.5919559676252,8.51662602092918,52.1698317652189));
#2494=CARTESIAN_POINT('Ctrl Pts',(11.4282156911741,4.03991893511877,51.8920930254942));
#2495=CARTESIAN_POINT('Ctrl Pts',(15.0733151459878,0.896863688735866,51.3409862896539));
#2496=CARTESIAN_POINT('Ctrl Pts',(18.1679060567209,0.137613783396645,50.8728910129983));
#2497=CARTESIAN_POINT('Ctrl Pts',(19.7241952913105,0.133387940340191,50.637370407491));
#2498=CARTESIAN_POINT('Ctrl Pts',(21.0760875332496,20.0443455882105,50.3653556221534));
#2499=CARTESIAN_POINT('Ctrl Pts',(20.8441983732612,20.0761131671571,50.4004486404306));
#2500=CARTESIAN_POINT('Ctrl Pts',(20.455266207337,20.1125110476011,50.4593078109413));
#2501=CARTESIAN_POINT('Ctrl Pts',(19.8665570559748,20.1435690343321,50.5484002937884));
#2502=CARTESIAN_POINT('Ctrl Pts',(19.2531228163557,20.130098735917,50.6412345555704));
#2503=CARTESIAN_POINT('Ctrl Pts',(18.8451886720617,20.0929641349523,50.7029693963982));
#2504=CARTESIAN_POINT('Ctrl Pts',(18.7972142327519,20.0884312873501,50.7102296231187));
#2505=CARTESIAN_POINT('Ctrl Pts',(18.7133244093374,20.0800258473924,50.7229251156829));
#2506=CARTESIAN_POINT('Ctrl Pts',(18.5458228726268,20.0613532900653,50.74827401293));
#2507=CARTESIAN_POINT('Ctrl Pts',(18.2118755933345,20.0166218698013,50.7988120284905));
#2508=CARTESIAN_POINT('Ctrl Pts',(17.5493062670403,19.8973832963003,50.8990821639238));
#2509=CARTESIAN_POINT('Ctrl Pts',(15.5026147336901,19.3405955082822,51.2088188648166));
#2510=CARTESIAN_POINT('Ctrl Pts',(12.4816067546492,17.4337048299687,51.6660040485885));
#2511=CARTESIAN_POINT('Ctrl Pts',(10.015500239646,13.3238686303005,52.039213046408));
#2512=CARTESIAN_POINT('Ctrl Pts',(9.66068093466722,8.52926848811494,52.092909736479));
#2513=CARTESIAN_POINT('Ctrl Pts',(11.4817892263324,4.08703788485753,51.8173117457522));
#2514=CARTESIAN_POINT('Ctrl Pts',(15.0967018389928,0.96452878318125,51.2702478192072));
#2515=CARTESIAN_POINT('Ctrl Pts',(18.1685510022621,0.206420682832435,50.8053685689794));
#2516=CARTESIAN_POINT('Ctrl Pts',(19.7144871966085,0.200081910510288,50.5714138333365));
#2517=CARTESIAN_POINT('',(19.7436114807147,-1.83880687745933E-15,50.7692835558));
#2518=CARTESIAN_POINT('',(19.7144871966085,0.200081910510287,50.5714138333365));
#2519=CARTESIAN_POINT('Ctrl Pts',(19.7436114807147,-1.70002900645727E-15,
50.7692835558));
#2520=CARTESIAN_POINT('Ctrl Pts',(18.1666161656385,-1.54749344361593E-8,
51.0079359010361));
#2521=CARTESIAN_POINT('Ctrl Pts',(15.0265417599776,0.761533499845101,51.4824632305473));
#2522=CARTESIAN_POINT('Ctrl Pts',(11.3210686208575,3.94568103564124,52.0416555849783));
#2523=CARTESIAN_POINT('Ctrl Pts',(9.45450603354116,8.49134108655766,52.3236758226987));
#2524=CARTESIAN_POINT('Ctrl Pts',(9.82471786944641,13.3972252738594,52.2687302893531));
#2525=CARTESIAN_POINT('Ctrl Pts',(12.3592830544771,17.5898847564302,51.8867342941763));
#2526=CARTESIAN_POINT('Ctrl Pts',(15.4501131564578,19.5219103816587,51.4191696568583));
#2527=CARTESIAN_POINT('Ctrl Pts',(17.5378524009379,20.0803336462407,51.1027037075039));
#2528=CARTESIAN_POINT('Ctrl Pts',(18.2132140325108,20.198948782871,51.0002832530243));
#2529=CARTESIAN_POINT('Ctrl Pts',(18.5534753455168,20.2430805603791,50.9486690404111));
#2530=CARTESIAN_POINT('Ctrl Pts',(18.7241127593187,20.2613851629586,50.9227822243754));
#2531=CARTESIAN_POINT('Ctrl Pts',(18.8095650310896,20.269589358894,50.9098178078433));
#2532=CARTESIAN_POINT('Ctrl Pts',(18.8584307181599,20.2740022989739,50.9024039299442));
#2533=CARTESIAN_POINT('Ctrl Pts',(19.2739312591448,20.3100921035363,50.8393632869598));
#2534=CARTESIAN_POINT('Ctrl Pts',(19.8983865951199,20.3212512990147,50.7445873697274));
#2535=CARTESIAN_POINT('Ctrl Pts',(20.497320247853,20.2872663253071,50.6536552868419));
#2536=CARTESIAN_POINT('Ctrl Pts',(20.8928833699919,20.2486861095265,50.5935894345108));
#2537=CARTESIAN_POINT('Ctrl Pts',(21.1286510425387,20.2154656234693,50.5577824670693));
#2538=CARTESIAN_POINT('Origin',(38.8170702841477,0.1,47.781657106303));
#2539=CARTESIAN_POINT('',(19.7843673792978,0.,50.7631157668417));
#2540=CARTESIAN_POINT('',(38.8320334393785,0.,47.8805312889066));
#2541=CARTESIAN_POINT('',(19.7843673792978,0.,50.7631157668417));
#2542=CARTESIAN_POINT('Ctrl Pts',(19.7436114807147,0.,50.7692835558));
#2543=CARTESIAN_POINT('Ctrl Pts',(19.7571956040922,0.,50.7672278217904));
#2544=CARTESIAN_POINT('Ctrl Pts',(19.7707808181254,0.,50.7651718933099));
#2545=CARTESIAN_POINT('Ctrl Pts',(19.784367381276,0.,50.7631157665423));
#2546=CARTESIAN_POINT('Ctrl Pts',(19.7339033860126,0.0666939701700958,50.7033269816455));
#2547=CARTESIAN_POINT('Ctrl Pts',(19.7473983291118,0.0666757695951534,50.701284736337));
#2548=CARTESIAN_POINT('Ctrl Pts',(19.7608944664911,0.0666666666219703,50.6992422902604));
#2549=CARTESIAN_POINT('Ctrl Pts',(19.774391943796,0.0666666666666663,50.6971996449063));
#2550=CARTESIAN_POINT('Ctrl Pts',(19.7241952913105,0.133387940340192,50.637370407491));
#2551=CARTESIAN_POINT('Ctrl Pts',(19.7376010539515,0.133351539189646,50.635341649649));
#2552=CARTESIAN_POINT('Ctrl Pts',(19.751008114677,0.133333333243274,50.6333126859761));
#2553=CARTESIAN_POINT('Ctrl Pts',(19.7644165063161,0.133333333333333,50.6312835232704));
#2554=CARTESIAN_POINT('Ctrl Pts',(19.7144871966085,0.200081910510288,50.5714138333365));
#2555=CARTESIAN_POINT('Ctrl Pts',(19.7278037789711,0.2000273087848,50.5693985641956));
#2556=CARTESIAN_POINT('Ctrl Pts',(19.7411217630427,0.199999999865244,50.5673830829266));
#2557=CARTESIAN_POINT('Ctrl Pts',(19.7544410688362,0.199999999999999,50.5653674016344));
#2558=CARTESIAN_POINT('Ctrl Pts',(19.7843673792978,0.,50.7631157668417));
#2559=CARTESIAN_POINT('Ctrl Pts',(19.7707808168067,0.,50.7651718935095));
#2560=CARTESIAN_POINT('Ctrl Pts',(19.7571956034329,0.,50.7672278218902));
#2561=CARTESIAN_POINT('Ctrl Pts',(19.7436114807147,0.,50.7692835558));
#2562=CARTESIAN_POINT('Ctrl Pts',(41.3175955379024,17.3694398810914,47.4920436667658));
#2563=CARTESIAN_POINT('Ctrl Pts',(40.4546066228341,17.2779692198108,51.4731019858794));
#2564=CARTESIAN_POINT('Ctrl Pts',(39.5916177077659,17.1864985585302,55.4541603049929));
#2565=CARTESIAN_POINT('Ctrl Pts',(38.7286287926976,17.0950278972497,59.4352186241065));
#2566=CARTESIAN_POINT('Ctrl Pts',(42.5329937493545,17.1984101961331,47.3081109997508));
#2567=CARTESIAN_POINT('Ctrl Pts',(41.6539832319264,17.1242886700667,51.2915939530494));
#2568=CARTESIAN_POINT('Ctrl Pts',(40.7755714263447,17.0501186919581,55.2749863001041));
#2569=CARTESIAN_POINT('Ctrl Pts',(39.8965609089166,16.9759971658917,59.2584692534027));
#2570=CARTESIAN_POINT('Ctrl Pts',(44.8958778219183,16.3227968383409,46.9505232024192));
#2571=CARTESIAN_POINT('Ctrl Pts',(44.0074819131272,16.2929355975542,50.9354264968439));
#2572=CARTESIAN_POINT('Ctrl Pts',(43.1189636519639,16.2628545330244,54.920348307503));
#2573=CARTESIAN_POINT('Ctrl Pts',(42.2305677431728,16.2329932922377,58.9052516019278));
#2574=CARTESIAN_POINT('Ctrl Pts',(47.5923428150336,13.6302723368767,46.5424528325412));
#2575=CARTESIAN_POINT('Ctrl Pts',(46.7390233841663,13.6445863887228,50.5220478172505));
#2576=CARTESIAN_POINT('Ctrl Pts',(45.8859732482665,13.6591533295972,54.5016020481219));
#2577=CARTESIAN_POINT('Ctrl Pts',(45.0326538173992,13.6734673814433,58.4811970328312));
#2578=CARTESIAN_POINT('Ctrl Pts',(48.9339005628028,10.037323813979,46.3394277727898));
#2579=CARTESIAN_POINT('Ctrl Pts',(48.1259119551799,10.0545388246337,50.3121626032395));
#2580=CARTESIAN_POINT('Ctrl Pts',(47.3176856999079,10.0715153812913,54.2849333981702));
#2581=CARTESIAN_POINT('Ctrl Pts',(46.5096970922851,10.088730391946,58.25766822862));
#2582=CARTESIAN_POINT('Ctrl Pts',(48.6742561447145,6.20295303910906,46.3787211416993));
#2583=CARTESIAN_POINT('Ctrl Pts',(47.8896231398335,6.19821322359897,50.3479214447311));
#2584=CARTESIAN_POINT('Ctrl Pts',(47.105305283847,6.19331778804435,54.3170740546068));
#2585=CARTESIAN_POINT('Ctrl Pts',(46.320672278966,6.18857797253425,58.2862743576386));
#2586=CARTESIAN_POINT('Ctrl Pts',(46.854528647092,2.83099392975929,46.6541101695294));
#2587=CARTESIAN_POINT('Ctrl Pts',(46.0682076301026,2.81077084166748,50.6235659283996));
#2588=CARTESIAN_POINT('Ctrl Pts',(45.281854855416,2.79028899424601,54.5930264933307));
#2589=CARTESIAN_POINT('Ctrl Pts',(44.4955338384266,2.77006590615421,58.5624822522009));
#2590=CARTESIAN_POINT('Ctrl Pts',(43.8179834701402,0.538393731828346,47.1136466799879));
#2591=CARTESIAN_POINT('Ctrl Pts',(43.030450855823,0.526746437841273,51.0832857963172));
#2592=CARTESIAN_POINT('Ctrl Pts',(42.2429355574615,0.515391445113768,55.052922292131));
#2593=CARTESIAN_POINT('Ctrl Pts',(41.4554029431443,0.503744151126694,59.0225614084602));
#2594=CARTESIAN_POINT('Ctrl Pts',(41.357750660827,-4.32750242784449E-15,
47.4859667787268));
#2595=CARTESIAN_POINT('Ctrl Pts',(40.5910412847556,8.71469375926162E-6,
51.4524546038082));
#2596=CARTESIAN_POINT('Ctrl Pts',(39.8248579610329,-8.714693767169E-6,55.4188628185935));
#2597=CARTESIAN_POINT('Ctrl Pts',(39.0581485849616,-3.5798789428681E-15,
59.3853506436749));
#2598=CARTESIAN_POINT('Ctrl Pts',(40.1304621630703,0.,47.6716988659244));
#2599=CARTESIAN_POINT('Ctrl Pts',(39.381588475948,0.,51.6354875214615));
#2600=CARTESIAN_POINT('Ctrl Pts',(38.6327147888257,0.,55.5992761769987));
#2601=CARTESIAN_POINT('Ctrl Pts',(37.8838411017034,0.,59.5630648325359));
#2602=CARTESIAN_POINT('',(38.7288341829165,17.0950496669115,59.4342711425283));
#2603=CARTESIAN_POINT('',(41.7001842204226,17.4099915485819,45.7271219786555));
#2604=CARTESIAN_POINT('',(37.8838411017035,-3.46944695195361E-16,59.5630648325359));
#2605=CARTESIAN_POINT('Ctrl Pts',(37.8838411017035,0.,59.5630648325359));
#2606=CARTESIAN_POINT('Ctrl Pts',(38.079491117702,3.75993484346374E-16,
59.5331518080913));
#2607=CARTESIAN_POINT('Ctrl Pts',(38.2749309870956,0.00698360375628914,
59.5032913424433));
#2608=CARTESIAN_POINT('Ctrl Pts',(38.4697707346999,0.0207847196139161,59.4735423390412));
#2609=CARTESIAN_POINT('Ctrl Pts',(38.6681327554009,0.0348353292205729,59.4432555392417));
#2610=CARTESIAN_POINT('Ctrl Pts',(38.8658733081956,0.0559520866779219,59.4130841852018));
#2611=CARTESIAN_POINT('Ctrl Pts',(39.0626070386813,0.0840072290887056,59.3830864748123));
#2612=CARTESIAN_POINT('Ctrl Pts',(39.2631951510776,0.112612024236414,59.3525010531443));
#2613=CARTESIAN_POINT('Ctrl Pts',(39.4627372064775,0.148429627143936,59.3220960545555));
#2614=CARTESIAN_POINT('Ctrl Pts',(39.6608428911018,0.191375072653382,59.2919304202831));
#2615=CARTESIAN_POINT('Ctrl Pts',(39.6879122196606,0.197243174706103,59.2878085624633));
#2616=CARTESIAN_POINT('Ctrl Pts',(39.7149547490416,0.203244435864841,59.2836911708877));
#2617=CARTESIAN_POINT('Ctrl Pts',(39.7419694992649,0.209378712492245,59.2795783935376));
#2618=CARTESIAN_POINT('Ctrl Pts',(40.0198492739711,0.272477256551327,59.2372734440564));
#2619=CARTESIAN_POINT('Ctrl Pts',(40.2949528516149,0.349689331508919,59.1954332199511));
#2620=CARTESIAN_POINT('Ctrl Pts',(40.5657131688904,0.440792747209729,59.1542900876948));
#2621=CARTESIAN_POINT('Ctrl Pts',(40.836473486166,0.53189616291054,59.1131469554384));
#2622=CARTESIAN_POINT('Ctrl Pts',(41.1028902466452,0.636890899073477,59.0727009598909));
#2623=CARTESIAN_POINT('Ctrl Pts',(41.3634483079818,0.755537117640236,59.0331766100506));
#2624=CARTESIAN_POINT('Ctrl Pts',(41.6185173962801,0.871683909048694,58.9944848887981));
#2625=CARTESIAN_POINT('Ctrl Pts',(41.867972186588,1.00091098378939,58.9566763668898));
#2626=CARTESIAN_POINT('Ctrl Pts',(42.110528848416,1.14225757361467,58.9199408437852));
#2627=CARTESIAN_POINT('Ctrl Pts',(42.3486977778052,1.28104727214437,58.883869848487));
#2628=CARTESIAN_POINT('Ctrl Pts',(42.5802158235941,1.4315218692914,58.848833392958));
#2629=CARTESIAN_POINT('Ctrl Pts',(42.8039167805973,1.59278083052547,58.8150037150496));
#2630=CARTESIAN_POINT('Ctrl Pts',(42.8359451062911,1.61586903989493,58.8101601598111));
#2631=CARTESIAN_POINT('Ctrl Pts',(42.8678132741469,1.63917833496695,58.8053413294943));
#2632=CARTESIAN_POINT('Ctrl Pts',(42.8995179471349,1.66270609023958,58.8005477166357));
#2633=CARTESIAN_POINT('Ctrl Pts',(43.1250190549831,1.83004845270996,58.7664529000572));
#2634=CARTESIAN_POINT('Ctrl Pts',(43.3424588151091,2.00859332206151,58.7335997669738));
#2635=CARTESIAN_POINT('Ctrl Pts',(43.5507277742978,2.19758228628945,58.7021509607129));
#2636=CARTESIAN_POINT('Ctrl Pts',(43.7650041096145,2.39202250833607,58.6697950350775));
#2637=CARTESIAN_POINT('Ctrl Pts',(43.9695737379919,2.59751821106541,58.6389255010632));
#2638=CARTESIAN_POINT('Ctrl Pts',(44.1632257051135,2.81329800921749,58.6097198946255));
#2639=CARTESIAN_POINT('Ctrl Pts',(44.2072679832972,2.86237282130391,58.6030776618489));
#2640=CARTESIAN_POINT('Ctrl Pts',(44.2507455130019,2.91197978257173,58.5965215006306));
#2641=CARTESIAN_POINT('Ctrl Pts',(44.2936439640347,2.96211018033165,58.5900535122969));
#2642=CARTESIAN_POINT('Ctrl Pts',(44.478759380664,3.17843289697313,58.5621428459137));
#2643=CARTESIAN_POINT('Ctrl Pts',(44.6530938585349,3.40449869143121,58.5358737312298));
#2644=CARTESIAN_POINT('Ctrl Pts',(44.8159540748368,3.63901826568058,58.5113456816773));
#2645=CARTESIAN_POINT('Ctrl Pts',(44.9815443876942,3.877469193433,58.4864064577746));
#2646=CARTESIAN_POINT('Ctrl Pts',(45.1352730809231,4.1246603695349,58.4632670756135));
#2647=CARTESIAN_POINT('Ctrl Pts',(45.2763800118437,4.37928038737021,58.4420368841342));
#2648=CARTESIAN_POINT('Ctrl Pts',(45.4186001758745,4.63590917566446,58.420639201576));
#2649=CARTESIAN_POINT('Ctrl Pts',(45.5479991943938,4.90008525773951,58.4011808687241));
#2650=CARTESIAN_POINT('Ctrl Pts',(45.6637587657445,5.17049907705565,58.3837799003501));
#2651=CARTESIAN_POINT('Ctrl Pts',(45.681428735122,5.21177604319174,58.3811237521395));
#2652=CARTESIAN_POINT('Ctrl Pts',(45.6987808193038,5.25319839855014,58.378515553547));
#2653=CARTESIAN_POINT('Ctrl Pts',(45.7158120138655,5.2947615348973,58.3759557385373));
#2654=CARTESIAN_POINT('Ctrl Pts',(45.7969892563431,5.49286747427639,58.3637546728408));
#2655=CARTESIAN_POINT('Ctrl Pts',(45.8706804823398,5.69368297914584,58.3526826331963));
#2656=CARTESIAN_POINT('Ctrl Pts',(45.9366938447862,5.89679634674554,58.3427677839439));
#2657=CARTESIAN_POINT('Ctrl Pts',(45.976735295701,6.01999797801358,58.336753775038));
#2658=CARTESIAN_POINT('Ctrl Pts',(46.0139511218437,6.1440457117802,58.3311656384417));
#2659=CARTESIAN_POINT('Ctrl Pts',(46.0482907832646,6.26885277622731,58.3260108287237));
#2660=CARTESIAN_POINT('Ctrl Pts',(46.1044330269612,6.47290104977798,58.3175831805925));
#2661=CARTESIAN_POINT('Ctrl Pts',(46.1528902173585,6.67897815350739,58.3103133711738));
#2662=CARTESIAN_POINT('Ctrl Pts',(46.1937084523783,6.88662288519809,58.3041935768354));
#2663=CARTESIAN_POINT('Ctrl Pts',(46.2348521983267,7.09592350988389,58.2980249793103));
#2664=CARTESIAN_POINT('Ctrl Pts',(46.2682347558588,7.30681753781636,58.2930247985051));
#2665=CARTESIAN_POINT('Ctrl Pts',(46.2938524831613,7.51884533338307,58.2891927177306));
#2666=CARTESIAN_POINT('Ctrl Pts',(46.3184940426109,7.72279377376372,58.2855066590453));
#2667=CARTESIAN_POINT('Ctrl Pts',(46.335950992119,7.92779184582931,58.2829014153557));
#2668=CARTESIAN_POINT('Ctrl Pts',(46.3461751477914,8.13343260126755,58.2813835062359));
#2669=CARTESIAN_POINT('Ctrl Pts',(46.355133942597,8.31362286740593,58.2800534564231));
#2670=CARTESIAN_POINT('Ctrl Pts',(46.3585329286083,8.49431961916543,58.279559430056));
#2671=CARTESIAN_POINT('Ctrl Pts',(46.3563323356163,8.67493171458871,58.2799073925639));
#2672=CARTESIAN_POINT('Ctrl Pts',(46.3541387868565,8.85496565970126,58.2802542412227));
#2673=CARTESIAN_POINT('Ctrl Pts',(46.3463814551974,9.03491490657594,58.2814376962189));
#2674=CARTESIAN_POINT('Ctrl Pts',(46.3330719881685,9.21419455361923,58.2834559421717));
#2675=CARTESIAN_POINT('Ctrl Pts',(46.3280214295807,9.28222600514419,58.2842218082583));
#2676=CARTESIAN_POINT('Ctrl Pts',(46.3221718977303,9.35016108683708,58.2851078034038));
#2677=CARTESIAN_POINT('Ctrl Pts',(46.3155259567957,9.41796812670749,58.2861135366778));
#2678=CARTESIAN_POINT('Ctrl Pts',(46.2952222019627,9.62512276847155,58.2891861131606));
#2679=CARTESIAN_POINT('Ctrl Pts',(46.2674658128514,9.83132866572843,58.2933792414036));
#2680=CARTESIAN_POINT('Ctrl Pts',(46.2322217396398,10.0361578895732,58.2986986226276));
#2681=CARTESIAN_POINT('Ctrl Pts',(46.1950299507066,10.2523067216006,58.3043119722126));
#2682=CARTESIAN_POINT('Ctrl Pts',(46.1495002851229,10.4669232975768,58.311179455446));
#2683=CARTESIAN_POINT('Ctrl Pts',(46.0958585063629,10.6795682771282,58.3192673728009));
#2684=CARTESIAN_POINT('Ctrl Pts',(46.0442473765225,10.8841634248514,58.3270491161061));
#2685=CARTESIAN_POINT('Ctrl Pts',(45.9851269098585,11.0869315372724,58.3359606090138));
#2686=CARTESIAN_POINT('Ctrl Pts',(45.9186503714583,11.2874687979412,58.3459794953246));
#2687=CARTESIAN_POINT('Ctrl Pts',(45.8565353300816,11.4748488953979,58.3553410468241));
#2688=CARTESIAN_POINT('Ctrl Pts',(45.7879972036753,11.6602814959401,58.3656695390744));
#2689=CARTESIAN_POINT('Ctrl Pts',(45.7131274491892,11.8434139326541,58.3769518152318));
#2690=CARTESIAN_POINT('Ctrl Pts',(45.6284281578889,12.0505895499677,58.3897153243597));
#2691=CARTESIAN_POINT('Ctrl Pts',(45.5359479961947,12.2540358262904,58.4036509062068));
#2692=CARTESIAN_POINT('Ctrl Pts',(45.4359468726973,12.4532900692904,58.4187208596334));
#2693=CARTESIAN_POINT('Ctrl Pts',(45.3410540294526,12.6423659614959,58.4330210062538));
#2694=CARTESIAN_POINT('Ctrl Pts',(45.2393882311666,12.8276676114851,58.4483427044714));
#2695=CARTESIAN_POINT('Ctrl Pts',(45.1311250437517,13.0087751529659,58.4646607796011));
#2696=CARTESIAN_POINT('Ctrl Pts',(45.1252970099036,13.0185245507723,58.4655392157201));
#2697=CARTESIAN_POINT('Ctrl Pts',(45.119449847276,13.0282617873634,58.4664205407843));
#2698=CARTESIAN_POINT('Ctrl Pts',(45.1135835798025,13.0379867947143,58.4673047513892));
#2699=CARTESIAN_POINT('Ctrl Pts',(45.0181492717459,13.1961963123612,58.4816893711897));
#2700=CARTESIAN_POINT('Ctrl Pts',(44.9176632160764,13.3511668302828,58.496836912258));
#2701=CARTESIAN_POINT('Ctrl Pts',(44.8122163417463,13.5025953500015,58.5127349301759));
#2702=CARTESIAN_POINT('Ctrl Pts',(44.6909806565879,13.6766976214747,58.5310133960592));
#2703=CARTESIAN_POINT('Ctrl Pts',(44.5631874000107,13.8461187413959,58.550283896899));
#2704=CARTESIAN_POINT('Ctrl Pts',(44.4291753542214,14.010597326448,58.5704971635805));
#2705=CARTESIAN_POINT('Ctrl Pts',(44.2961823233981,14.1738252318409,58.5905567304873));
#2706=CARTESIAN_POINT('Ctrl Pts',(44.1570641407945,14.3321858370589,58.6115448676877));
#2707=CARTESIAN_POINT('Ctrl Pts',(44.0121268504512,14.4853793158367,58.6334172152168));
#2708=CARTESIAN_POINT('Ctrl Pts',(43.9742248363473,14.525440375206,58.6391369718272));
#2709=CARTESIAN_POINT('Ctrl Pts',(43.9359247711198,14.5651478247126,58.6449172120278));
#2710=CARTESIAN_POINT('Ctrl Pts',(43.897231917622,14.6044957492782,58.6507571743303));
#2711=CARTESIAN_POINT('Ctrl Pts',(43.7486371810609,14.7556061987931,58.6731847696461));
#2712=CARTESIAN_POINT('Ctrl Pts',(43.5947570343202,14.9009037593544,58.6964166941664));
#2713=CARTESIAN_POINT('Ctrl Pts',(43.4359777241434,15.0401460119539,58.7203968631825));
#2714=CARTESIAN_POINT('Ctrl Pts',(43.2778836363591,15.1787873555977,58.7442735442266));
#2715=CARTESIAN_POINT('Ctrl Pts',(43.1149319909297,15.3114259076143,58.7688921145342));
#2716=CARTESIAN_POINT('Ctrl Pts',(42.9474772034505,15.4377787868854,58.7942012760466));
#2717=CARTESIAN_POINT('Ctrl Pts',(42.8832023921201,15.4862772956379,58.8039157882779));
#2718=CARTESIAN_POINT('Ctrl Pts',(42.8182639044001,15.5338492595629,58.8137320798725));
#2719=CARTESIAN_POINT('Ctrl Pts',(42.7526810045103,15.580476788577,58.8236473676607));
#2720=CARTESIAN_POINT('Ctrl Pts',(42.5868499033489,15.6983778648307,58.8487188892771));
#2721=CARTESIAN_POINT('Ctrl Pts',(42.4169031264897,15.8102414446768,58.874422717887));
#2722=CARTESIAN_POINT('Ctrl Pts',(42.2431381602009,15.915749432008,58.9007160723874));
#2723=CARTESIAN_POINT('Ctrl Pts',(42.2005475709724,15.9416099230191,58.9071606940213));
#2724=CARTESIAN_POINT('Ctrl Pts',(42.1577275514301,15.9670883544719,58.9136407393956));
#2725=CARTESIAN_POINT('Ctrl Pts',(42.1146824034603,15.9921795651083,58.9201555904533));
#2726=CARTESIAN_POINT('Ctrl Pts',(41.9342216204643,16.0973709683515,58.9474681954369));
#2727=CARTESIAN_POINT('Ctrl Pts',(41.7498039379189,16.1957606450182,58.9753925514307));
#2728=CARTESIAN_POINT('Ctrl Pts',(41.5618021474906,16.2872309725973,59.0038746712895));
#2729=CARTESIAN_POINT('Ctrl Pts',(41.5274136064357,16.3039623617404,59.0090845075675));
#2730=CARTESIAN_POINT('Ctrl Pts',(41.492905153501,16.3204621011269,59.0143130047258));
#2731=CARTESIAN_POINT('Ctrl Pts',(41.4582790847719,16.3367292813055,59.0195598301538));
#2732=CARTESIAN_POINT('Ctrl Pts',(41.2682276266353,16.426014649994,59.0483579830998));
#2733=CARTESIAN_POINT('Ctrl Pts',(41.0752361952633,16.5080151239455,59.0776169636289));
#2734=CARTESIAN_POINT('Ctrl Pts',(40.879732312122,16.5826900549,59.1072739446603));
#2735=CARTESIAN_POINT('Ctrl Pts',(40.6851719716876,16.65700458899,59.1367877948868));
#2736=CARTESIAN_POINT('Ctrl Pts',(40.48812268786,16.7240641712336,59.1666959167833));
#2737=CARTESIAN_POINT('Ctrl Pts',(40.2890020366216,16.7837775595882,59.1969369613984));
#2738=CARTESIAN_POINT('Ctrl Pts',(40.2222636981678,16.803791417003,59.2070727110465));
#2739=CARTESIAN_POINT('Ctrl Pts',(40.1552926847101,16.8229796032619,59.2172458577595));
#2740=CARTESIAN_POINT('Ctrl Pts',(40.08810482915,16.8413373698671,59.227454074928));
#2741=CARTESIAN_POINT('Ctrl Pts',(39.892349795115,16.8948236018156,59.2571962044037));
#2742=CARTESIAN_POINT('Ctrl Pts',(39.6947537491673,16.9412640851212,59.2872360108062));
#2743=CARTESIAN_POINT('Ctrl Pts',(39.4957131101617,16.9805092088788,59.3175147539918));
#2744=CARTESIAN_POINT('Ctrl Pts',(39.4562752954744,16.9882852184709,59.3235141693307));
#2745=CARTESIAN_POINT('Ctrl Pts',(39.4167808122849,16.9957785864631,59.3295229583179));
#2746=CARTESIAN_POINT('Ctrl Pts',(39.3772328192323,17.0029879147681,59.335540652679));
#2747=CARTESIAN_POINT('Ctrl Pts',(39.2062616629109,17.0341547857382,59.3615559339586));
#2748=CARTESIAN_POINT('Ctrl Pts',(39.0341617826298,17.0600353243054,59.3877054219958));
#2749=CARTESIAN_POINT('Ctrl Pts',(38.8614749353314,17.0804533273743,59.4140311911106));
#2750=CARTESIAN_POINT('Ctrl Pts',(38.8172965999528,17.0856768484557,59.4207660911638));
#2751=CARTESIAN_POINT('Ctrl Pts',(38.7730799371819,17.0905431048427,59.4275125151291));
#2752=CARTESIAN_POINT('Ctrl Pts',(38.7288341829128,17.0950496669119,59.4342711425288));
#2753=CARTESIAN_POINT('',(40.4624601661083,0.,45.9144333340562));
#2754=CARTESIAN_POINT('Ctrl Pts',(21.1286611632123,20.2154771746043,50.5576701644952));
#2755=CARTESIAN_POINT('Ctrl Pts',(20.7701627273704,19.8063083963877,54.5356954431979));
#2756=CARTESIAN_POINT('Ctrl Pts',(20.4116642915285,19.3971396181711,58.5137207219006));
#2757=CARTESIAN_POINT('Ctrl Pts',(20.0531658556866,18.9879708399545,62.4917460006032));
#2758=CARTESIAN_POINT('Ctrl Pts',(27.8169506250429,19.2726495460456,49.5454957949007));
#2759=CARTESIAN_POINT('Ctrl Pts',(27.2943181059792,18.9674097483025,53.5483603562274));
#2760=CARTESIAN_POINT('Ctrl Pts',(26.7716855869155,18.6621699505594,57.5512249175542));
#2761=CARTESIAN_POINT('Ctrl Pts',(26.2490530678518,18.3569301528163,61.5540894788809));
#2762=CARTESIAN_POINT('Ctrl Pts',(34.9682208874162,18.2621351876876,48.4632560816039));
#2763=CARTESIAN_POINT('Ctrl Pts',(34.1730024129845,18.0766797850649,52.5073725234166));
#2764=CARTESIAN_POINT('Ctrl Pts',(33.3777839385528,17.8912243824423,56.5514889652293));
#2765=CARTESIAN_POINT('Ctrl Pts',(32.582565464121,17.7057689798196,60.595605407042));
#2766=CARTESIAN_POINT('Ctrl Pts',(41.3152808018826,17.3691945353165,47.5027217918775));
#2767=CARTESIAN_POINT('Ctrl Pts',(40.4358602483205,17.2759822377338,51.5595809815705));
#2768=CARTESIAN_POINT('Ctrl Pts',(39.5564396947584,17.182769940151,55.6164401712634));
#2769=CARTESIAN_POINT('Ctrl Pts',(38.6770191411963,17.0895576425683,59.6732993609564));
#2770=CARTESIAN_POINT('',(20.0531658556866,18.9879708399545,62.4917460006032));
#2771=CARTESIAN_POINT('',(21.2855682003947,20.3945615283387,48.8165742546834));
#2772=CARTESIAN_POINT('',(31.402879418453,17.8303020855631,60.7563450580865));
#2773=CARTESIAN_POINT('Ctrl Pts',(20.0531658556866,18.9879708399545,62.4917460006032));
#2774=CARTESIAN_POINT('Ctrl Pts',(21.1759717669705,18.8738148319925,62.3200660347671));
#2775=CARTESIAN_POINT('Ctrl Pts',(22.301062569264,18.7592051195145,62.1480367232208));
#2776=CARTESIAN_POINT('Ctrl Pts',(23.4275361299548,18.6443329812249,61.9757959662389));
#2777=CARTESIAN_POINT('Ctrl Pts',(25.0231632391085,18.4816189111059,61.7318204032679));
#2778=CARTESIAN_POINT('Ctrl Pts',(26.6215726570951,18.3183771534198,61.4874193941785));
#2779=CARTESIAN_POINT('Ctrl Pts',(28.220296067415,18.1551372447599,61.2429703923758));
#2780=CARTESIAN_POINT('Ctrl Pts',(28.6153875311611,18.1147958736147,61.1825598715127));
#2781=CARTESIAN_POINT('Ctrl Pts',(29.0104980094958,18.074454638421,61.1221464440866));
#2782=CARTESIAN_POINT('Ctrl Pts',(29.4055893360424,18.0341216635526,61.0617359450306));
#2783=CARTESIAN_POINT('Ctrl Pts',(30.0638126226646,17.9669268113922,60.9610918798149));
#2784=CARTESIAN_POINT('Ctrl Pts',(30.730607623916,17.8988742355148,60.8591371642058));
#2785=CARTESIAN_POINT('Ctrl Pts',(31.402879418453,17.8303020855631,60.7563450580865));
#2786=CARTESIAN_POINT('',(36.0578218947035,17.3676825532958,59.8427841909704));
#2787=CARTESIAN_POINT('Ctrl Pts',(36.0578218947035,17.3676825532958,59.8427841909704));
#2788=CARTESIAN_POINT('Ctrl Pts',(35.8905390855452,17.3847913712499,59.8683710971229));
#2789=CARTESIAN_POINT('Ctrl Pts',(35.723284707267,17.4018596709549,59.8947244444979));
#2790=CARTESIAN_POINT('Ctrl Pts',(34.1608388790818,17.5609166908322,60.1481148975613));
#2791=CARTESIAN_POINT('Ctrl Pts',(32.7755493866382,17.6989904842702,60.4265515894495));
#2792=CARTESIAN_POINT('Ctrl Pts',(31.402879418453,17.8303020855631,60.7563450580865));
#2793=CARTESIAN_POINT('',(38.6546140872742,17.1026100264054,59.4456019332041));
#2794=CARTESIAN_POINT('Ctrl Pts',(38.6546140872742,17.1026100264054,59.4456019332041));
#2795=CARTESIAN_POINT('Ctrl Pts',(37.7960274337888,17.1900637535995,59.576920664583));
#2796=CARTESIAN_POINT('Ctrl Pts',(36.9277850944746,17.278707507464,59.7097192721356));
#2797=CARTESIAN_POINT('Ctrl Pts',(36.0577285403921,17.3676921878343,59.8427984721049));
#2798=CARTESIAN_POINT('Ctrl Pts',(38.7288341829165,17.0950496669115,59.4342711425283));
#2799=CARTESIAN_POINT('Ctrl Pts',(38.7040931516768,17.0975700486441,59.438041073677));
#2800=CARTESIAN_POINT('Ctrl Pts',(38.6793526975225,17.1000899974152,59.4418226866824));
#2801=CARTESIAN_POINT('Ctrl Pts',(38.654614087274,17.1026100264054,59.4456019332041));
#2802=CARTESIAN_POINT('Ctrl Pts',(19.8087314453655,18.522298158393,65.0832730574442));
#2803=CARTESIAN_POINT('Ctrl Pts',(19.4820145437312,18.5439163749012,65.2087538515244));
#2804=CARTESIAN_POINT('Ctrl Pts',(18.9455658774153,18.5518521851001,65.3950906620388));
#2805=CARTESIAN_POINT('Ctrl Pts',(17.7808343792765,18.4767088804494,65.7386926847498));
#2806=CARTESIAN_POINT('Ctrl Pts',(16.9634901994337,18.3197576695795,65.9134909018287));
#2807=CARTESIAN_POINT('Ctrl Pts',(16.3144937965608,18.1196232338455,66.0139283197805));
#2808=CARTESIAN_POINT('Ctrl Pts',(19.789334419391,18.5982252495347,65.0198403192973));
#2809=CARTESIAN_POINT('Ctrl Pts',(19.4616910265471,18.6189576692903,65.1456372738381));
#2810=CARTESIAN_POINT('Ctrl Pts',(18.9237162354652,18.6254606640056,65.3323842289769));
#2811=CARTESIAN_POINT('Ctrl Pts',(17.7555757825757,18.5472552686673,65.6764838188892));
#2812=CARTESIAN_POINT('Ctrl Pts',(16.9356830301085,18.3882128287971,65.8511657327246));
#2813=CARTESIAN_POINT('Ctrl Pts',(16.2844350087817,18.1863258801289,65.951154707633));
#2814=CARTESIAN_POINT('Ctrl Pts',(19.7699373934164,18.6741523406764,64.9564075811503));
#2815=CARTESIAN_POINT('Ctrl Pts',(19.441367509363,18.6939989636794,65.0825206961517));
#2816=CARTESIAN_POINT('Ctrl Pts',(18.9018665935152,18.6990691429111,65.2696777959151));
#2817=CARTESIAN_POINT('Ctrl Pts',(17.730317185875,18.6178016568851,65.6142749530286));
#2818=CARTESIAN_POINT('Ctrl Pts',(16.9078758607833,18.4566679880147,65.7888405636205));
#2819=CARTESIAN_POINT('Ctrl Pts',(16.2543762210026,18.2530285264123,65.8883810954855));
#2820=CARTESIAN_POINT('Ctrl Pts',(19.7505403674418,18.750079431818,64.8929748430034));
#2821=CARTESIAN_POINT('Ctrl Pts',(19.4210439921789,18.7690402580685,65.0194041184653));
#2822=CARTESIAN_POINT('Ctrl Pts',(18.8800169515651,18.7726776218165,65.2069713628532));
#2823=CARTESIAN_POINT('Ctrl Pts',(17.7050585891742,18.688348045103,65.552066087168));
#2824=CARTESIAN_POINT('Ctrl Pts',(16.8800686914581,18.5251231472323,65.7265153945164));
#2825=CARTESIAN_POINT('Ctrl Pts',(16.2243174332236,18.3197311726956,65.825607483338));
#2826=CARTESIAN_POINT('',(19.7505403674418,18.750079431818,64.8929748430034));
#2827=CARTESIAN_POINT('',(19.8087314453655,18.522298158393,65.0832730574442));
#2828=CARTESIAN_POINT('Ctrl Pts',(19.7505403674418,18.750079431818,64.8929748430034));
#2829=CARTESIAN_POINT('Ctrl Pts',(19.7699373934164,18.6741523406764,64.9564075811503));
#2830=CARTESIAN_POINT('Ctrl Pts',(19.789334419391,18.5982252495347,65.0198403192973));
#2831=CARTESIAN_POINT('Ctrl Pts',(19.8087314453655,18.522298158393,65.0832730574442));
#2832=CARTESIAN_POINT('',(16.2243174332236,18.3197311726956,65.825607483338));
#2833=CARTESIAN_POINT('Ctrl Pts',(19.7505403674418,18.750079431818,64.8929748430034));
#2834=CARTESIAN_POINT('Ctrl Pts',(19.4210439921789,18.7690402580685,65.0194041184653));
#2835=CARTESIAN_POINT('Ctrl Pts',(18.8800169515651,18.7726776218165,65.2069713628532));
#2836=CARTESIAN_POINT('Ctrl Pts',(17.7050585891742,18.688348045103,65.552066087168));
#2837=CARTESIAN_POINT('Ctrl Pts',(16.8800686914581,18.5251231472323,65.7265153945164));
#2838=CARTESIAN_POINT('Ctrl Pts',(16.2243174332236,18.3197311726956,65.825607483338));
#2839=CARTESIAN_POINT('',(16.3144937965608,18.1196232338455,66.0139283197805));
#2840=CARTESIAN_POINT('',(16.2243174332236,18.3197311726956,65.825607483338));
#2841=CARTESIAN_POINT('Ctrl Pts',(16.3144937965608,18.1196232338455,66.0139283197805));
#2842=CARTESIAN_POINT('Ctrl Pts',(16.9634901994337,18.3197576695795,65.9134909018287));
#2843=CARTESIAN_POINT('Ctrl Pts',(17.7808343792765,18.4767088804494,65.7386926847498));
#2844=CARTESIAN_POINT('Ctrl Pts',(18.9455658774153,18.5518521851001,65.3950906620388));
#2845=CARTESIAN_POINT('Ctrl Pts',(19.4820145437312,18.5439163749012,65.2087538515244));
#2846=CARTESIAN_POINT('Ctrl Pts',(19.8087314453655,18.522298158393,65.0832730574442));
#2847=CARTESIAN_POINT('Ctrl Pts',(38.6546140872742,17.1026100264054,59.4456019332041));
#2848=CARTESIAN_POINT('Ctrl Pts',(38.6793531958717,17.1000901558186,59.4418181469744));
#2849=CARTESIAN_POINT('Ctrl Pts',(38.704092494039,17.097570115638,59.438041173885));
#2850=CARTESIAN_POINT('Ctrl Pts',(38.7288341829165,17.0950496669115,59.4342711425283));
#2851=CARTESIAN_POINT('Ctrl Pts',(38.6577079817866,17.0321544922502,59.512440166248));
#2852=CARTESIAN_POINT('Ctrl Pts',(38.6822439554174,17.0296610887811,59.5086878104547));
#2853=CARTESIAN_POINT('Ctrl Pts',(38.7067763140458,17.0271318843493,59.504940568822));
#2854=CARTESIAN_POINT('Ctrl Pts',(38.7313062921402,17.0245667492294,59.5011985626984));
#2855=CARTESIAN_POINT('Ctrl Pts',(38.6608018762991,16.9616989580949,59.5792783992919));
#2856=CARTESIAN_POINT('Ctrl Pts',(38.6851347149632,16.9592320217435,59.5755574739349));
#2857=CARTESIAN_POINT('Ctrl Pts',(38.7094601340527,16.9566936530607,59.5718399637591));
#2858=CARTESIAN_POINT('Ctrl Pts',(38.7337784013638,16.9540838315473,59.5681259828685));
#2859=CARTESIAN_POINT('Ctrl Pts',(38.6638957708115,16.8912434239397,59.6461166323358));
#2860=CARTESIAN_POINT('Ctrl Pts',(38.688025474509,16.8888029547059,59.6424271374152));
#2861=CARTESIAN_POINT('Ctrl Pts',(38.7121439540595,16.886255421772,59.6387393586962));
#2862=CARTESIAN_POINT('Ctrl Pts',(38.7362505105875,16.8836009138652,59.6350534030385));
#2863=CARTESIAN_POINT('',(38.6638957708115,16.8912434239397,59.6461166323358));
#2864=CARTESIAN_POINT('Ctrl Pts',(38.6638957708115,16.8912434239397,59.6461166323358));
#2865=CARTESIAN_POINT('Ctrl Pts',(38.6608018762991,16.9616989580949,59.5792783992919));
#2866=CARTESIAN_POINT('Ctrl Pts',(38.6577079817866,17.0321544922502,59.512440166248));
#2867=CARTESIAN_POINT('Ctrl Pts',(38.6546140872742,17.1026100264054,59.4456019332041));
#2868=CARTESIAN_POINT('',(38.7362505105875,16.8836009138652,59.6350534030385));
#2869=CARTESIAN_POINT('Ctrl Pts',(38.6638957708115,16.8912434239397,59.6461166323358));
#2870=CARTESIAN_POINT('Ctrl Pts',(38.688025474509,16.8888029547059,59.6424271374152));
#2871=CARTESIAN_POINT('Ctrl Pts',(38.7121439540595,16.886255421772,59.6387393586962));
#2872=CARTESIAN_POINT('Ctrl Pts',(38.7362505105875,16.8836009138652,59.6350534030385));
#2873=CARTESIAN_POINT('',(38.7288341829165,17.0950496669115,59.4342711425283));
#2874=CARTESIAN_POINT('Ctrl Pts',(38.7288341829165,17.0950496669115,59.4342711425283));
#2875=CARTESIAN_POINT('Ctrl Pts',(39.9481431306421,16.970838029637,59.2484781277863));
#2876=CARTESIAN_POINT('Ctrl Pts',(42.3268482503658,16.1836056398412,58.8875972801178));
#2877=CARTESIAN_POINT('Ctrl Pts',(45.0932772309102,13.5783223319972,58.4703000226468));
#2878=CARTESIAN_POINT('Ctrl Pts',(46.5022997727362,10.0433802990214,58.2580812497696));
#2879=CARTESIAN_POINT('Ctrl Pts',(46.2684291508183,4.93120668596005,58.2927902879583));
#2880=CARTESIAN_POINT('Ctrl Pts',(43.0142627498301,1.04625355436836,58.7819292999046));
#2881=CARTESIAN_POINT('Ctrl Pts',(39.4046966398336,0.0702511063642537,59.3307069203415));
#2882=CARTESIAN_POINT('Ctrl Pts',(38.1897253226298,2.57086607893723E-16,
59.5162980478204));
#2883=CARTESIAN_POINT('Ctrl Pts',(37.8838411017035,-6.93889390390723E-17,
59.5630648325359));
#2884=CARTESIAN_POINT('Ctrl Pts',(38.7313062921402,17.0245667492294,59.5011985626984));
#2885=CARTESIAN_POINT('Ctrl Pts',(39.9401818028611,16.8981528969131,59.3167866750705));
#2886=CARTESIAN_POINT('Ctrl Pts',(42.2955597058122,16.1116568479507,58.9585294873447));
#2887=CARTESIAN_POINT('Ctrl Pts',(45.0297945625355,13.5271376629524,58.5442558016576));
#2888=CARTESIAN_POINT('Ctrl Pts',(46.4212696027493,10.0276777426634,58.3336452658486));
#2889=CARTESIAN_POINT('Ctrl Pts',(46.1908029730035,4.96976759414993,58.3681839556135));
#2890=CARTESIAN_POINT('Ctrl Pts',(42.9777808298937,1.11849266437887,58.8538424218575));
#2891=CARTESIAN_POINT('Ctrl Pts',(39.4020386937169,0.140480304743382,59.3984930999532));
#2892=CARTESIAN_POINT('Ctrl Pts',(38.1968712538626,0.0675878324415219,59.5826455790357));
#2893=CARTESIAN_POINT('Ctrl Pts',(37.8933756271148,0.0667607553389307,59.6290483794922));
#2894=CARTESIAN_POINT('Ctrl Pts',(38.7337784013638,16.9540838315473,59.5681259828685));
#2895=CARTESIAN_POINT('Ctrl Pts',(39.9322204750801,16.8254677641893,59.3850952223547));
#2896=CARTESIAN_POINT('Ctrl Pts',(42.2642711612587,16.0397080560602,59.0294616945716));
#2897=CARTESIAN_POINT('Ctrl Pts',(44.9663118941609,13.4759529939075,58.6182115806684));
#2898=CARTESIAN_POINT('Ctrl Pts',(46.3402394327625,10.0119751863053,58.4092092819276));
#2899=CARTESIAN_POINT('Ctrl Pts',(46.1131767951887,5.00832850233982,58.4435776232687));
#2900=CARTESIAN_POINT('Ctrl Pts',(42.9412989099573,1.19073177438939,58.9257555438104));
#2901=CARTESIAN_POINT('Ctrl Pts',(39.3993807476,0.210709503122509,59.4662792795649));
#2902=CARTESIAN_POINT('Ctrl Pts',(38.2040171850954,0.135175664883043,59.648993110251));
#2903=CARTESIAN_POINT('Ctrl Pts',(37.9029101525261,0.133521510677861,59.6950319264486));
#2904=CARTESIAN_POINT('Ctrl Pts',(38.7362505105875,16.8836009138652,59.6350534030385));
#2905=CARTESIAN_POINT('Ctrl Pts',(39.9242591472991,16.7527826314655,59.4534037696389));
#2906=CARTESIAN_POINT('Ctrl Pts',(42.2329826167051,15.9677592641696,59.1003939017986));
#2907=CARTESIAN_POINT('Ctrl Pts',(44.9028292257863,13.4247683248627,58.6921673596791));
#2908=CARTESIAN_POINT('Ctrl Pts',(46.2592092627756,9.99627262994727,58.4847732980066));
#2909=CARTESIAN_POINT('Ctrl Pts',(46.0355506173738,5.0468894105297,58.5189712909238));
#2910=CARTESIAN_POINT('Ctrl Pts',(42.9048169900209,1.2629708843999,58.9976686657633));
#2911=CARTESIAN_POINT('Ctrl Pts',(39.3967228014833,0.280938701501637,59.5340654591765));
#2912=CARTESIAN_POINT('Ctrl Pts',(38.2111631163282,0.202763497324565,59.7153406414663));
#2913=CARTESIAN_POINT('Ctrl Pts',(37.9124446779374,0.200282266016792,59.7610154734049));
#2914=CARTESIAN_POINT('',(37.9124446779374,0.200282266016792,59.7610154734049));
#2915=CARTESIAN_POINT('Ctrl Pts',(38.7362505105875,16.8836009138652,59.6350534030385));
#2916=CARTESIAN_POINT('Ctrl Pts',(39.9242591472991,16.7527826314655,59.4534037696389));
#2917=CARTESIAN_POINT('Ctrl Pts',(42.2329826167051,15.9677592641696,59.1003939017986));
#2918=CARTESIAN_POINT('Ctrl Pts',(44.9028292257863,13.4247683248627,58.6921673596791));
#2919=CARTESIAN_POINT('Ctrl Pts',(46.2592092627756,9.99627262994727,58.4847732980066));
#2920=CARTESIAN_POINT('Ctrl Pts',(46.0355506173738,5.0468894105297,58.5189712909238));
#2921=CARTESIAN_POINT('Ctrl Pts',(42.9048169900209,1.2629708843999,58.9976686657633));
#2922=CARTESIAN_POINT('Ctrl Pts',(39.3967228014833,0.280938701501637,59.5340654591765));
#2923=CARTESIAN_POINT('Ctrl Pts',(38.2111631163282,0.202763497324565,59.7153406414663));
#2924=CARTESIAN_POINT('Ctrl Pts',(37.9124446779374,0.200282266016792,59.7610154734049));
#2925=CARTESIAN_POINT('',(37.9124446779374,0.200282266016792,59.7610154734049));
#2926=CARTESIAN_POINT('Ctrl Pts',(35.5851465096004,17.4160403151826,59.9150823988338));
#2927=CARTESIAN_POINT('Ctrl Pts',(36.6131586988861,17.3108361802632,59.7578418198284));
#2928=CARTESIAN_POINT('Ctrl Pts',(37.6406201216343,17.2058931968199,59.6006898333632));
#2929=CARTESIAN_POINT('Ctrl Pts',(38.6546140872742,17.1026100264054,59.4456019332041));
#2930=CARTESIAN_POINT('Ctrl Pts',(35.5881281064086,17.3448582580883,59.9818875257186));
#2931=CARTESIAN_POINT('Ctrl Pts',(36.6161763623266,17.2398984146803,59.8246597059118));
#2932=CARTESIAN_POINT('Ctrl Pts',(37.6436753671203,17.1351988386605,59.6675187873034));
#2933=CARTESIAN_POINT('Ctrl Pts',(38.6577079817866,17.0321544922502,59.512440166248));
#2934=CARTESIAN_POINT('Ctrl Pts',(35.5911097032168,17.2736762009939,60.0486926526035));
#2935=CARTESIAN_POINT('Ctrl Pts',(36.6191940257672,17.1689606490974,59.8914775919952));
#2936=CARTESIAN_POINT('Ctrl Pts',(37.6467306126062,17.0645044805011,59.7343477412435));
#2937=CARTESIAN_POINT('Ctrl Pts',(38.6608018762991,16.961698958095,59.5792783992919));
#2938=CARTESIAN_POINT('Ctrl Pts',(35.594091300025,17.2024941438996,60.1154977794884));
#2939=CARTESIAN_POINT('Ctrl Pts',(36.6222116892078,17.0980228835144,59.9582954780786));
#2940=CARTESIAN_POINT('Ctrl Pts',(37.6497858580922,16.9938101223417,59.8011766951837));
#2941=CARTESIAN_POINT('Ctrl Pts',(38.6638957708115,16.8912434239397,59.6461166323358));
#2942=CARTESIAN_POINT('',(35.594091300025,17.2024941438996,60.1154977794884));
#2943=CARTESIAN_POINT('Ctrl Pts',(36.0577285403566,17.3676921878379,59.8427984721104));
#2944=CARTESIAN_POINT('Ctrl Pts',(36.0564874937807,17.3678190672229,59.8429883417329));
#2945=CARTESIAN_POINT('Ctrl Pts',(36.0552423024314,17.3679451221328,59.8431800323706));
#2946=CARTESIAN_POINT('Ctrl Pts',(36.0539972556517,17.368069873693,59.8433729261004));
#2947=CARTESIAN_POINT('Ctrl Pts',(36.0526695362992,17.3682029089038,59.8435786282011));
#2948=CARTESIAN_POINT('Ctrl Pts',(36.0513418401807,17.3683344824751,59.8437857142593));
#2949=CARTESIAN_POINT('Ctrl Pts',(36.0500142541915,17.3684645527625,59.8439942020614));
#2950=CARTESIAN_POINT('Ctrl Pts',(36.046617979851,17.3687973028693,59.8445275624452));
#2951=CARTESIAN_POINT('Ctrl Pts',(36.0432214957075,17.3691203058249,59.8450702427602));
#2952=CARTESIAN_POINT('Ctrl Pts',(36.0398262722011,17.3694328466969,59.8456225536661));
#2953=CARTESIAN_POINT('Ctrl Pts',(36.0320734323977,17.3701465196872,59.8468837307188));
#2954=CARTESIAN_POINT('Ctrl Pts',(36.0243156815933,17.3708066990932,59.8481969913149));
#2955=CARTESIAN_POINT('Ctrl Pts',(36.0165708665941,17.3714043572995,59.849566437611));
#2956=CARTESIAN_POINT('Ctrl Pts',(35.9609196517823,17.3756988956746,59.8594067436745));
#2957=CARTESIAN_POINT('Ctrl Pts',(35.9101439647706,17.3764664509781,59.8713795916171));
#2958=CARTESIAN_POINT('Ctrl Pts',(35.8640501914134,17.3721766581722,59.886981932477));
#2959=CARTESIAN_POINT('Ctrl Pts',(35.8219666248527,17.3682600818555,59.9012268532603));
#2960=CARTESIAN_POINT('Ctrl Pts',(35.7827167592125,17.3600082121987,59.9188782204949));
#2961=CARTESIAN_POINT('Ctrl Pts',(35.7470592055774,17.3454886896197,59.9415765329374));
#2962=CARTESIAN_POINT('Ctrl Pts',(35.7183907559073,17.3338150844546,59.9598258338994));
#2963=CARTESIAN_POINT('Ctrl Pts',(35.6937598118312,17.3187929182453,59.9802412588137));
#2964=CARTESIAN_POINT('Ctrl Pts',(35.6722376436172,17.3008380145389,60.0026595963359));
#2965=CARTESIAN_POINT('Ctrl Pts',(35.642384542531,17.2759330165845,60.0337557614426));
#2966=CARTESIAN_POINT('Ctrl Pts',(35.6165022500895,17.2437324530225,60.0707767927309));
#2967=CARTESIAN_POINT('Ctrl Pts',(35.5940913000381,17.2024941439022,60.1154977794826));
#2968=CARTESIAN_POINT('',(35.6021800797333,17.2016722160905,60.1142609838766));
#2969=CARTESIAN_POINT('Ctrl Pts',(35.594091300025,17.2024941438996,60.1154977794884));
#2970=CARTESIAN_POINT('Ctrl Pts',(35.5967875573488,17.2022201668401,60.1150855146788));
#2971=CARTESIAN_POINT('Ctrl Pts',(35.599483810916,17.2019461915586,60.1146732504436));
#2972=CARTESIAN_POINT('Ctrl Pts',(35.6021800604936,17.2016722180799,60.1142609868184));
#2973=CARTESIAN_POINT('Ctrl Pts',(35.6021800604936,17.2016722180799,60.1142609868184));
#2974=CARTESIAN_POINT('Ctrl Pts',(36.6276012463164,17.0974762965507,59.9574714006749));
#2975=CARTESIAN_POINT('Ctrl Pts',(37.6524453727835,16.9935411400176,59.8007700484189));
#2976=CARTESIAN_POINT('Ctrl Pts',(38.6638957708115,16.8912434239397,59.6461166323358));
#2977=CARTESIAN_POINT('Ctrl Pts',(31.4306476952308,17.6121009949286,60.9582337875641));
#2978=CARTESIAN_POINT('Ctrl Pts',(27.8026576447906,17.9566952866981,61.830472273761));
#2979=CARTESIAN_POINT('Ctrl Pts',(24.2637422479051,18.2532874799856,63.0611946161341));
#2980=CARTESIAN_POINT('Ctrl Pts',(20.862212832148,18.4561026375831,64.6374736345531));
#2981=CARTESIAN_POINT('Ctrl Pts',(31.4213916029715,17.6848346918068,60.8909375444049));
#2982=CARTESIAN_POINT('Ctrl Pts',(27.7885244450862,18.0307170353211,61.7641515412135));
#2983=CARTESIAN_POINT('Ctrl Pts',(24.2446347603277,18.3284962011997,62.9968815324863));
#2984=CARTESIAN_POINT('Ctrl Pts',(20.8381200716451,18.5322502525084,64.5756993833638));
#2985=CARTESIAN_POINT('Ctrl Pts',(31.4121355107122,17.7575683886849,60.8236413012457));
#2986=CARTESIAN_POINT('Ctrl Pts',(27.7743912453817,18.1047387839441,61.6978308086661));
#2987=CARTESIAN_POINT('Ctrl Pts',(24.2255272727502,18.4037049224138,62.9325684488385));
#2988=CARTESIAN_POINT('Ctrl Pts',(20.8140273111421,18.6083978674337,64.5139251321744));
#2989=CARTESIAN_POINT('Ctrl Pts',(31.402879418453,17.8303020855631,60.7563450580865));
#2990=CARTESIAN_POINT('Ctrl Pts',(27.7602580456773,18.1787605325671,61.6315100761186));
#2991=CARTESIAN_POINT('Ctrl Pts',(24.2064197851728,18.4789136436279,62.8682553651907));
#2992=CARTESIAN_POINT('Ctrl Pts',(20.7899345506392,18.684545482359,64.4521508809851));
#2993=CARTESIAN_POINT('',(20.7899345506392,18.6845454823591,64.4521508809851));
#2994=CARTESIAN_POINT('',(20.862212832148,18.4561026375831,64.6374736345531));
#2995=CARTESIAN_POINT('',(20.7899345506392,18.6845454823591,64.4521508809851));
#2996=CARTESIAN_POINT('',(31.4306476952308,17.6121009949286,60.9582337875641));
#2997=CARTESIAN_POINT('Ctrl Pts',(20.862212832148,18.4561026375831,64.6374736345531));
#2998=CARTESIAN_POINT('Ctrl Pts',(24.2637422479051,18.2532874799856,63.0611946161341));
#2999=CARTESIAN_POINT('Ctrl Pts',(27.8026576447906,17.9566952866981,61.830472273761));
#3000=CARTESIAN_POINT('Ctrl Pts',(31.4306476952308,17.6121009949286,60.9582337875641));
#3001=CARTESIAN_POINT('',(31.4306476952308,17.6121009949286,60.9582337875641));
#3002=CARTESIAN_POINT('Ctrl Pts',(31.402879418453,17.8303020855631,60.7563450580865));
#3003=CARTESIAN_POINT('Ctrl Pts',(27.7602580456773,18.1787605325671,61.6315100761186));
#3004=CARTESIAN_POINT('Ctrl Pts',(24.2064197851728,18.4789136436279,62.8682553651907));
#3005=CARTESIAN_POINT('Ctrl Pts',(20.7899345506392,18.684545482359,64.4521508809851));
#3006=CARTESIAN_POINT('Ctrl Pts',(31.402879418453,17.8303020855631,60.7563450580865));
#3007=CARTESIAN_POINT('Ctrl Pts',(32.7755493866382,17.6989904842702,60.4265515894495));
#3008=CARTESIAN_POINT('Ctrl Pts',(34.1608388790818,17.5609166908322,60.1481148975613));
#3009=CARTESIAN_POINT('Ctrl Pts',(35.723284707267,17.4018596709549,59.8947244444979));
#3010=CARTESIAN_POINT('Ctrl Pts',(35.8905390855452,17.3847913712499,59.8683710971229));
#3011=CARTESIAN_POINT('Ctrl Pts',(36.0578218947035,17.3676825532958,59.8427841909704));
#3012=CARTESIAN_POINT('Ctrl Pts',(31.4121355107122,17.7575683886849,60.8236413012457));
#3013=CARTESIAN_POINT('Ctrl Pts',(32.7829241209044,17.6267469995571,60.4938982540253));
#3014=CARTESIAN_POINT('Ctrl Pts',(34.166537896116,17.4891575252592,60.216768254613));
#3015=CARTESIAN_POINT('Ctrl Pts',(35.7265452674084,17.3306715906246,59.9605638744246));
#3016=CARTESIAN_POINT('Ctrl Pts',(35.8934973181169,17.3136773105381,59.933574349262));
#3017=CARTESIAN_POINT('Ctrl Pts',(36.0604824709828,17.296650880724,59.9073604893078));
#3018=CARTESIAN_POINT('Ctrl Pts',(31.4213916029715,17.6848346918068,60.8909375444049));
#3019=CARTESIAN_POINT('Ctrl Pts',(32.790429323779,17.5544890301966,60.5621964761794));
#3020=CARTESIAN_POINT('Ctrl Pts',(34.1723997129649,17.4173325103167,60.2867628997974));
#3021=CARTESIAN_POINT('Ctrl Pts',(35.7297854210811,17.2594905170861,60.0262389895328));
#3022=CARTESIAN_POINT('Ctrl Pts',(35.8964755248493,17.2425561924374,59.9989381065777));
#3023=CARTESIAN_POINT('Ctrl Pts',(36.0631430472621,17.2256192081523,59.9719367876451));
#3024=CARTESIAN_POINT('Ctrl Pts',(31.4306476952308,17.6121009949286,60.9582337875641));
#3025=CARTESIAN_POINT('Ctrl Pts',(32.7978040580452,17.4822455454836,60.6295431407551));
#3026=CARTESIAN_POINT('Ctrl Pts',(34.1780987299991,17.3455733447437,60.3554162568491));
#3027=CARTESIAN_POINT('Ctrl Pts',(35.7330459812226,17.1883024367558,60.0920784194595));
#3028=CARTESIAN_POINT('Ctrl Pts',(35.899433757421,17.1714421317256,60.0641413587169));
#3029=CARTESIAN_POINT('Ctrl Pts',(36.0658036235414,17.1545875355806,60.0365130859824));
#3030=CARTESIAN_POINT('',(35.601877761537,17.2015682888865,60.1143072091209));
#3031=CARTESIAN_POINT('Ctrl Pts',(31.4306476952308,17.6121009949286,60.9582337875641));
#3032=CARTESIAN_POINT('Ctrl Pts',(32.7978040580452,17.4822455454836,60.6295431407551));
#3033=CARTESIAN_POINT('Ctrl Pts',(34.1780987299991,17.3455733447437,60.3554162568491));
#3034=CARTESIAN_POINT('Ctrl Pts',(35.5784577428458,17.2039378434197,60.1182586852839));
#3035=CARTESIAN_POINT('Ctrl Pts',(35.5901666502081,17.2027534218672,60.1162769224132));
#3036=CARTESIAN_POINT('Ctrl Pts',(35.6018759710371,17.2015688148554,60.1142963091616));
#3037=CARTESIAN_POINT('Ctrl Pts',(35.6018777615368,17.2015682888865,60.114307209121));
#3038=CARTESIAN_POINT('Ctrl Pts',(35.5992811768279,17.2018769586129,60.1147042337266));
#3039=CARTESIAN_POINT('Ctrl Pts',(35.5966856929673,17.2021855763947,60.1151010900096));
#3040=CARTESIAN_POINT('Ctrl Pts',(35.5940913000249,17.2024941438996,60.1154977794884));
#3041=CARTESIAN_POINT('Origin',(38.9140650677969,0.1,59.5067028843889));
#3042=CARTESIAN_POINT('',(31.8990456742305,0.2,60.6804799375124));
#3043=CARTESIAN_POINT('',(31.8688164760252,0.,60.4827776472478));
#3044=CARTESIAN_POINT('',(31.8990456742305,0.2,60.6804799375124));
#3045=CARTESIAN_POINT('',(37.8142462457109,0.,59.5737058571167));
#3046=CARTESIAN_POINT('',(38.8989504686943,0.,59.4078517392566));
#3047=CARTESIAN_POINT('',(37.8444754439162,0.2,59.7714081473813));
#3048=CARTESIAN_POINT('',(37.8142462457109,0.,59.5737058571167));
#3049=CARTESIAN_POINT('',(38.9291796668996,0.2,59.6055540295212));
#3050=CARTESIAN_POINT('Origin',(36.9624363736274,0.1,93.79561355683));
#3051=CARTESIAN_POINT('',(21.9712611301268,0.2,63.8370644461228));
#3052=CARTESIAN_POINT('',(21.8817615764343,0.,63.6582074365067));
#3053=CARTESIAN_POINT('',(21.9712611301268,0.2,63.8370644461228));
#3054=CARTESIAN_POINT('Origin',(36.9624363736274,0.,93.79561355683));
#3055=CARTESIAN_POINT('Origin',(36.9624363736274,0.2,93.79561355683));
#3056=CARTESIAN_POINT('Origin',(10.0006958237495,0.1,39.9149394099611));
#3057=CARTESIAN_POINT('',(19.0611314160455,0.2,65.0837893415304));
#3058=CARTESIAN_POINT('',(18.9933898415237,-3.29507111305258E-16,64.895611024285));
#3059=CARTESIAN_POINT('',(19.0611314160455,0.2,65.0837893415304));
#3060=CARTESIAN_POINT('Origin',(10.0006958237495,0.,39.9149394099611));
#3061=CARTESIAN_POINT('Origin',(10.0006958237495,0.2,39.9149394099611));
#3062=CARTESIAN_POINT('Ctrl Pts',(37.8838411017035,0.,59.5630648325359));
#3063=CARTESIAN_POINT('Ctrl Pts',(37.8606462887987,0.,59.5666110985654));
#3064=CARTESIAN_POINT('Ctrl Pts',(37.8374486145884,0.,59.5701581541199));
#3065=CARTESIAN_POINT('Ctrl Pts',(37.8142462457109,0.,59.5737058571167));
#3066=CARTESIAN_POINT('Ctrl Pts',(37.8933756271148,0.0667607553389308,59.6290483794922));
#3067=CARTESIAN_POINT('Ctrl Pts',(37.8703619209163,0.0666980391334833,59.6325670426801));
#3068=CARTESIAN_POINT('Ctrl Pts',(37.8473446665271,0.0666666633163076,59.6360864881072));
#3069=CARTESIAN_POINT('Ctrl Pts',(37.8243226451127,0.0666666666666667,59.6396066205382));
#3070=CARTESIAN_POINT('Ctrl Pts',(37.9029101525261,0.133521510677862,59.6950319264486));
#3071=CARTESIAN_POINT('Ctrl Pts',(37.8800776051255,0.133396078257065,59.6985229939242));
#3072=CARTESIAN_POINT('Ctrl Pts',(37.8577817608551,0.133333336683692,59.7019321103972));
#3073=CARTESIAN_POINT('Ctrl Pts',(37.8343990445144,0.133333333333333,59.7055073839597));
#3074=CARTESIAN_POINT('Ctrl Pts',(37.9124446779374,0.200282266016792,59.7610154734049));
#3075=CARTESIAN_POINT('Ctrl Pts',(37.889793237243,0.200094117390548,59.7644789380389));
#3076=CARTESIAN_POINT('Ctrl Pts',(37.8676778127938,0.2,59.7678604443845));
#3077=CARTESIAN_POINT('Ctrl Pts',(37.8444754439162,0.2,59.7714081473813));
#3078=CARTESIAN_POINT('Ctrl Pts',(37.8142462457109,0.,59.5737058571167));
#3079=CARTESIAN_POINT('Ctrl Pts',(37.8374486145884,0.,59.5701581541199));
#3080=CARTESIAN_POINT('Ctrl Pts',(37.8606462887987,0.,59.5666110985654));
#3081=CARTESIAN_POINT('Ctrl Pts',(37.8838411017035,0.,59.5630648325359));
#3082=CARTESIAN_POINT('Ctrl Pts',(37.9124446779374,0.200282266016792,59.7610154734049));
#3083=CARTESIAN_POINT('Ctrl Pts',(37.889793237243,0.200094117390548,59.7644789380389));
#3084=CARTESIAN_POINT('Ctrl Pts',(37.8676778127938,0.2,59.7678604443845));
#3085=CARTESIAN_POINT('Ctrl Pts',(37.8444754439162,0.2,59.7714081473813));
#3086=CARTESIAN_POINT('Ctrl Pts',(14.1091278092359,1.62174021662507,66.3475572640563));
#3087=CARTESIAN_POINT('Ctrl Pts',(14.8437263229923,1.15081841785471,66.2333783338018));
#3088=CARTESIAN_POINT('Ctrl Pts',(16.4564960040473,0.427663117805082,65.9169087415897));
#3089=CARTESIAN_POINT('Ctrl Pts',(18.1418096741236,0.199999999999999,65.4116089681434));
#3090=CARTESIAN_POINT('Ctrl Pts',(18.98188855814,0.199999999999998,65.1121749144313));
#3091=CARTESIAN_POINT('Ctrl Pts',(14.067522139849,1.57113937555643,66.2868484360211));
#3092=CARTESIAN_POINT('Ctrl Pts',(14.8053798609109,1.09714395095178,66.1730854669333));
#3093=CARTESIAN_POINT('Ctrl Pts',(16.424626274313,0.368440454498894,65.8567922021145));
#3094=CARTESIAN_POINT('Ctrl Pts',(18.1161713349969,0.135815526974513,65.3499766687051));
#3095=CARTESIAN_POINT('Ctrl Pts',(18.9595055536256,0.133443096136523,65.049378150936));
#3096=CARTESIAN_POINT('Ctrl Pts',(14.0259164704622,1.52053853448779,66.2261396079859));
#3097=CARTESIAN_POINT('Ctrl Pts',(14.7670333988294,1.04346948404885,66.1127926000648));
#3098=CARTESIAN_POINT('Ctrl Pts',(16.3927565445786,0.309217791192706,65.7966756626393));
#3099=CARTESIAN_POINT('Ctrl Pts',(18.0905329958703,0.0716310539490272,65.2883443692667));
#3100=CARTESIAN_POINT('Ctrl Pts',(18.9371225491112,0.066886192273047,64.9865813874408));
#3101=CARTESIAN_POINT('Ctrl Pts',(13.9843108010753,1.46993769341915,66.1654307799507));
#3102=CARTESIAN_POINT('Ctrl Pts',(14.728686936748,0.989795017145918,66.0524997331963));
#3103=CARTESIAN_POINT('Ctrl Pts',(16.3608868148443,0.249995127886518,65.7365591231641));
#3104=CARTESIAN_POINT('Ctrl Pts',(18.0648946567436,0.00744658092354144,
65.2267120698284));
#3105=CARTESIAN_POINT('Ctrl Pts',(18.9147395445968,0.000329288409571422,
64.9237846239455));
#3106=CARTESIAN_POINT('',(18.9147395445968,0.000329288409571422,64.9237846239455));
#3107=CARTESIAN_POINT('',(18.98188855814,0.199999999999998,65.1121749144313));
#3108=CARTESIAN_POINT('',(18.9147395445968,0.000329288409571422,64.9237846239455));
#3109=CARTESIAN_POINT('',(14.1091278092359,1.62174021662507,66.3475572640563));
#3110=CARTESIAN_POINT('Ctrl Pts',(18.98188855814,0.199999999999998,65.1121749144313));
#3111=CARTESIAN_POINT('Ctrl Pts',(18.1418096741236,0.199999999999999,65.4116089681434));
#3112=CARTESIAN_POINT('Ctrl Pts',(16.4564960040473,0.427663117805082,65.9169087415897));
#3113=CARTESIAN_POINT('Ctrl Pts',(14.8437263229923,1.15081841785471,66.2333783338018));
#3114=CARTESIAN_POINT('Ctrl Pts',(14.1091278092359,1.62174021662507,66.3475572640563));
#3115=CARTESIAN_POINT('',(13.9843108010753,1.46993769341915,66.1654307799507));
#3116=CARTESIAN_POINT('',(14.1091278092359,1.62174021662507,66.3475572640563));
#3117=CARTESIAN_POINT('Ctrl Pts',(13.9843108010753,1.46993769341915,66.1654307799507));
#3118=CARTESIAN_POINT('Ctrl Pts',(14.728686936748,0.989795017145918,66.0524997331963));
#3119=CARTESIAN_POINT('Ctrl Pts',(16.3608868148443,0.249995127886518,65.7365591231641));
#3120=CARTESIAN_POINT('Ctrl Pts',(18.0648946567436,0.00744658092354144,
65.2267120698284));
#3121=CARTESIAN_POINT('Ctrl Pts',(18.9147395445968,0.000329288409571422,
64.9237846239455));
#3122=CARTESIAN_POINT('Ctrl Pts',(18.9933898415237,-3.28929184245636E-16,
64.895611024285));
#3123=CARTESIAN_POINT('Ctrl Pts',(18.9671878425581,-2.96449035343083E-16,
64.9050433791468));
#3124=CARTESIAN_POINT('Ctrl Pts',(18.9409709731565,0.000109605085253557,
64.9144344239631));
#3125=CARTESIAN_POINT('Ctrl Pts',(18.9147395445968,0.000329288409572567,
64.9237846239455));
#3126=CARTESIAN_POINT('Ctrl Pts',(19.0159703663643,0.0666666666666665,64.9583371300335));
#3127=CARTESIAN_POINT('Ctrl Pts',(18.9897025745576,0.0666666666666665,64.9677931694021));
#3128=CARTESIAN_POINT('Ctrl Pts',(18.9634198851036,0.0667397367235024,64.9772078236957));
#3129=CARTESIAN_POINT('Ctrl Pts',(18.9371225491112,0.0668861922730484,64.9865813874408));
#3130=CARTESIAN_POINT('Ctrl Pts',(19.0385508912049,0.133333333333333,65.021063235782));
#3131=CARTESIAN_POINT('Ctrl Pts',(19.0122173065571,0.133333333333333,65.0305429596575));
#3132=CARTESIAN_POINT('Ctrl Pts',(18.9858687970507,0.133369868361751,65.0399812234283));
#3133=CARTESIAN_POINT('Ctrl Pts',(18.9595055536256,0.133443096136524,65.049378150936));
#3134=CARTESIAN_POINT('Ctrl Pts',(19.0611314160455,0.2,65.0837893415304));
#3135=CARTESIAN_POINT('Ctrl Pts',(19.0347320385566,0.2,65.0932927499128));
#3136=CARTESIAN_POINT('Ctrl Pts',(19.0083177089977,0.2,65.1027546231609));
#3137=CARTESIAN_POINT('Ctrl Pts',(18.98188855814,0.2,65.1121749144313));
#3138=CARTESIAN_POINT('Ctrl Pts',(18.9147395445968,0.000329288409572567,
64.9237846239455));
#3139=CARTESIAN_POINT('Ctrl Pts',(18.9409709731565,0.000109605085253557,
64.9144344239631));
#3140=CARTESIAN_POINT('Ctrl Pts',(18.9671878425581,-2.96449035343083E-16,
64.9050433791468));
#3141=CARTESIAN_POINT('Ctrl Pts',(18.9933898415237,-3.28929184245636E-16,
64.895611024285));
#3142=CARTESIAN_POINT('Ctrl Pts',(19.0611314160455,0.2,65.0837893415304));
#3143=CARTESIAN_POINT('Ctrl Pts',(19.0347320385566,0.2,65.0932927499128));
#3144=CARTESIAN_POINT('Ctrl Pts',(19.0083177089977,0.2,65.1027546231609));
#3145=CARTESIAN_POINT('Ctrl Pts',(18.98188855814,0.2,65.1121749144313));
#3146=CARTESIAN_POINT('Ctrl Pts',(13.87663262225,1.54045839272305,66.1817671453834));
#3147=CARTESIAN_POINT('Ctrl Pts',(12.2112400694983,2.64778478573432,66.4344356325924));
#3148=CARTESIAN_POINT('Ctrl Pts',(9.62644284082573,5.96829545589072,66.8268784329152));
#3149=CARTESIAN_POINT('Ctrl Pts',(9.50253804547516,11.2475689788611,66.8446426531565));
#3150=CARTESIAN_POINT('Ctrl Pts',(11.7349270173017,15.8166858090794,66.5050451454037));
#3151=CARTESIAN_POINT('Ctrl Pts',(14.2664424729881,17.6926330058588,66.1214785294507));
#3152=CARTESIAN_POINT('Ctrl Pts',(16.1671494395381,18.3016200861336,65.8342464491647));
#3153=CARTESIAN_POINT('Ctrl Pts',(13.9188683641645,1.59049964777228,66.2424391824008));
#3154=CARTESIAN_POINT('Ctrl Pts',(12.2630358783159,2.68908496748229,66.4934489651238));
#3155=CARTESIAN_POINT('Ctrl Pts',(9.69136190109913,5.98824737343561,66.8834818519756));
#3156=CARTESIAN_POINT('Ctrl Pts',(9.57019316931706,11.2366392829014,66.9011609927071));
#3157=CARTESIAN_POINT('Ctrl Pts',(11.7931823565607,15.7745141507717,66.5635720799995));
#3158=CARTESIAN_POINT('Ctrl Pts',(14.3101827100988,17.6335174563936,66.1823550901245));
#3159=CARTESIAN_POINT('Ctrl Pts',(16.1976128613799,18.2351375686843,65.8969949272455));
#3160=CARTESIAN_POINT('Ctrl Pts',(13.961104106079,1.64054090282151,66.3031112194181));
#3161=CARTESIAN_POINT('Ctrl Pts',(12.3148316871336,2.73038514923025,66.5524622976553));
#3162=CARTESIAN_POINT('Ctrl Pts',(9.75628096137254,6.00819929098051,66.940085271036));
#3163=CARTESIAN_POINT('Ctrl Pts',(9.63784829315896,11.2257095869417,66.9576793322577));
#3164=CARTESIAN_POINT('Ctrl Pts',(11.8514376958197,15.7323424924639,66.6220990145953));
#3165=CARTESIAN_POINT('Ctrl Pts',(14.3539229472095,17.5744019069285,66.2432316507983));
#3166=CARTESIAN_POINT('Ctrl Pts',(16.2280762832217,18.168655051235,65.9597434053263));
#3167=CARTESIAN_POINT('Ctrl Pts',(14.0033398479935,1.69058215787074,66.3637832564355));
#3168=CARTESIAN_POINT('Ctrl Pts',(12.3666274959512,2.77168533097822,66.6114756301867));
#3169=CARTESIAN_POINT('Ctrl Pts',(9.82120002164594,6.02815120852541,66.9966886900963));
#3170=CARTESIAN_POINT('Ctrl Pts',(9.70550341700086,11.214779890982,67.0141976718082));
#3171=CARTESIAN_POINT('Ctrl Pts',(11.9096930350787,15.6901708341562,66.6806259491911));
#3172=CARTESIAN_POINT('Ctrl Pts',(14.3976631843203,17.5152863574633,66.3041082114721));
#3173=CARTESIAN_POINT('Ctrl Pts',(16.2585397050635,18.1021725337857,66.0224918834071));
#3174=CARTESIAN_POINT('',(13.87663262225,1.54045839272306,66.1817671453834));
#3175=CARTESIAN_POINT('',(14.0033398479935,1.69058215787071,66.3637832564355));
#3176=CARTESIAN_POINT('',(13.87663262225,1.54045839272306,66.1817671453834));
#3177=CARTESIAN_POINT('',(16.2585397050635,18.1021725337857,66.0224918834071));
#3178=CARTESIAN_POINT('Ctrl Pts',(14.0033398479935,1.69058215787074,66.3637832564355));
#3179=CARTESIAN_POINT('Ctrl Pts',(12.3666274959512,2.77168533097822,66.6114756301867));
#3180=CARTESIAN_POINT('Ctrl Pts',(9.82120002164594,6.02815120852541,66.9966886900963));
#3181=CARTESIAN_POINT('Ctrl Pts',(9.70550341700086,11.214779890982,67.0141976718082));
#3182=CARTESIAN_POINT('Ctrl Pts',(11.9096930350787,15.6901708341562,66.6806259491911));
#3183=CARTESIAN_POINT('Ctrl Pts',(14.3976631843203,17.5152863574633,66.3041082114721));
#3184=CARTESIAN_POINT('Ctrl Pts',(16.2585397050635,18.1021725337857,66.0224918834071));
#3185=CARTESIAN_POINT('',(16.1671494395381,18.3016200861336,65.8342464491647));
#3186=CARTESIAN_POINT('',(16.2585397050635,18.1021725337857,66.0224918834071));
#3187=CARTESIAN_POINT('Ctrl Pts',(16.1671494395381,18.3016200861336,65.8342464491647));
#3188=CARTESIAN_POINT('Ctrl Pts',(14.2664424729881,17.6926330058588,66.1214785294507));
#3189=CARTESIAN_POINT('Ctrl Pts',(11.7349270173017,15.8166858090794,66.5050451454037));
#3190=CARTESIAN_POINT('Ctrl Pts',(9.50253804547516,11.2475689788611,66.8446426531565));
#3191=CARTESIAN_POINT('Ctrl Pts',(9.62644284082573,5.96829545589072,66.8268784329152));
#3192=CARTESIAN_POINT('Ctrl Pts',(12.2112400694983,2.64778478573432,66.4344356325924));
#3193=CARTESIAN_POINT('Ctrl Pts',(13.87663262225,1.54045839272305,66.1817671453834));
#3194=CARTESIAN_POINT('Ctrl Pts',(13.9843108010144,1.46993769345844,66.1654307799599));
#3195=CARTESIAN_POINT('Ctrl Pts',(13.9482647023233,1.49318839893557,66.1708994180244));
#3196=CARTESIAN_POINT('Ctrl Pts',(13.9123710665376,1.51669575337446,66.1763450131429));
#3197=CARTESIAN_POINT('Ctrl Pts',(13.87663262225,1.54045839272306,66.1817671453834));
#3198=CARTESIAN_POINT('Ctrl Pts',(14.0259164704216,1.52053853451398,66.226139607992));
#3199=CARTESIAN_POINT('Ctrl Pts',(13.9900853104507,1.54360378810451,66.2316195116998));
#3200=CARTESIAN_POINT('Ctrl Pts',(13.9544016544673,1.56692458723847,66.2370526450822));
#3201=CARTESIAN_POINT('Ctrl Pts',(13.9188683641645,1.59049964777229,66.2424391824008));
#3202=CARTESIAN_POINT('Ctrl Pts',(14.0675221398287,1.57113937556952,66.2868484360242));
#3203=CARTESIAN_POINT('Ctrl Pts',(14.031905918578,1.59401917727344,66.2923396053753));
#3204=CARTESIAN_POINT('Ctrl Pts',(13.9964322423971,1.61715342110248,66.2977602770214));
#3205=CARTESIAN_POINT('Ctrl Pts',(13.961104106079,1.64054090282151,66.3031112194181));
#3206=CARTESIAN_POINT('Ctrl Pts',(14.1091278092359,1.62174021662507,66.3475572640563));
#3207=CARTESIAN_POINT('Ctrl Pts',(14.0737265267054,1.64443456644237,66.3530596990508));
#3208=CARTESIAN_POINT('Ctrl Pts',(14.0384628303268,1.66738225496649,66.3584679089607));
#3209=CARTESIAN_POINT('Ctrl Pts',(14.0033398479935,1.69058215787074,66.3637832564355));
#3210=CARTESIAN_POINT('Ctrl Pts',(13.87663262225,1.54045839272306,66.1817671453834));
#3211=CARTESIAN_POINT('Ctrl Pts',(13.9123710665376,1.51669575337446,66.1763450131429));
#3212=CARTESIAN_POINT('Ctrl Pts',(13.9482647023233,1.49318839893557,66.1708994180244));
#3213=CARTESIAN_POINT('Ctrl Pts',(13.9843108010144,1.46993769345844,66.1654307799599));
#3214=CARTESIAN_POINT('Ctrl Pts',(14.1091278092359,1.62174021662507,66.3475572640563));
#3215=CARTESIAN_POINT('Ctrl Pts',(14.0737265267054,1.64443456644237,66.3530596990508));
#3216=CARTESIAN_POINT('Ctrl Pts',(14.0384628303268,1.66738225496649,66.3584679089607));
#3217=CARTESIAN_POINT('Ctrl Pts',(14.0033398479935,1.69058215787074,66.3637832564355));
#3218=CARTESIAN_POINT('Ctrl Pts',(20.8546842538482,18.4565513145481,64.6409601717511));
#3219=CARTESIAN_POINT('Ctrl Pts',(20.615839198945,18.470778914945,64.7515002934718));
#3220=CARTESIAN_POINT('Ctrl Pts',(20.2786829812439,18.4914415545249,64.9000841613762));
#3221=CARTESIAN_POINT('Ctrl Pts',(19.8693356411437,18.5182972694999,65.059891786014));
#3222=CARTESIAN_POINT('Ctrl Pts',(19.8391507093898,18.5202853753615,65.0715900579238));
#3223=CARTESIAN_POINT('Ctrl Pts',(19.8087314453655,18.522298158393,65.0832730574442));
#3224=CARTESIAN_POINT('Ctrl Pts',(20.8305808294384,18.5327010095494,64.5791923348034));
#3225=CARTESIAN_POINT('Ctrl Pts',(20.5928118669639,18.5469102524736,64.689309736288));
#3226=CARTESIAN_POINT('Ctrl Pts',(20.2571768811368,18.5675464286102,64.837333107587));
#3227=CARTESIAN_POINT('Ctrl Pts',(19.8496796824502,18.594366634283,64.9965592958055));
#3228=CARTESIAN_POINT('Ctrl Pts',(19.8196261978766,18.5963072435721,65.0082098487048));
#3229=CARTESIAN_POINT('Ctrl Pts',(19.789334419391,18.5982252495347,65.0198403192973));
#3230=CARTESIAN_POINT('Ctrl Pts',(20.8064774050286,18.6088507045506,64.5174244978558));
#3231=CARTESIAN_POINT('Ctrl Pts',(20.569785911592,18.6230416258766,64.627121233607));
#3232=CARTESIAN_POINT('Ctrl Pts',(20.2356712613653,18.6436512568697,64.7745837171334));
#3233=CARTESIAN_POINT('Ctrl Pts',(19.8300236645116,18.6704359987502,64.9332266314879));
#3234=CARTESIAN_POINT('Ctrl Pts',(19.8001017343768,18.6723290966514,64.9448297725737));
#3235=CARTESIAN_POINT('Ctrl Pts',(19.7699373934164,18.6741523406764,64.9564075811503));
#3236=CARTESIAN_POINT('Ctrl Pts',(20.7823739806187,18.6850003995519,64.4556566609081));
#3237=CARTESIAN_POINT('Ctrl Pts',(20.5467585796109,18.6991729634052,64.5649306764231));
#3238=CARTESIAN_POINT('Ctrl Pts',(20.2141651612582,18.7197561309551,64.7118326633442));
#3239=CARTESIAN_POINT('Ctrl Pts',(19.810367705818,18.7465053635332,64.8698941412794));
#3240=CARTESIAN_POINT('Ctrl Pts',(19.7805772228636,18.748350964862,64.8814495633547));
#3241=CARTESIAN_POINT('Ctrl Pts',(19.7505403674418,18.750079431818,64.8929748430034));
#3242=CARTESIAN_POINT('',(20.8546842538482,18.4565513145481,64.6409601717511));
#3243=CARTESIAN_POINT('Ctrl Pts',(19.8087314453655,18.522298158393,65.0832730574442));
#3244=CARTESIAN_POINT('Ctrl Pts',(19.8391507093898,18.5202853753615,65.0715900579238));
#3245=CARTESIAN_POINT('Ctrl Pts',(19.8693356411437,18.5182972694999,65.059891786014));
#3246=CARTESIAN_POINT('Ctrl Pts',(20.2786829812439,18.4914415545249,64.9000841613762));
#3247=CARTESIAN_POINT('Ctrl Pts',(20.615839198945,18.470778914945,64.7515002934718));
#3248=CARTESIAN_POINT('Ctrl Pts',(20.8546842538482,18.4565513145481,64.6409601717511));
#3249=CARTESIAN_POINT('',(20.7823739806187,18.6850003995519,64.4556566609081));
#3250=CARTESIAN_POINT('',(20.8546842538482,18.4565513145481,64.6409601717511));
#3251=CARTESIAN_POINT('Ctrl Pts',(20.7823739806187,18.6850003995519,64.4556566609081));
#3252=CARTESIAN_POINT('Ctrl Pts',(20.5467585796109,18.6991729634052,64.5649306764231));
#3253=CARTESIAN_POINT('Ctrl Pts',(20.2141651612582,18.7197561309551,64.7118326633442));
#3254=CARTESIAN_POINT('Ctrl Pts',(19.810367705818,18.7465053635332,64.8698941412794));
#3255=CARTESIAN_POINT('Ctrl Pts',(19.7805772228636,18.748350964862,64.8814495633547));
#3256=CARTESIAN_POINT('Ctrl Pts',(19.7505403674418,18.750079431818,64.8929748430034));
#3257=CARTESIAN_POINT('Ctrl Pts',(16.1671494395381,18.3016200861336,65.8342464491647));
#3258=CARTESIAN_POINT('Ctrl Pts',(16.1861841872628,18.3077188249948,65.8313699456937));
#3259=CARTESIAN_POINT('Ctrl Pts',(16.2052402805976,18.3137558977767,65.8284902759804));
#3260=CARTESIAN_POINT('Ctrl Pts',(16.2243174332236,18.3197311726956,65.825607483338));
#3261=CARTESIAN_POINT('Ctrl Pts',(16.1976128613799,18.2351375686843,65.8969949272455));
#3262=CARTESIAN_POINT('Ctrl Pts',(16.2165146476152,18.241162530588,65.8941371702074));
#3263=CARTESIAN_POINT('Ctrl Pts',(16.2354358673148,18.2471262212286,65.8912659008253));
#3264=CARTESIAN_POINT('Ctrl Pts',(16.2543762210026,18.2530285264123,65.8883810954855));
#3265=CARTESIAN_POINT('Ctrl Pts',(16.2280762832217,18.168655051235,65.9597434053263));
#3266=CARTESIAN_POINT('Ctrl Pts',(16.2468451079676,18.1746062361812,65.9569043947211));
#3267=CARTESIAN_POINT('Ctrl Pts',(16.265631454032,18.1804965446806,65.9540415256702));
#3268=CARTESIAN_POINT('Ctrl Pts',(16.2844350087817,18.1863258801289,65.951154707633));
#3269=CARTESIAN_POINT('Ctrl Pts',(16.2585397050635,18.1021725337857,66.0224918834071));
#3270=CARTESIAN_POINT('Ctrl Pts',(16.2771755683199,18.1080499417744,66.0196716192347));
#3271=CARTESIAN_POINT('Ctrl Pts',(16.2958270407492,18.1138668681325,66.0168171505151));
#3272=CARTESIAN_POINT('Ctrl Pts',(16.3144937965608,18.1196232338455,66.0139283197805));
#3273=CARTESIAN_POINT('Ctrl Pts',(16.2243174332236,18.3197311726956,65.825607483338));
#3274=CARTESIAN_POINT('Ctrl Pts',(16.2052402805976,18.3137558977767,65.8284902759804));
#3275=CARTESIAN_POINT('Ctrl Pts',(16.1861841872628,18.3077188249948,65.8313699456937));
#3276=CARTESIAN_POINT('Ctrl Pts',(16.1671494395381,18.3016200861336,65.8342464491647));
#3277=CARTESIAN_POINT('Ctrl Pts',(16.2585397050635,18.1021725337857,66.0224918834071));
#3278=CARTESIAN_POINT('Ctrl Pts',(16.2771755683199,18.1080499417744,66.0196716192347));
#3279=CARTESIAN_POINT('Ctrl Pts',(16.2958270407492,18.1138668681325,66.0168171505151));
#3280=CARTESIAN_POINT('Ctrl Pts',(16.3144937965608,18.1196232338455,66.0139283197805));
#3281=CARTESIAN_POINT('Ctrl Pts',(20.7823739806187,18.6850003995519,64.4556566609081));
#3282=CARTESIAN_POINT('Ctrl Pts',(20.7848940958085,18.6848488114413,64.4544878786249));
#3283=CARTESIAN_POINT('Ctrl Pts',(20.787414285822,18.6846971723717,64.4533192853154));
#3284=CARTESIAN_POINT('Ctrl Pts',(20.7899345506392,18.6845454823591,64.4521508809851));
#3285=CARTESIAN_POINT('Ctrl Pts',(20.8064774050286,18.6088507045506,64.5174244978558));
#3286=CARTESIAN_POINT('Ctrl Pts',(20.8089940885109,18.6086998105492,64.516258118878));
#3287=CARTESIAN_POINT('Ctrl Pts',(20.8115107238493,18.6085488648455,64.5150916636648));
#3288=CARTESIAN_POINT('Ctrl Pts',(20.8140273111422,18.6083978674337,64.5139251321744));
#3289=CARTESIAN_POINT('Ctrl Pts',(20.8305808294384,18.5327010095494,64.5791923348034));
#3290=CARTESIAN_POINT('Ctrl Pts',(20.8330940812132,18.5325508096571,64.5780283591311));
#3291=CARTESIAN_POINT('Ctrl Pts',(20.8356071618767,18.5324005573192,64.5768640420142));
#3292=CARTESIAN_POINT('Ctrl Pts',(20.8381200716451,18.5322502525084,64.5756993833637));
#3293=CARTESIAN_POINT('Ctrl Pts',(20.8546842538482,18.4565513145481,64.6409601717511));
#3294=CARTESIAN_POINT('Ctrl Pts',(20.8571940739155,18.456401808765,64.6397985993842));
#3295=CARTESIAN_POINT('Ctrl Pts',(20.8597035999041,18.456252249793,64.6386364203635));
#3296=CARTESIAN_POINT('Ctrl Pts',(20.862212832148,18.4561026375831,64.6374736345531));
#3297=CARTESIAN_POINT('Ctrl Pts',(20.7899345506392,18.6845454823591,64.4521508809851));
#3298=CARTESIAN_POINT('Ctrl Pts',(20.787414285822,18.6846971723717,64.4533192853154));
#3299=CARTESIAN_POINT('Ctrl Pts',(20.7848940958085,18.6848488114413,64.4544878786249));
#3300=CARTESIAN_POINT('Ctrl Pts',(20.7823739806187,18.6850003995519,64.4556566609081));
#3301=CARTESIAN_POINT('Ctrl Pts',(20.8546842538482,18.4565513145481,64.6409601717511));
#3302=CARTESIAN_POINT('Ctrl Pts',(20.8571940739155,18.456401808765,64.6397985993842));
#3303=CARTESIAN_POINT('Ctrl Pts',(20.8597035999041,18.456252249793,64.6386364203635));
#3304=CARTESIAN_POINT('Ctrl Pts',(20.862212832148,18.4561026375831,64.6374736345531));
#3305=CARTESIAN_POINT('Ctrl Pts',(19.7437461819942,0.,50.7667472516201));
#3306=CARTESIAN_POINT('Ctrl Pts',(19.4844681434234,0.,55.6488332433685));
#3307=CARTESIAN_POINT('Ctrl Pts',(19.2251901048527,0.,60.5309192351169));
#3308=CARTESIAN_POINT('Ctrl Pts',(18.9659120662819,0.,65.4130052268653));
#3309=CARTESIAN_POINT('Ctrl Pts',(17.549012991837,-2.22359977102077E-8,
51.0988878827715));
#3310=CARTESIAN_POINT('Ctrl Pts',(17.3599148075447,0.000290911619564553,
55.9703531844065));
#3311=CARTESIAN_POINT('Ctrl Pts',(17.1705366694501,-0.000290937330598477,
60.8418608529375));
#3312=CARTESIAN_POINT('Ctrl Pts',(16.9814384851578,-3.47503621357594E-9,
65.7133261545725));
#3313=CARTESIAN_POINT('Ctrl Pts',(13.1644151357273,1.50808097697107,51.7624323654468));
#3314=CARTESIAN_POINT('Ctrl Pts',(13.1100726075534,1.45083561934196,56.613504377877));
#3315=CARTESIAN_POINT('Ctrl Pts',(13.0557134128796,1.39367907654341,61.4645789125371));
#3316=CARTESIAN_POINT('Ctrl Pts',(13.0013708847057,1.33643371891431,66.3156509249673));
#3317=CARTESIAN_POINT('Ctrl Pts',(9.30778834489037,7.36407451642477,52.3460761824577));
#3318=CARTESIAN_POINT('Ctrl Pts',(9.34118300177465,7.1102394597003,57.1838704606506));
#3319=CARTESIAN_POINT('Ctrl Pts',(9.3747009529857,6.85601673985242,62.0216460800582));
#3320=CARTESIAN_POINT('Ctrl Pts',(9.40809560986998,6.60218168312794,66.8594403582511));
#3321=CARTESIAN_POINT('Ctrl Pts',(9.79307421187105,14.3819715493347,52.2726352945764));
#3322=CARTESIAN_POINT('Ctrl Pts',(9.7614836215344,13.9219214291615,57.1202641354051));
#3323=CARTESIAN_POINT('Ctrl Pts',(9.72982172936862,13.4617716505202,61.9679037667183));
#3324=CARTESIAN_POINT('Ctrl Pts',(9.69823113903196,13.001721530347,66.815532607547));
#3325=CARTESIAN_POINT('Ctrl Pts',(14.4092698713668,19.6406966249821,51.5740418861661));
#3326=CARTESIAN_POINT('Ctrl Pts',(14.1878215292931,19.0653893434966,56.4504029090084));
#3327=CARTESIAN_POINT('Ctrl Pts',(13.9660042826495,18.4902186681131,61.3268197601388));
#3328=CARTESIAN_POINT('Ctrl Pts',(13.7445559405758,17.9149113866277,66.2031807829811));
#3329=CARTESIAN_POINT('Ctrl Pts',(18.9570720502507,20.5249280689793,50.8857988264537));
#3330=CARTESIAN_POINT('Ctrl Pts',(18.5803934132501,19.9780608805921,55.7856516743443));
#3331=CARTESIAN_POINT('Ctrl Pts',(18.2036718118799,19.4313447802534,60.6855110242611));
#3332=CARTESIAN_POINT('Ctrl Pts',(17.8269931748793,18.8844775918661,65.5853638721518));
#3333=CARTESIAN_POINT('Ctrl Pts',(25.1873327538939,19.6410478918313,49.9429403816887));
#3334=CARTESIAN_POINT('Ctrl Pts',(24.6219814483593,19.2140194454142,54.8713460666571));
#3335=CARTESIAN_POINT('Ctrl Pts',(24.0564448003886,18.7868386166375,59.7997798004809));
#3336=CARTESIAN_POINT('Ctrl Pts',(23.491093494854,18.3598101702204,64.7281854854494));
#3337=CARTESIAN_POINT('Ctrl Pts',(29.4158479042498,19.046413190546,49.3030167239197));
#3338=CARTESIAN_POINT('Ctrl Pts',(28.678224209286,18.7041841660633,54.2574933046178));
#3339=CARTESIAN_POINT('Ctrl Pts',(27.9406824306317,18.3622285291484,59.2119574884856));
#3340=CARTESIAN_POINT('Ctrl Pts',(27.2030587356679,18.0199995046657,64.1664340691838));
#3341=CARTESIAN_POINT('Ctrl Pts',(33.5320112309405,18.465861442687,48.6800958643908));
#3342=CARTESIAN_POINT('Ctrl Pts',(32.6547753977012,18.2040009796806,53.6557006915342));
#3343=CARTESIAN_POINT('Ctrl Pts',(31.7775395644619,17.9421405166742,58.6313055186775));
#3344=CARTESIAN_POINT('Ctrl Pts',(30.9003037312225,17.6802800536678,63.6069103458209));
#3345=CARTESIAN_POINT('',(19.1134233516777,0.,62.6354350918002));
#3346=CARTESIAN_POINT('',(19.8356629868358,0.,49.0359961119283));
#3347=CARTESIAN_POINT('Ctrl Pts',(19.1134233516775,-5.98491899948887E-16,
62.6354350918002));
#3348=CARTESIAN_POINT('Ctrl Pts',(19.0804676233229,-5.24482269843404E-16,
63.2559763385137));
#3349=CARTESIAN_POINT('Ctrl Pts',(19.0475118949777,-4.50472640218867E-16,
63.8765175852278));
#3350=CARTESIAN_POINT('Ctrl Pts',(19.0075007249356,-3.60618402656188E-16,
64.6299095627232));
#3351=CARTESIAN_POINT('Ctrl Pts',(19.0004452832294,-3.44942764673832E-16,
64.7627602935041));
#3352=CARTESIAN_POINT('Ctrl Pts',(18.9933898415237,-3.29507111305258E-16,
64.8956110242851));
#3353=CARTESIAN_POINT('Origin',(47.8173513086701,0.,58.2465292965112));
#3354=CARTESIAN_POINT('',(34.5457189634136,16.7070079499213,60.2757966567246));
#3355=CARTESIAN_POINT('Ctrl Pts',(35.6034630754973,17.2014653791353,60.1140316045405));
#3356=CARTESIAN_POINT('Ctrl Pts',(35.5600937062003,17.1866905045182,60.1206672224822));
#3357=CARTESIAN_POINT('Ctrl Pts',(35.5151322995576,17.170552976411,60.1275458702941));
#3358=CARTESIAN_POINT('Ctrl Pts',(35.4682962132831,17.1528560501198,60.1347114731971));
#3359=CARTESIAN_POINT('Ctrl Pts',(35.4219246047278,17.1353346258531,60.1418060141656));
#3360=CARTESIAN_POINT('Ctrl Pts',(35.3737156448751,17.1162847472828,60.1491818239214));
#3361=CARTESIAN_POINT('Ctrl Pts',(35.323408723341,17.0954669072882,60.1568795138996));
#3362=CARTESIAN_POINT('Ctrl Pts',(35.2742004821944,17.0751037194929,60.1644090898141));
#3363=CARTESIAN_POINT('Ctrl Pts',(35.2229852301895,17.053049052346,60.1722466124068));
#3364=CARTESIAN_POINT('Ctrl Pts',(35.1695274938433,17.0290302096847,60.1804285232485));
#3365=CARTESIAN_POINT('Ctrl Pts',(35.129464404558,17.0110296525374,60.1865603321686));
#3366=CARTESIAN_POINT('Ctrl Pts',(35.0881420178265,16.991924960867,60.1928855322926));
#3367=CARTESIAN_POINT('Ctrl Pts',(35.0454628433185,16.971582157347,60.1994190161699));
#3368=CARTESIAN_POINT('Ctrl Pts',(34.95087188626,16.9264958763587,60.2138993452766));
#3369=CARTESIAN_POINT('Ctrl Pts',(34.8530802095288,16.8769188399576,60.2288695796463));
#3370=CARTESIAN_POINT('Ctrl Pts',(34.7524010945399,16.8226720362029,60.2442826667438));
#3371=CARTESIAN_POINT('Ctrl Pts',(34.6847840379894,16.7862393639693,60.2546342434536));
#3372=CARTESIAN_POINT('Ctrl Pts',(34.6158657958072,16.7477004985338,60.2651853736811));
#3373=CARTESIAN_POINT('Ctrl Pts',(34.5457539578839,16.7070021377684,60.2759190272777));
#3374=CARTESIAN_POINT('',(34.531844615344,16.7078383585547,60.2779180808983));
#3375=CARTESIAN_POINT('Ctrl Pts',(34.5318433310133,16.7078384982813,60.2779182566593));
#3376=CARTESIAN_POINT('Ctrl Pts',(34.5364674304829,16.7075620931961,60.2772112791696));
#3377=CARTESIAN_POINT('Ctrl Pts',(34.5410935101084,16.7072851516869,60.2765039006547));
#3378=CARTESIAN_POINT('Ctrl Pts',(34.5457189634139,16.7070079499213,60.2757966567245));
#3379=CARTESIAN_POINT('',(34.5448678686222,16.706513702502,60.2759267913482));
#3380=CARTESIAN_POINT('Ctrl Pts',(34.5329442218882,16.7077273695086,60.2777499481765));
#3381=CARTESIAN_POINT('Ctrl Pts',(34.5373188225858,16.7072824325253,60.2770810602674));
#3382=CARTESIAN_POINT('Ctrl Pts',(34.5416939038849,16.7068374501292,60.2764120988731));
#3383=CARTESIAN_POINT('Ctrl Pts',(34.5460694345876,16.7063924254822,60.2757430687638));
#3384=CARTESIAN_POINT('',(38.6056443554728,16.2945080095451,59.6550234263727));
#3385=CARTESIAN_POINT('Ctrl Pts',(38.6056443554728,16.2945080095451,59.6550234263727));
#3386=CARTESIAN_POINT('Ctrl Pts',(38.1047116288345,16.3451832367997,59.7316173528307));
#3387=CARTESIAN_POINT('Ctrl Pts',(37.0579814109937,16.4511389065143,59.8916651458041));
#3388=CARTESIAN_POINT('Ctrl Pts',(35.2547566226453,16.6343135653211,60.1673829407919));
#3389=CARTESIAN_POINT('Ctrl Pts',(34.5460694345876,16.7063924254822,60.2757430687638));
#3390=CARTESIAN_POINT('',(31.8990456742305,0.799999999999998,60.6804799375124));
#3391=CARTESIAN_POINT('Ctrl Pts',(31.8990456742305,0.799999999999998,60.6804799375124));
#3392=CARTESIAN_POINT('Ctrl Pts',(32.8899504204413,0.799999999999998,60.5289680054263));
#3393=CARTESIAN_POINT('Ctrl Pts',(34.8768854574446,0.799972190168413,60.2251604320656));
#3394=CARTESIAN_POINT('Ctrl Pts',(36.8384124967201,0.799970868996364,59.9252378081343));
#3395=CARTESIAN_POINT('Ctrl Pts',(37.8732007794107,0.799930922538885,59.7670159683411));
#3396=CARTESIAN_POINT('Ctrl Pts',(37.8971467760705,0.800046349284446,59.763354562708));
#3397=CARTESIAN_POINT('Ctrl Pts',(38.8979417025979,0.809313309474212,59.6103303961351));
#3398=CARTESIAN_POINT('Ctrl Pts',(40.8411034007944,1.20838051122088,59.3132158809529));
#3399=CARTESIAN_POINT('Ctrl Pts',(43.336088379544,2.8640871931147,58.931726140285));
#3400=CARTESIAN_POINT('Ctrl Pts',(45.03983034509,5.33821068541393,58.6712195295658));
#3401=CARTESIAN_POINT('Ctrl Pts',(45.7089890597223,8.27892900574311,58.5689034087541));
#3402=CARTESIAN_POINT('Ctrl Pts',(45.256031220697,11.2570654315419,58.6381618491898));
#3403=CARTESIAN_POINT('Ctrl Pts',(43.7191053023318,13.8542033234256,58.873161849195));
#3404=CARTESIAN_POINT('Ctrl Pts',(41.9642646696128,15.2223604982893,59.1414815800097));
#3405=CARTESIAN_POINT('Ctrl Pts',(40.5983158823257,15.8274790689794,59.3503387286751));
#3406=CARTESIAN_POINT('Ctrl Pts',(40.0169438913283,16.022262964111,59.4392320294223));
#3407=CARTESIAN_POINT('Ctrl Pts',(39.4443880934172,16.1713187413896,59.5267773111462));
#3408=CARTESIAN_POINT('Ctrl Pts',(38.9652452221267,16.2548873583314,59.6000395116272));
#3409=CARTESIAN_POINT('Ctrl Pts',(38.6562250739476,16.2892615298486,59.6472895019852));
#3410=CARTESIAN_POINT('Ctrl Pts',(38.6311120808339,16.2919316500827,59.6511293444339));
#3411=CARTESIAN_POINT('Ctrl Pts',(38.6056443554728,16.2945080095451,59.6550234263727));
#3412=CARTESIAN_POINT('',(31.8990456742305,0.,60.6804799375124));
#3413=CARTESIAN_POINT('Ctrl Pts',(35.1927034356216,17.4164162673217,60.18498467589));
#3414=CARTESIAN_POINT('Ctrl Pts',(35.2477120760403,17.3188280223932,60.1777120635854));
#3415=CARTESIAN_POINT('Ctrl Pts',(35.5778976061895,17.1918658436149,60.1193717179496));
#3416=CARTESIAN_POINT('Ctrl Pts',(36.115574368774,17.0479393760086,60.0215415318546));
#3417=CARTESIAN_POINT('Ctrl Pts',(30.2430702743233,17.7678589619168,61.0272719429681));
#3418=CARTESIAN_POINT('Ctrl Pts',(30.2861527993625,17.1651028973465,61.027755716448));
#3419=CARTESIAN_POINT('Ctrl Pts',(30.5101326604002,16.5348364054604,60.9450249560658));
#3420=CARTESIAN_POINT('Ctrl Pts',(30.8685540346621,15.9166140767208,60.7931684034881));
#3421=CARTESIAN_POINT('Ctrl Pts',(25.4073136402917,18.133999906506,62.5301526911773));
#3422=CARTESIAN_POINT('Ctrl Pts',(25.4353443935787,17.0047924816006,62.5333401371156));
#3423=CARTESIAN_POINT('Ctrl Pts',(25.5575081358384,15.8513828674694,62.4633602219835));
#3424=CARTESIAN_POINT('Ctrl Pts',(25.7468486236527,14.7300411028127,62.3317298653172));
#3425=CARTESIAN_POINT('Ctrl Pts',(20.8533319756682,18.5021266139123,64.6414465989165));
#3426=CARTESIAN_POINT('Ctrl Pts',(20.8622378006144,16.8435848585316,64.6426480575158));
#3427=CARTESIAN_POINT('Ctrl Pts',(20.8993989234113,15.1643811059757,64.619262527206));
#3428=CARTESIAN_POINT('Ctrl Pts',(20.9565434704745,13.5359653495654,64.5753178362601));
#3429=CARTESIAN_POINT('',(20.8581801219476,17.8525731285523,64.6407014792611));
#3430=CARTESIAN_POINT('Ctrl Pts',(20.8581803828916,17.8525731297054,64.6407015177157));
#3431=CARTESIAN_POINT('Ctrl Pts',(20.8590202927689,18.0536892173303,64.6400295223644));
#3432=CARTESIAN_POINT('Ctrl Pts',(20.8603617883732,18.2548642020369,64.6389560083851));
#3433=CARTESIAN_POINT('Ctrl Pts',(20.8622128789876,18.4561026380383,64.6374736412419));
#3434=CARTESIAN_POINT('Ctrl Pts',(34.545718963414,16.7070079499213,60.2757966567245));
#3435=CARTESIAN_POINT('Ctrl Pts',(33.8802236576363,16.772864905162,60.4075909459625));
#3436=CARTESIAN_POINT('Ctrl Pts',(32.697372504352,16.8887813509878,60.6541567723134));
#3437=CARTESIAN_POINT('Ctrl Pts',(30.3654998816532,17.1110088303558,61.2050681269585));
#3438=CARTESIAN_POINT('Ctrl Pts',(27.8170809336384,17.3416757694439,61.9239906011407));
#3439=CARTESIAN_POINT('Ctrl Pts',(24.2943818879191,17.6270618580322,63.1480423460471));
#3440=CARTESIAN_POINT('Ctrl Pts',(22.2153777387165,17.7714842558391,64.012514248901));
#3441=CARTESIAN_POINT('Ctrl Pts',(20.8581801219476,17.8525731285523,64.6407014792611));
#3442=CARTESIAN_POINT('Ctrl Pts',(20.8571942432529,17.4781749903836,64.6414904877059));
#3443=CARTESIAN_POINT('Ctrl Pts',(20.8575937192826,17.8425998346925,64.6411706998909));
#3444=CARTESIAN_POINT('Ctrl Pts',(20.8596249325109,18.2072089110686,64.6395465913576));
#3445=CARTESIAN_POINT('Ctrl Pts',(20.8633355852552,18.5720293438531,64.6365744785002));
#3446=CARTESIAN_POINT('Ctrl Pts',(19.4006024512232,17.4763222562926,65.3155753415895));
#3447=CARTESIAN_POINT('Ctrl Pts',(19.400766823811,17.8357110713251,65.3154619436882));
#3448=CARTESIAN_POINT('Ctrl Pts',(19.4016015559996,18.1952233418368,65.3148823918945));
#3449=CARTESIAN_POINT('Ctrl Pts',(19.4031367601463,18.5548749890343,65.3138271099795));
#3450=CARTESIAN_POINT('Ctrl Pts',(17.8480703981471,17.4743928444577,65.7819397607149));
#3451=CARTESIAN_POINT('Ctrl Pts',(17.8479518909332,17.8285369495245,65.781957943287));
#3452=CARTESIAN_POINT('Ctrl Pts',(17.847349258652,18.1827415741487,65.7820465735496));
#3453=CARTESIAN_POINT('Ctrl Pts',(17.8462640502807,18.5370063868791,65.782213124932));
#3454=CARTESIAN_POINT('Ctrl Pts',(16.2611321445035,17.4724632264364,66.0220995557767));
#3455=CARTESIAN_POINT('Ctrl Pts',(16.2607174039056,17.8213619813501,66.0221623206743));
#3456=CARTESIAN_POINT('Ctrl Pts',(16.2586105374272,18.1702585551173,66.0224811639692));
#3457=CARTESIAN_POINT('Ctrl Pts',(16.2547807561646,18.5191358527992,66.0230607451099));
#3458=CARTESIAN_POINT('',(16.2611321445035,17.4724632264364,66.0220995557767));
#3459=CARTESIAN_POINT('Ctrl Pts',(16.2585394995775,18.1021725323024,66.0224919145044));
#3460=CARTESIAN_POINT('Ctrl Pts',(16.260020647328,17.8922727014988,66.022267764548));
#3461=CARTESIAN_POINT('Ctrl Pts',(16.2608826274765,17.6823683586994,66.0221373165137));
#3462=CARTESIAN_POINT('Ctrl Pts',(16.2611321445035,17.4724632264364,66.0220995557767));
#3463=CARTESIAN_POINT('',(18.8108570942015,17.9380850460661,65.4322621992061));
#3464=CARTESIAN_POINT('Ctrl Pts',(18.8107754816815,17.9380847659996,65.4319929536811));
#3465=CARTESIAN_POINT('Ctrl Pts',(18.7191121204395,17.9348067702218,65.4607870775343));
#3466=CARTESIAN_POINT('Ctrl Pts',(18.6256772779639,17.9300300358035,65.4892831922933));
#3467=CARTESIAN_POINT('Ctrl Pts',(18.531207221456,17.9237217943144,65.5171913158675));
#3468=CARTESIAN_POINT('Ctrl Pts',(18.437547563073,17.9174676671897,65.5448600335193));
#3469=CARTESIAN_POINT('Ctrl Pts',(18.3428705233791,17.9097082398486,65.5719506828732));
#3470=CARTESIAN_POINT('Ctrl Pts',(18.2479092502513,17.9004121301474,65.5982294498495));
#3471=CARTESIAN_POINT('Ctrl Pts',(18.1630434507355,17.8921043036388,65.6217144821819));
#3472=CARTESIAN_POINT('Ctrl Pts',(18.0779509346209,17.8825691906858,65.6445517124199));
#3473=CARTESIAN_POINT('Ctrl Pts',(17.9931640964216,17.8717843272197,65.6666083338377));
#3474=CARTESIAN_POINT('Ctrl Pts',(17.829410343514,17.8509548930211,65.7092075698786));
#3475=CARTESIAN_POINT('Ctrl Pts',(17.6655816720398,17.8255220676904,65.7492206293772));
#3476=CARTESIAN_POINT('Ctrl Pts',(17.5018605550136,17.7953648364459,65.7866545651722));
#3477=CARTESIAN_POINT('Ctrl Pts',(17.3494828377042,17.7672970456754,65.821494894813));
#3478=CARTESIAN_POINT('Ctrl Pts',(17.197164550108,17.7351178040531,65.8541054786033));
#3479=CARTESIAN_POINT('Ctrl Pts',(17.0454144310878,17.6988361888971,65.8844373511804));
#3480=CARTESIAN_POINT('Ctrl Pts',(16.9785587402848,17.6828518031163,65.8978004925577));
#3481=CARTESIAN_POINT('Ctrl Pts',(16.9118132827615,17.6660711296941,65.9107220223392));
#3482=CARTESIAN_POINT('Ctrl Pts',(16.8452211903838,17.6484947742651,65.9232009374534));
#3483=CARTESIAN_POINT('Ctrl Pts',(16.6622064977265,17.6001897702921,65.9574966733702));
#3484=CARTESIAN_POINT('Ctrl Pts',(16.4801837049701,17.5458509145565,65.9884794539524));
#3485=CARTESIAN_POINT('Ctrl Pts',(16.2994576571887,17.4853844972522,66.0162545134328));
#3486=CARTESIAN_POINT('Ctrl Pts',(16.2866759837594,17.4811080688739,66.0182188774197));
#3487=CARTESIAN_POINT('Ctrl Pts',(16.2739007795788,17.4768009898562,66.0201672104092));
#3488=CARTESIAN_POINT('Ctrl Pts',(16.2611321445035,17.4724632264364,66.0220995557767));
#3489=CARTESIAN_POINT('Ctrl Pts',(20.8581801242649,17.8525736868646,64.640701477402));
#3490=CARTESIAN_POINT('Ctrl Pts',(20.5580977120275,17.8705397191445,64.7795964081491));
#3491=CARTESIAN_POINT('Ctrl Pts',(19.9347447230868,17.9120774565122,65.0476736673168));
#3492=CARTESIAN_POINT('Ctrl Pts',(19.2064212597241,17.9521152689404,65.3079861637253));
#3493=CARTESIAN_POINT('Ctrl Pts',(18.8108570942015,17.9380850460661,65.4322621992061));
#3494=CARTESIAN_POINT('Ctrl Pts',(38.557024217297,16.1078691421937,59.4605243053941));
#3495=CARTESIAN_POINT('Ctrl Pts',(38.0561146932584,16.1589014327769,59.5371371916574));
#3496=CARTESIAN_POINT('Ctrl Pts',(36.956273911139,16.2710235330289,59.7053559995769));
#3497=CARTESIAN_POINT('Ctrl Pts',(35.0212013635089,16.4690099764909,60.0013359495368));
#3498=CARTESIAN_POINT('Ctrl Pts',(34.2282693284086,16.5502580154957,60.1226222918041));
#3499=CARTESIAN_POINT('Ctrl Pts',(38.5732309300223,16.1700820979775,59.5253573457203));
#3500=CARTESIAN_POINT('Ctrl Pts',(38.0723136717838,16.2209953674511,59.6019639120485));
#3501=CARTESIAN_POINT('Ctrl Pts',(36.9724554363675,16.3328558033534,59.7701686317873));
#3502=CARTESIAN_POINT('Ctrl Pts',(35.0373460253719,16.5303798053602,60.0661201225499));
#3503=CARTESIAN_POINT('Ctrl Pts',(34.2443976447186,16.6114381706667,60.1873939786143));
#3504=CARTESIAN_POINT('Ctrl Pts',(38.5894376427476,16.2322950537613,59.5901903860465));
#3505=CARTESIAN_POINT('Ctrl Pts',(38.0885126503091,16.2830893021254,59.6667906324396));
#3506=CARTESIAN_POINT('Ctrl Pts',(36.988636961596,16.394688073678,59.8349812639978));
#3507=CARTESIAN_POINT('Ctrl Pts',(35.0534906872348,16.5917496342296,60.1309042955631));
#3508=CARTESIAN_POINT('Ctrl Pts',(34.2605259610286,16.6726183258378,60.2521656654245));
#3509=CARTESIAN_POINT('Ctrl Pts',(38.6056443554728,16.2945080095451,59.6550234263727));
#3510=CARTESIAN_POINT('Ctrl Pts',(38.1047116288345,16.3451832367997,59.7316173528307));
#3511=CARTESIAN_POINT('Ctrl Pts',(37.0048184868245,16.4565203440025,59.8997938962083));
#3512=CARTESIAN_POINT('Ctrl Pts',(35.0696353490978,16.6531194630989,60.1956884685762));
#3513=CARTESIAN_POINT('Ctrl Pts',(34.2766542773387,16.7337984810088,60.3169373522347));
#3514=CARTESIAN_POINT('Ctrl Pts',(38.6056443554728,16.2945080095451,59.6550234263727));
#3515=CARTESIAN_POINT('Ctrl Pts',(38.5894376427476,16.2322950537613,59.5901903860465));
#3516=CARTESIAN_POINT('Ctrl Pts',(38.5732309300223,16.1700820979775,59.5253573457203));
#3517=CARTESIAN_POINT('Ctrl Pts',(38.557024217297,16.1078691421937,59.4605243053941));
#3518=CARTESIAN_POINT('Ctrl Pts',(34.2282693284088,16.5502580154956,60.122622291804));
#3519=CARTESIAN_POINT('Ctrl Pts',(34.2752003222138,16.5776633106022,60.1499167482762));
#3520=CARTESIAN_POINT('Ctrl Pts',(34.3232482310785,16.6041951998593,60.17621362738));
#3521=CARTESIAN_POINT('Ctrl Pts',(34.3724834144067,16.6297740751673,60.201424277923));
#3522=CARTESIAN_POINT('Ctrl Pts',(34.4247133980107,16.6569088220623,60.2281684022565));
#3523=CARTESIAN_POINT('Ctrl Pts',(34.4781691272462,16.6829137131244,60.2536335803436));
#3524=CARTESIAN_POINT('Ctrl Pts',(34.5329442218635,16.7077273695111,60.2777499481803));
#3525=CARTESIAN_POINT('Ctrl Pts',(18.9818885584646,0.8,65.1121749143156));
#3526=CARTESIAN_POINT('Ctrl Pts',(18.6429713717913,0.8,65.232977078271));
#3527=CARTESIAN_POINT('Ctrl Pts',(17.8408258222449,0.8318804971433,65.506178366378));
#3528=CARTESIAN_POINT('Ctrl Pts',(15.9483488902676,1.26135446516153,66.0245121130596));
#3529=CARTESIAN_POINT('Ctrl Pts',(14.6862941511344,1.92025813905915,66.2604281541797));
#3530=CARTESIAN_POINT('Ctrl Pts',(14.0033398479946,2.41825728962336,66.3637832564353));
#3531=CARTESIAN_POINT('Ctrl Pts',(18.9595055616027,0.866789496705711,65.0493781722925));
#3532=CARTESIAN_POINT('Ctrl Pts',(18.6237627849839,0.867818515760498,65.1690508761271));
#3533=CARTESIAN_POINT('Ctrl Pts',(17.8294744533893,0.901774111546099,65.4396954194888));
#3534=CARTESIAN_POINT('Ctrl Pts',(15.9581383501482,1.33128304452707,65.9536387225192));
#3535=CARTESIAN_POINT('Ctrl Pts',(14.7111471595253,1.98488838530466,66.1884770906625));
#3536=CARTESIAN_POINT('Ctrl Pts',(14.0360069564638,2.47841141297992,66.2917359425699));
#3537=CARTESIAN_POINT('Ctrl Pts',(18.9371225647409,0.933578993411422,64.9865814302695));
#3538=CARTESIAN_POINT('Ctrl Pts',(18.6045541981765,0.935637031520997,65.1051246739832));
#3539=CARTESIAN_POINT('Ctrl Pts',(17.8181230845336,0.971667725948896,65.3732124725997));
#3540=CARTESIAN_POINT('Ctrl Pts',(15.9679278100289,1.40121162389261,65.8827653319787));
#3541=CARTESIAN_POINT('Ctrl Pts',(14.7360001679162,2.04951863155017,66.1165260271454));
#3542=CARTESIAN_POINT('Ctrl Pts',(14.068674064933,2.53856553633649,66.2196886287045));
#3543=CARTESIAN_POINT('Ctrl Pts',(18.914739567879,1.00036849011713,64.9237846882464));
#3544=CARTESIAN_POINT('Ctrl Pts',(18.5853456113691,1.00345554728149,65.0411984718392));
#3545=CARTESIAN_POINT('Ctrl Pts',(17.806771715678,1.04156134035169,65.3067295257105));
#3546=CARTESIAN_POINT('Ctrl Pts',(15.9777172699096,1.47114020325815,65.8118919414383));
#3547=CARTESIAN_POINT('Ctrl Pts',(14.7608531763071,2.11414887779568,66.0445749636282));
#3548=CARTESIAN_POINT('Ctrl Pts',(14.1013411734022,2.59871965969306,66.1476413148391));
#3549=CARTESIAN_POINT('',(18.9818885584646,0.8,65.1121749143156));
#3550=CARTESIAN_POINT('Ctrl Pts',(18.914739567879,1.00036849011713,64.9237846882464));
#3551=CARTESIAN_POINT('Ctrl Pts',(18.9371225647409,0.933578993411422,64.9865814302695));
#3552=CARTESIAN_POINT('Ctrl Pts',(18.9595055616027,0.866789496705711,65.0493781722925));
#3553=CARTESIAN_POINT('Ctrl Pts',(18.9818885584646,0.8,65.1121749143156));
#3554=CARTESIAN_POINT('',(14.0033398479943,2.41825728962292,66.3637832564353));
#3555=CARTESIAN_POINT('',(14.1013411734022,2.59871965969306,66.1476413148391));
#3556=CARTESIAN_POINT('Ctrl Pts',(14.0033398479946,2.41825728962336,66.3637832564353));
#3557=CARTESIAN_POINT('Ctrl Pts',(14.6862941511344,1.92025813905915,66.2604281541797));
#3558=CARTESIAN_POINT('Ctrl Pts',(15.9483488902676,1.26135446516153,66.0245121130596));
#3559=CARTESIAN_POINT('Ctrl Pts',(17.8408258222449,0.8318804971433,65.506178366378));
#3560=CARTESIAN_POINT('Ctrl Pts',(18.6429713717913,0.8,65.232977078271));
#3561=CARTESIAN_POINT('Ctrl Pts',(18.9818885584646,0.8,65.1121749143156));
#3562=CARTESIAN_POINT('Ctrl Pts',(13.8848622424886,2.50627631875059,66.3817131017789));
#3563=CARTESIAN_POINT('Ctrl Pts',(13.1394350487277,3.07043765182613,66.4945225584015));
#3564=CARTESIAN_POINT('Ctrl Pts',(11.1991880698237,5.11586154679703,66.7881504394819));
#3565=CARTESIAN_POINT('Ctrl Pts',(9.92869736100562,9.70066577064796,66.9804205467511));
#3566=CARTESIAN_POINT('Ctrl Pts',(11.7994809024572,14.8634255024854,66.6973049366205));
#3567=CARTESIAN_POINT('Ctrl Pts',(14.6447582409012,16.9092339745721,66.2667140040963));
#3568=CARTESIAN_POINT('Ctrl Pts',(16.1967332645792,17.450299291457,66.031845380335));
#3569=CARTESIAN_POINT('Ctrl Pts',(13.9188689235856,2.56563593036341,66.3095658456644));
#3570=CARTESIAN_POINT('Ctrl Pts',(13.1804763472519,3.12566970284665,66.4214188959389));
#3571=CARTESIAN_POINT('Ctrl Pts',(11.2592135637524,5.15458363075866,66.712495940711));
#3572=CARTESIAN_POINT('Ctrl Pts',(10.0005951635471,9.69697581545195,66.9029897774629));
#3573=CARTESIAN_POINT('Ctrl Pts',(11.8491684242232,14.8156428685604,66.6224825043163));
#3574=CARTESIAN_POINT('Ctrl Pts',(14.667943193163,16.8500833791894,66.1957228438589));
#3575=CARTESIAN_POINT('Ctrl Pts',(16.2074241194764,17.3896845690406,65.9628511317618));
#3576=CARTESIAN_POINT('Ctrl Pts',(13.9528756046825,2.62499554197623,66.2374185895498));
#3577=CARTESIAN_POINT('Ctrl Pts',(13.2215176457761,3.18090175386717,66.3483152334764));
#3578=CARTESIAN_POINT('Ctrl Pts',(11.319239057681,5.1933057147203,66.63684144194));
#3579=CARTESIAN_POINT('Ctrl Pts',(10.0724929660886,9.69328586025594,66.8255590081747));
#3580=CARTESIAN_POINT('Ctrl Pts',(11.8988559459891,14.7678602346355,66.5476600720122));
#3581=CARTESIAN_POINT('Ctrl Pts',(14.6911281454248,16.7909327838067,66.1247316836215));
#3582=CARTESIAN_POINT('Ctrl Pts',(16.2181149743736,17.3290698466242,65.8938568831886));
#3583=CARTESIAN_POINT('Ctrl Pts',(13.9868822857795,2.68435515358905,66.1652713334352));
#3584=CARTESIAN_POINT('Ctrl Pts',(13.2625589443003,3.23613380488769,66.2752115710138));
#3585=CARTESIAN_POINT('Ctrl Pts',(11.3792645516097,5.23202779868193,66.561186943169));
#3586=CARTESIAN_POINT('Ctrl Pts',(10.1443907686301,9.68959590505993,66.7481282388865));
#3587=CARTESIAN_POINT('Ctrl Pts',(11.9485434677551,14.7200776007105,66.4728376397081));
#3588=CARTESIAN_POINT('Ctrl Pts',(14.7143130976866,16.7317821884239,66.0537405233842));
#3589=CARTESIAN_POINT('Ctrl Pts',(16.2288058292709,17.2684551242078,65.8248626346155));
#3590=CARTESIAN_POINT('',(16.1967332645792,17.450299291457,66.031845380335));
#3591=CARTESIAN_POINT('',(16.2288058292709,17.2684551242078,65.8248626346155));
#3592=CARTESIAN_POINT('',(13.8848622424886,2.50627631875059,66.3817131017789));
#3593=CARTESIAN_POINT('Ctrl Pts',(16.1967332645792,17.450299291457,66.031845380335));
#3594=CARTESIAN_POINT('Ctrl Pts',(14.6447582409012,16.9092339745721,66.2667140040963));
#3595=CARTESIAN_POINT('Ctrl Pts',(11.7994809024572,14.8634255024854,66.6973049366205));
#3596=CARTESIAN_POINT('Ctrl Pts',(9.92869736100562,9.70066577064796,66.9804205467511));
#3597=CARTESIAN_POINT('Ctrl Pts',(11.1991880698237,5.11586154679703,66.7881504394819));
#3598=CARTESIAN_POINT('Ctrl Pts',(13.1394350487277,3.07043765182613,66.4945225584015));
#3599=CARTESIAN_POINT('Ctrl Pts',(13.8848622424886,2.50627631875059,66.3817131017789));
#3600=CARTESIAN_POINT('',(13.8848622424886,2.50627631875059,66.3817131017789));
#3601=CARTESIAN_POINT('Ctrl Pts',(20.8581801219476,17.8525731285523,64.6407014792611));
#3602=CARTESIAN_POINT('Ctrl Pts',(22.2153777387165,17.7714842558391,64.012514248901));
#3603=CARTESIAN_POINT('Ctrl Pts',(24.2943818879191,17.6270618580322,63.1480423460471));
#3604=CARTESIAN_POINT('Ctrl Pts',(27.8170809336384,17.3416757694439,61.9239906011407));
#3605=CARTESIAN_POINT('Ctrl Pts',(30.3654998816532,17.1110088303558,61.2050681269585));
#3606=CARTESIAN_POINT('Ctrl Pts',(32.697372504352,16.8887813509878,60.6541567723134));
#3607=CARTESIAN_POINT('Ctrl Pts',(33.8802236576363,16.772864905162,60.4075909459625));
#3608=CARTESIAN_POINT('Ctrl Pts',(34.545718963414,16.7070079499213,60.2757966567245));
#3609=CARTESIAN_POINT('Ctrl Pts',(20.8276847779116,17.795569072069,64.5821925744746));
#3610=CARTESIAN_POINT('Ctrl Pts',(22.1860538635342,17.7141523560254,63.9533594134826));
#3611=CARTESIAN_POINT('Ctrl Pts',(24.2668726792975,17.5691852258075,63.0879311184));
#3612=CARTESIAN_POINT('Ctrl Pts',(27.7926478246811,17.2827885512565,61.8621354623034));
#3613=CARTESIAN_POINT('Ctrl Pts',(30.3432640412034,17.0513316480785,61.1417245402598));
#3614=CARTESIAN_POINT('Ctrl Pts',(32.6767839655457,16.8284052972284,60.5885257920852));
#3615=CARTESIAN_POINT('Ctrl Pts',(33.8601404965982,16.7121997279836,60.3401580127731));
#3616=CARTESIAN_POINT('Ctrl Pts',(34.5257774191167,16.6462317323688,60.2071775913354));
#3617=CARTESIAN_POINT('Ctrl Pts',(20.7971894338755,17.7385650155857,64.5236836696882));
#3618=CARTESIAN_POINT('Ctrl Pts',(22.1567299883518,17.6568204562117,63.8942045780642));
#3619=CARTESIAN_POINT('Ctrl Pts',(24.2393634706758,17.5113085935829,63.027819890753));
#3620=CARTESIAN_POINT('Ctrl Pts',(27.7682147157238,17.2239013330691,61.8002803234661));
#3621=CARTESIAN_POINT('Ctrl Pts',(30.3210282007536,16.9916544658013,61.078380953561));
#3622=CARTESIAN_POINT('Ctrl Pts',(32.6561954267393,16.7680292434691,60.5228948118569));
#3623=CARTESIAN_POINT('Ctrl Pts',(33.8400573355602,16.6515345508051,60.2727250795836));
#3624=CARTESIAN_POINT('Ctrl Pts',(34.5058358748193,16.5854555148162,60.1385585259463));
#3625=CARTESIAN_POINT('Ctrl Pts',(20.7666940898395,17.6815609591024,64.4651747649017));
#3626=CARTESIAN_POINT('Ctrl Pts',(22.1274061131695,17.599488556398,63.8350497426459));
#3627=CARTESIAN_POINT('Ctrl Pts',(24.2118542620542,17.4534319613583,62.967708663106));
#3628=CARTESIAN_POINT('Ctrl Pts',(27.7437816067665,17.1650141148816,61.7384251846288));
#3629=CARTESIAN_POINT('Ctrl Pts',(30.2987923603039,16.931977283524,61.0150373668622));
#3630=CARTESIAN_POINT('Ctrl Pts',(32.635606887933,16.7076531897097,60.4572638316287));
#3631=CARTESIAN_POINT('Ctrl Pts',(33.8199741745221,16.5908693736266,60.2052921463941));
#3632=CARTESIAN_POINT('Ctrl Pts',(34.485894330522,16.5246792972636,60.0699394605572));
#3633=CARTESIAN_POINT('Ctrl Pts',(20.8581801219476,17.8525731285523,64.6407014792611));
#3634=CARTESIAN_POINT('Ctrl Pts',(20.8277046648502,17.7955678838784,64.5821833696833));
#3635=CARTESIAN_POINT('Ctrl Pts',(20.7972292592554,17.7385626247897,64.5236652317222));
#3636=CARTESIAN_POINT('Ctrl Pts',(20.7667539051633,17.6815573512859,64.465147065378));
#3637=CARTESIAN_POINT('Ctrl Pts',(21.9712611301268,0.799999999999998,63.8370644461228));
#3638=CARTESIAN_POINT('Ctrl Pts',(21.4135498711437,0.799999999999998,64.1161416199804));
#3639=CARTESIAN_POINT('Ctrl Pts',(20.6580384546268,0.799999999999998,64.4619338242563));
#3640=CARTESIAN_POINT('Ctrl Pts',(19.6915721806183,0.799999999999998,64.8502559292169));
#3641=CARTESIAN_POINT('Ctrl Pts',(19.3060796901871,0.799999999999997,64.9955725398062));
#3642=CARTESIAN_POINT('Ctrl Pts',(19.0351553382243,0.799999999999998,65.0931425512486));
#3643=CARTESIAN_POINT('Ctrl Pts',(19.0087417313028,0.799999999999998,65.1026034864993));
#3644=CARTESIAN_POINT('Ctrl Pts',(18.9818885584646,0.799999999999998,65.1121749143156));
#3645=CARTESIAN_POINT('Ctrl Pts',(21.9414279455627,0.866666666666665,63.7774454429174));
#3646=CARTESIAN_POINT('Ctrl Pts',(21.3851089265272,0.866666666704375,64.0558262828799));
#3647=CARTESIAN_POINT('Ctrl Pts',(20.6314762084512,0.866666666602773,64.4007584889176));
#3648=CARTESIAN_POINT('Ctrl Pts',(19.6674224895897,0.866666666736944,64.7881107652614));
#3649=CARTESIAN_POINT('Ctrl Pts',(19.2828781956507,0.866666666493027,64.9330710040622));
#3650=CARTESIAN_POINT('Ctrl Pts',(19.012640389297,0.866666667103788,65.0303927568261));
#3651=CARTESIAN_POINT('Ctrl Pts',(18.9862912208591,0.866706238826938,65.0398307186626));
#3652=CARTESIAN_POINT('Ctrl Pts',(18.9595055616027,0.866789496705709,65.0493781722925));
#3653=CARTESIAN_POINT('Ctrl Pts',(21.9115947609985,0.933333333333331,63.717826439712));
#3654=CARTESIAN_POINT('Ctrl Pts',(21.3566610658732,0.933333333295621,63.9955133891554));
#3655=CARTESIAN_POINT('Ctrl Pts',(20.6049196272597,0.933333328470483,64.3395802090873));
#3656=CARTESIAN_POINT('Ctrl Pts',(19.6432667247656,0.933333335651135,64.7259688299337));
#3657=CARTESIAN_POINT('Ctrl Pts',(19.2597081825732,0.933333306868227,64.8705552132495));
#3658=CARTESIAN_POINT('Ctrl Pts',(18.9901229291491,0.933333334918338,64.9676441059544));
#3659=CARTESIAN_POINT('Ctrl Pts',(18.9638423256013,0.933412468289377,64.9770571567232));
#3660=CARTESIAN_POINT('Ctrl Pts',(18.9371225647409,0.933578993411421,64.9865814302695));
#3661=CARTESIAN_POINT('Ctrl Pts',(21.8817615764343,0.999999999999998,63.6582074365067));
#3662=CARTESIAN_POINT('Ctrl Pts',(21.3282201212567,0.999999999999998,63.935198052055));
#3663=CARTESIAN_POINT('Ctrl Pts',(20.5783573810841,0.999999995073258,64.2784048737487));
#3664=CARTESIAN_POINT('Ctrl Pts',(19.6191170337371,1.00000000238808,64.6638236659782));
#3665=CARTESIAN_POINT('Ctrl Pts',(19.2365066880367,0.999999973361256,64.8080536775054));
#3666=CARTESIAN_POINT('Ctrl Pts',(18.9676079802218,1.00000000202213,64.904894311532));
#3667=CARTESIAN_POINT('Ctrl Pts',(18.9413918151576,1.00011870711632,64.9142843888864));
#3668=CARTESIAN_POINT('Ctrl Pts',(18.914739567879,1.00036849011713,64.9237846882464));
#3669=CARTESIAN_POINT('',(21.9712611301268,0.799999999999998,63.8370644461228));
#3670=CARTESIAN_POINT('Ctrl Pts',(18.9818885584646,0.799999999999998,65.1121749143156));
#3671=CARTESIAN_POINT('Ctrl Pts',(19.0087417313028,0.799999999999998,65.1026034864993));
#3672=CARTESIAN_POINT('Ctrl Pts',(19.0351553382243,0.799999999999998,65.0931425512486));
#3673=CARTESIAN_POINT('Ctrl Pts',(19.3060796901871,0.799999999999997,64.9955725398062));
#3674=CARTESIAN_POINT('Ctrl Pts',(19.6915721806183,0.799999999999998,64.8502559292169));
#3675=CARTESIAN_POINT('Ctrl Pts',(20.6580384546268,0.799999999999998,64.4619338242563));
#3676=CARTESIAN_POINT('Ctrl Pts',(21.4135498711437,0.799999999999998,64.1161416199804));
#3677=CARTESIAN_POINT('Ctrl Pts',(21.9712611301268,0.799999999999998,63.8370644461228));
#3678=CARTESIAN_POINT('',(21.9712611301268,0.799999999999998,63.8370644461228));
#3679=CARTESIAN_POINT('Ctrl Pts',(21.8817615764343,0.999999999999998,63.6582074365067));
#3680=CARTESIAN_POINT('Ctrl Pts',(22.3022374958017,0.999999999999998,63.447802447613));
#3681=CARTESIAN_POINT('Ctrl Pts',(23.678346449346,0.999999999999998,62.7953191089731));
#3682=CARTESIAN_POINT('Ctrl Pts',(26.9424094049872,0.999999999999998,61.5111141052645));
#3683=CARTESIAN_POINT('Ctrl Pts',(29.8794657408973,0.999999999999998,60.7869545871895));
#3684=CARTESIAN_POINT('Ctrl Pts',(31.8688164760252,0.999999999999998,60.4827776472478));
#3685=CARTESIAN_POINT('Ctrl Pts',(21.9115947609985,0.933333333333331,63.7178264397121));
#3686=CARTESIAN_POINT('Ctrl Pts',(22.3312388783493,0.933333333333331,63.5078376822504));
#3687=CARTESIAN_POINT('Ctrl Pts',(23.7046255589885,0.933333333333331,62.8566451118373));
#3688=CARTESIAN_POINT('Ctrl Pts',(26.9622314167946,0.933333333333332,61.5749805730223));
#3689=CARTESIAN_POINT('Ctrl Pts',(29.893477552238,0.933333333333332,60.8522536158139));
#3690=CARTESIAN_POINT('Ctrl Pts',(31.8788928754269,0.933333333333332,60.5486784106693));
#3691=CARTESIAN_POINT('Ctrl Pts',(21.9414279455627,0.866666666666665,63.7774454429174));
#3692=CARTESIAN_POINT('Ctrl Pts',(22.3602402608969,0.866666666666665,63.5678729168878));
#3693=CARTESIAN_POINT('Ctrl Pts',(23.730904668631,0.866666666666665,62.9179711147015));
#3694=CARTESIAN_POINT('Ctrl Pts',(26.982053428602,0.866666666666665,61.6388470407801));
#3695=CARTESIAN_POINT('Ctrl Pts',(29.9074893635788,0.866666666666665,60.9175526444383));
#3696=CARTESIAN_POINT('Ctrl Pts',(31.8889692748287,0.866666666666665,60.6145791740909));
#3697=CARTESIAN_POINT('Ctrl Pts',(21.9712611301268,0.799999999999998,63.8370644461228));
#3698=CARTESIAN_POINT('Ctrl Pts',(22.3892416434446,0.799999999999998,63.6279081515253));
#3699=CARTESIAN_POINT('Ctrl Pts',(23.7571837782735,0.799999999999998,62.9792971175657));
#3700=CARTESIAN_POINT('Ctrl Pts',(27.0018754404093,0.799999999999998,61.7027135085379));
#3701=CARTESIAN_POINT('Ctrl Pts',(29.9215011749195,0.799999999999998,60.9828516730627));
#3702=CARTESIAN_POINT('Ctrl Pts',(31.8990456742305,0.799999999999998,60.6804799375124));
#3703=CARTESIAN_POINT('',(31.8990456742305,0.799999999999998,60.6804799375124));
#3704=CARTESIAN_POINT('Ctrl Pts',(21.9712611301268,0.799999999999998,63.8370644461228));
#3705=CARTESIAN_POINT('Ctrl Pts',(22.3892416434446,0.799999999999998,63.6279081515253));
#3706=CARTESIAN_POINT('Ctrl Pts',(23.7571837782735,0.799999999999998,62.9792971175657));
#3707=CARTESIAN_POINT('Ctrl Pts',(27.0018754404093,0.799999999999998,61.7027135085379));
#3708=CARTESIAN_POINT('Ctrl Pts',(29.9215011749195,0.799999999999998,60.9828516730627));
#3709=CARTESIAN_POINT('Ctrl Pts',(31.8990456742305,0.799999999999998,60.6804799375124));
#3710=CARTESIAN_POINT('Ctrl Pts',(31.8688164760251,0.999999999999998,60.4827776472478));
#3711=CARTESIAN_POINT('Ctrl Pts',(32.8597212222359,0.999999999999998,60.3312657151617));
#3712=CARTESIAN_POINT('Ctrl Pts',(34.8414069437445,0.999973469482404,60.0282605121739));
#3713=CARTESIAN_POINT('Ctrl Pts',(36.8233149413373,0.999972150096311,59.7252213496656));
#3714=CARTESIAN_POINT('Ctrl Pts',(37.8372971587763,0.999934079197307,59.5701805770683));
#3715=CARTESIAN_POINT('Ctrl Pts',(37.8605068731639,0.999937390969708,59.5666317256058));
#3716=CARTESIAN_POINT('Ctrl Pts',(38.8371158691846,0.999781530371448,59.417317320571));
#3717=CARTESIAN_POINT('Ctrl Pts',(40.7393969640828,1.3707917009725,59.1277777337397));
#3718=CARTESIAN_POINT('Ctrl Pts',(43.1977364251443,2.97281631489503,58.7565401446514));
#3719=CARTESIAN_POINT('Ctrl Pts',(44.8844620727327,5.3935267213426,58.5032057174081));
#3720=CARTESIAN_POINT('Ctrl Pts',(45.5489110309371,8.28348727698,58.403855635498));
#3721=CARTESIAN_POINT('Ctrl Pts',(45.1007854692134,11.2119780736265,58.4713684863308));
#3722=CARTESIAN_POINT('Ctrl Pts',(43.5800444508777,13.7576888024481,58.7000067459093));
#3723=CARTESIAN_POINT('Ctrl Pts',(41.8495572371553,15.0872572182873,58.9609279498958));
#3724=CARTESIAN_POINT('Ctrl Pts',(40.5079532453652,15.6684516109303,59.164069208125));
#3725=CARTESIAN_POINT('Ctrl Pts',(39.9378071503906,15.8540321630194,59.250540962361));
#3726=CARTESIAN_POINT('Ctrl Pts',(39.376970326846,15.9947365029436,59.3357115814303));
#3727=CARTESIAN_POINT('Ctrl Pts',(38.9083096572887,16.0720744198827,59.4069981357027));
#3728=CARTESIAN_POINT('Ctrl Pts',(38.6063954956017,16.1028392056114,59.4529809090276));
#3729=CARTESIAN_POINT('Ctrl Pts',(38.5818762270596,16.1053372378818,59.4567232512996));
#3730=CARTESIAN_POINT('Ctrl Pts',(38.557024217297,16.1078691421937,59.4605243053942));
#3731=CARTESIAN_POINT('Ctrl Pts',(31.8788928754269,0.933333333333332,60.5486784106693));
#3732=CARTESIAN_POINT('Ctrl Pts',(32.8697766181996,0.933333424733789,60.3971696787856));
#3733=CARTESIAN_POINT('Ctrl Pts',(34.8515204414126,0.933306642741113,60.0941556229286));
#3734=CARTESIAN_POINT('Ctrl Pts',(36.8333532580444,0.933305645411193,59.7911279160353));
#3735=CARTESIAN_POINT('Ctrl Pts',(37.847439081398,0.933267149386724,59.6360713543353));
#3736=CARTESIAN_POINT('Ctrl Pts',(37.871017016431,0.933309011860906,59.6324660503536));
#3737=CARTESIAN_POINT('Ctrl Pts',(38.8561448465789,0.936281462116175,59.4818484057909));
#3738=CARTESIAN_POINT('Ctrl Pts',(40.7725930432296,1.31667032986537,59.1896968473743));
#3739=CARTESIAN_POINT('Ctrl Pts',(43.2434932635582,2.93655936489639,58.8149923616325));
#3740=CARTESIAN_POINT('Ctrl Pts',(44.9361252348013,5.37509196623681,58.5592291510154));
#3741=CARTESIAN_POINT('Ctrl Pts',(45.6021864180606,8.28196457733782,58.4588842268296));
#3742=CARTESIAN_POINT('Ctrl Pts',(45.1524957054918,11.2270178094272,58.5269732107742));
#3743=CARTESIAN_POINT('Ctrl Pts',(43.626405395705,13.7898488727938,58.7577228365058));
#3744=CARTESIAN_POINT('Ctrl Pts',(41.887747521713,15.1323212564884,59.0211225696105));
#3745=CARTESIAN_POINT('Ctrl Pts',(40.5380914876626,15.7214463767075,59.2261547578481));
#3746=CARTESIAN_POINT('Ctrl Pts',(39.9641685261128,15.9101189109349,59.3134415861666));
#3747=CARTESIAN_POINT('Ctrl Pts',(39.399462083306,16.0535846451181,59.3993960341893));
#3748=CARTESIAN_POINT('Ctrl Pts',(38.9272708517255,16.1330185085964,59.4713483100816));
#3749=CARTESIAN_POINT('Ctrl Pts',(38.623006797221,16.1649793721337,59.5177501757443));
#3750=CARTESIAN_POINT('Ctrl Pts',(38.5982870746206,16.1675358555951,59.5215254747031));
#3751=CARTESIAN_POINT('Ctrl Pts',(38.5732309300223,16.1700820979775,59.5253573457203));
#3752=CARTESIAN_POINT('Ctrl Pts',(31.8889692748287,0.866666666666665,60.6145791740909));
#3753=CARTESIAN_POINT('Ctrl Pts',(32.8798950244776,0.866666575266207,60.4630640418024));
#3754=CARTESIAN_POINT('Ctrl Pts',(34.8667719597764,0.866639016909704,60.159265321311));
#3755=CARTESIAN_POINT('Ctrl Pts',(36.828374180013,0.866637373681481,59.8593312417646));
#3756=CARTESIAN_POINT('Ctrl Pts',(37.863058856789,0.866597852349468,59.7011251910741));
#3757=CARTESIAN_POINT('Ctrl Pts',(37.8866366328034,0.866674728393248,59.6975202379603));
#3758=CARTESIAN_POINT('Ctrl Pts',(38.8789127252036,0.872813377729485,59.5457993109152));
#3759=CARTESIAN_POINT('Ctrl Pts',(40.8079073216476,1.26250188232801,59.2512967673183));
#3760=CARTESIAN_POINT('Ctrl Pts',(43.29033154113,2.90034414311334,58.8732739233038));
#3761=CARTESIAN_POINT('Ctrl Pts',(44.9881671830214,5.35664544051972,58.6151960959585));
#3762=CARTESIAN_POINT('Ctrl Pts',(45.6557136725987,8.28045170538529,58.5138748174225));
#3763=CARTESIAN_POINT('Ctrl Pts',(45.2043209844186,11.2420256957411,58.5825571247465));
#3764=CARTESIAN_POINT('Ctrl Pts',(43.6727443575046,13.8220432530799,58.8154457585985));
#3765=CARTESIAN_POINT('Ctrl Pts',(41.926074385055,15.1772964600882,59.081286960295));
#3766=CARTESIAN_POINT('Ctrl Pts',(40.5681776400283,15.7744843032022,59.288253178952));
#3767=CARTESIAN_POINT('Ctrl Pts',(39.9905825156062,15.9661762161955,59.3763314056166));
#3768=CARTESIAN_POINT('Ctrl Pts',(39.4218963369572,16.112470599215,59.4630928583872));
#3769=CARTESIAN_POINT('Ctrl Pts',(38.9462840276898,16.1939432696176,59.5356893372483));
#3770=CARTESIAN_POINT('Ctrl Pts',(38.6396137723283,16.2271213633263,59.5825202352685));
#3771=CARTESIAN_POINT('Ctrl Pts',(38.614701233273,16.2297330323694,59.5863271210303));
#3772=CARTESIAN_POINT('Ctrl Pts',(38.5894376427476,16.2322950537613,59.5901903860465));
#3773=CARTESIAN_POINT('Ctrl Pts',(31.8990456742305,0.799999999999998,60.6804799375124));
#3774=CARTESIAN_POINT('Ctrl Pts',(32.8899504204413,0.799999999999998,60.5289680054263));
#3775=CARTESIAN_POINT('Ctrl Pts',(34.8768854574446,0.799972190168413,60.2251604320656));
#3776=CARTESIAN_POINT('Ctrl Pts',(36.8384124967201,0.799970868996364,59.9252378081343));
#3777=CARTESIAN_POINT('Ctrl Pts',(37.8732007794107,0.799930922538885,59.7670159683411));
#3778=CARTESIAN_POINT('Ctrl Pts',(37.8971467760705,0.800046349284446,59.763354562708));
#3779=CARTESIAN_POINT('Ctrl Pts',(38.8979417025979,0.809313309474212,59.6103303961351));
#3780=CARTESIAN_POINT('Ctrl Pts',(40.8411034007944,1.20838051122088,59.3132158809529));
#3781=CARTESIAN_POINT('Ctrl Pts',(43.336088379544,2.8640871931147,58.931726140285));
#3782=CARTESIAN_POINT('Ctrl Pts',(45.03983034509,5.33821068541393,58.6712195295658));
#3783=CARTESIAN_POINT('Ctrl Pts',(45.7089890597223,8.27892900574311,58.5689034087541));
#3784=CARTESIAN_POINT('Ctrl Pts',(45.256031220697,11.2570654315419,58.6381618491898));
#3785=CARTESIAN_POINT('Ctrl Pts',(43.7191053023318,13.8542033234256,58.873161849195));
#3786=CARTESIAN_POINT('Ctrl Pts',(41.9642646696128,15.2223604982893,59.1414815800097));
#3787=CARTESIAN_POINT('Ctrl Pts',(40.5983158823257,15.8274790689794,59.3503387286751));
#3788=CARTESIAN_POINT('Ctrl Pts',(40.0169438913283,16.022262964111,59.4392320294223));
#3789=CARTESIAN_POINT('Ctrl Pts',(39.4443880934172,16.1713187413896,59.5267773111462));
#3790=CARTESIAN_POINT('Ctrl Pts',(38.9652452221267,16.2548873583314,59.6000395116272));
#3791=CARTESIAN_POINT('Ctrl Pts',(38.6562250739476,16.2892615298486,59.6472895019852));
#3792=CARTESIAN_POINT('Ctrl Pts',(38.6311120808339,16.2919316500827,59.6511293444339));
#3793=CARTESIAN_POINT('Ctrl Pts',(38.6056443554728,16.2945080095451,59.6550234263727));
#3794=CARTESIAN_POINT('Ctrl Pts',(18.8108570942015,17.9380850460661,65.4322621992061));
#3795=CARTESIAN_POINT('Ctrl Pts',(19.2064212597241,17.9521152689404,65.3079861637253));
#3796=CARTESIAN_POINT('Ctrl Pts',(19.9347447331342,17.9120774559599,65.0476736637257));
#3797=CARTESIAN_POINT('Ctrl Pts',(20.5580977292262,17.8705397179985,64.7795964007527));
#3798=CARTESIAN_POINT('Ctrl Pts',(20.8581801491032,17.8525736853775,64.6407014659055));
#3799=CARTESIAN_POINT('Ctrl Pts',(18.7929037470851,17.8780617007133,65.3684158333131));
#3800=CARTESIAN_POINT('Ctrl Pts',(19.1845396909843,17.8930374202811,65.2454398780607));
#3801=CARTESIAN_POINT('Ctrl Pts',(19.9061546580103,17.8560949237586,64.9881505251645));
#3802=CARTESIAN_POINT('Ctrl Pts',(20.5286661526832,17.8135260941358,64.7205244737449));
#3803=CARTESIAN_POINT('Ctrl Pts',(20.8277241618433,17.7955672203515,64.5821729499243));
#3804=CARTESIAN_POINT('Ctrl Pts',(18.7749503999686,17.8180383553605,65.3045694674201));
#3805=CARTESIAN_POINT('Ctrl Pts',(19.1626581222445,17.8339595716219,65.182893592396));
#3806=CARTESIAN_POINT('Ctrl Pts',(19.8775645828864,17.8001123915572,64.9286273866032));
#3807=CARTESIAN_POINT('Ctrl Pts',(20.4992345761403,17.7565124702732,64.6614525467372));
#3808=CARTESIAN_POINT('Ctrl Pts',(20.7972681745835,17.7385607553254,64.5236444339432));
#3809=CARTESIAN_POINT('Ctrl Pts',(18.7569970528522,17.7580150100077,65.2407231015271));
#3810=CARTESIAN_POINT('Ctrl Pts',(19.1407765535046,17.7748817229626,65.1203473067314));
#3811=CARTESIAN_POINT('Ctrl Pts',(19.8489745077625,17.7441298593558,64.869104248042));
#3812=CARTESIAN_POINT('Ctrl Pts',(20.4698029995973,17.6994988464105,64.6023806197294));
#3813=CARTESIAN_POINT('Ctrl Pts',(20.7668121873236,17.6815542902993,64.4651159179621));
#3814=CARTESIAN_POINT('',(18.8108570942015,17.9380850460661,65.4322621992061));
#3815=CARTESIAN_POINT('Ctrl Pts',(16.2611321445035,17.4724632264364,66.0220995557767));
#3816=CARTESIAN_POINT('Ctrl Pts',(16.7996665203803,17.6554125780519,65.9406002882107));
#3817=CARTESIAN_POINT('Ctrl Pts',(17.6555084331807,17.8552110612515,65.7696159226881));
#3818=CARTESIAN_POINT('Ctrl Pts',(18.5187309875355,17.9277236565845,65.5240406704661));
#3819=CARTESIAN_POINT('Ctrl Pts',(18.8108570942015,17.9380850460661,65.4322621992061));
#3820=CARTESIAN_POINT('Ctrl Pts',(16.2710869589374,17.4117166394282,65.9531814318745));
#3821=CARTESIAN_POINT('Ctrl Pts',(16.8034171431477,17.5935961627125,65.8719948153356));
#3822=CARTESIAN_POINT('Ctrl Pts',(17.6494525293582,17.7929904855966,65.7023150274179));
#3823=CARTESIAN_POINT('Ctrl Pts',(18.5036786516556,17.8670020572137,65.4592341888484));
#3824=CARTESIAN_POINT('Ctrl Pts',(18.7929037470851,17.8780617007133,65.3684158333131));
#3825=CARTESIAN_POINT('Ctrl Pts',(16.2810417733712,17.3509700524199,65.8842633079722));
#3826=CARTESIAN_POINT('Ctrl Pts',(16.8071677659151,17.5317797473731,65.8033893424605));
#3827=CARTESIAN_POINT('Ctrl Pts',(17.6433966255357,17.7307699099418,65.6350141321477));
#3828=CARTESIAN_POINT('Ctrl Pts',(18.4886263157757,17.806280457843,65.3944277072306));
#3829=CARTESIAN_POINT('Ctrl Pts',(18.7749503999686,17.8180383553605,65.3045694674201));
#3830=CARTESIAN_POINT('Ctrl Pts',(16.2909965878051,17.2902234654117,65.81534518407));
#3831=CARTESIAN_POINT('Ctrl Pts',(16.8109183886825,17.4699633320337,65.7347838695853));
#3832=CARTESIAN_POINT('Ctrl Pts',(17.6373407217131,17.6685493342869,65.5677132368775));
#3833=CARTESIAN_POINT('Ctrl Pts',(18.4735739798958,17.7455588584722,65.3296212256129));
#3834=CARTESIAN_POINT('Ctrl Pts',(18.7569970528522,17.7580150100077,65.2407231015271));
#3835=CARTESIAN_POINT('',(16.2611321445035,17.4724632264364,66.0220995557767));
#3836=CARTESIAN_POINT('Ctrl Pts',(16.1967332645792,17.450299291457,66.031845380335));
#3837=CARTESIAN_POINT('Ctrl Pts',(16.2181744281473,17.4577743279643,66.0286005751659));
#3838=CARTESIAN_POINT('Ctrl Pts',(16.2396407339529,17.4651622261629,66.0253519650885));
#3839=CARTESIAN_POINT('Ctrl Pts',(16.2611321445035,17.4724632264364,66.0220995557767));
#3840=CARTESIAN_POINT('Ctrl Pts',(16.2074241194764,17.3896845690406,65.9628511317618));
#3841=CARTESIAN_POINT('Ctrl Pts',(16.2286221367872,17.3971143832978,65.9596445743827));
#3842=CARTESIAN_POINT('Ctrl Pts',(16.249843140437,17.4044583330308,65.9564213641525));
#3843=CARTESIAN_POINT('Ctrl Pts',(16.2710869589374,17.4117166394282,65.9531814318745));
#3844=CARTESIAN_POINT('Ctrl Pts',(16.2181149743736,17.3290698466242,65.8938568831886));
#3845=CARTESIAN_POINT('Ctrl Pts',(16.2390698454271,17.3364544386314,65.8906885735996));
#3846=CARTESIAN_POINT('Ctrl Pts',(16.2600455469211,17.3437544398986,65.8874907632166));
#3847=CARTESIAN_POINT('Ctrl Pts',(16.2810417733712,17.3509700524199,65.8842633079722));
#3848=CARTESIAN_POINT('Ctrl Pts',(16.2288058292709,17.2684551242078,65.8248626346155));
#3849=CARTESIAN_POINT('Ctrl Pts',(16.249517554067,17.2757944939649,65.8217325728164));
#3850=CARTESIAN_POINT('Ctrl Pts',(16.2702479534052,17.2830505467664,65.8185601622806));
#3851=CARTESIAN_POINT('Ctrl Pts',(16.2909965878051,17.2902234654117,65.81534518407));
#3852=CARTESIAN_POINT('Ctrl Pts',(16.2611321445035,17.4724632264364,66.0220995557767));
#3853=CARTESIAN_POINT('Ctrl Pts',(16.2396407339529,17.4651622261629,66.0253519650885));
#3854=CARTESIAN_POINT('Ctrl Pts',(16.2181744281473,17.4577743279643,66.0286005751659));
#3855=CARTESIAN_POINT('Ctrl Pts',(16.1967332645792,17.450299291457,66.031845380335));
#3856=CARTESIAN_POINT('Ctrl Pts',(14.0033398479946,2.41825728962335,66.3637832564353));
#3857=CARTESIAN_POINT('Ctrl Pts',(13.9635830437942,2.44724730349386,66.3697998647861));
#3858=CARTESIAN_POINT('Ctrl Pts',(13.9240894919206,2.4765879769277,66.375776633764));
#3859=CARTESIAN_POINT('Ctrl Pts',(13.8848622424886,2.50627631875059,66.3817131017789));
#3860=CARTESIAN_POINT('Ctrl Pts',(14.0360069564638,2.47841141297992,66.2917359425699));
#3861=CARTESIAN_POINT('Ctrl Pts',(13.9967050343037,2.5071408584047,66.2977469479013));
#3862=CARTESIAN_POINT('Ctrl Pts',(13.9576578790213,2.53621667829799,66.3036900446921));
#3863=CARTESIAN_POINT('Ctrl Pts',(13.9188689235856,2.56563593036341,66.3095658456644));
#3864=CARTESIAN_POINT('Ctrl Pts',(14.068674064933,2.53856553633649,66.2196886287045));
#3865=CARTESIAN_POINT('Ctrl Pts',(14.0298270248131,2.56703441331554,66.2256940310164));
#3866=CARTESIAN_POINT('Ctrl Pts',(13.9912262661219,2.59584537966828,66.2316034556203));
#3867=CARTESIAN_POINT('Ctrl Pts',(13.9528756046825,2.62499554197623,66.2374185895498));
#3868=CARTESIAN_POINT('Ctrl Pts',(14.1013411734022,2.59871965969306,66.1476413148391));
#3869=CARTESIAN_POINT('Ctrl Pts',(14.0629490153226,2.62692796822638,66.1536411141316));
#3870=CARTESIAN_POINT('Ctrl Pts',(14.0247946532226,2.65547408103857,66.1595168665484));
#3871=CARTESIAN_POINT('Ctrl Pts',(13.9868822857795,2.68435515358906,66.1652713334352));
#3872=CARTESIAN_POINT('Ctrl Pts',(13.8848622424886,2.50627631875059,66.3817131017789));
#3873=CARTESIAN_POINT('Ctrl Pts',(13.9240894919206,2.4765879769277,66.375776633764));
#3874=CARTESIAN_POINT('Ctrl Pts',(13.9635830437942,2.44724730349386,66.3697998647861));
#3875=CARTESIAN_POINT('Ctrl Pts',(14.0033398479946,2.41825728962335,66.3637832564353));
#3876=CARTESIAN_POINT('Origin',(36.9624363736274,0.,93.79561355683));
#3877=CARTESIAN_POINT('',(21.9712611301268,0.,63.8370644461228));
#3878=CARTESIAN_POINT('Origin',(10.0006958237495,0.,39.9149394099611));
#3879=CARTESIAN_POINT('',(14.0033398479934,0.,66.3637832564355));
#3880=CARTESIAN_POINT('Origin',(29.40750515334,0.,56.8214001115106));
#3881=CARTESIAN_POINT('Origin',(9.40179605813661,0.,67.0601593195889));
#3882=UNCERTAINTY_MEASURE_WITH_UNIT(LENGTH_MEASURE(0.01),#3886,
'DISTANCE_ACCURACY_VALUE',
'Maximum model space distance between geometric entities at asserted c
onnectivities');
#3883=UNCERTAINTY_MEASURE_WITH_UNIT(LENGTH_MEASURE(0.01),#3886,
'DISTANCE_ACCURACY_VALUE',
'Maximum model space distance between geometric entities at asserted c
onnectivities');
#3884=(
GEOMETRIC_REPRESENTATION_CONTEXT(3)
GLOBAL_UNCERTAINTY_ASSIGNED_CONTEXT((#3882))
GLOBAL_UNIT_ASSIGNED_CONTEXT((#3886,#3888,#3889))
REPRESENTATION_CONTEXT('','3D')
);
#3885=(
GEOMETRIC_REPRESENTATION_CONTEXT(3)
GLOBAL_UNCERTAINTY_ASSIGNED_CONTEXT((#3883))
GLOBAL_UNIT_ASSIGNED_CONTEXT((#3886,#3888,#3889))
REPRESENTATION_CONTEXT('','3D')
);
#3886=(
LENGTH_UNIT()
NAMED_UNIT(*)
SI_UNIT(.MILLI.,.METRE.)
);
#3887=(
LENGTH_UNIT()
NAMED_UNIT(*)
SI_UNIT($,.METRE.)
);
#3888=(
NAMED_UNIT(*)
PLANE_ANGLE_UNIT()
SI_UNIT($,.RADIAN.)
);
#3889=(
NAMED_UNIT(*)
SI_UNIT($,.STERADIAN.)
SOLID_ANGLE_UNIT()
);
#3890=SHAPE_DEFINITION_REPRESENTATION(#3891,#3892);
#3891=PRODUCT_DEFINITION_SHAPE('',$,#3894);
#3892=SHAPE_REPRESENTATION('',(#925),#3884);
#3893=PRODUCT_DEFINITION_CONTEXT('part definition',#3898,'design');
#3894=PRODUCT_DEFINITION('updated finget band','updated finget band v9',
#3895,#3893);
#3895=PRODUCT_DEFINITION_FORMATION('',$,#3900);
#3896=PRODUCT_RELATED_PRODUCT_CATEGORY('updated finget band v9',
'updated finget band v9',(#3900));
#3897=APPLICATION_PROTOCOL_DEFINITION('international standard',
'automotive_design',2009,#3898);
#3898=APPLICATION_CONTEXT(
'Core Data for Automotive Mechanical Design Process');
#3899=PRODUCT_CONTEXT('part definition',#3898,'mechanical');
#3900=PRODUCT('updated finget band','updated finget band v9',$,(#3899));
#3901=PRESENTATION_STYLE_ASSIGNMENT((#3902));
#3902=SURFACE_STYLE_USAGE(.BOTH.,#3903);
#3903=SURFACE_SIDE_STYLE('',(#3904));
#3904=SURFACE_STYLE_FILL_AREA(#3905);
#3905=FILL_AREA_STYLE('Steel - Satin',(#3906));
#3906=FILL_AREA_STYLE_COLOUR('Steel - Satin',#3907);
#3907=COLOUR_RGB('Steel - Satin',0.627450980392157,0.627450980392157,0.627450980392157);
ENDSEC;
END-ISO-10303-21;
